{"position":["9,11","9,11","9,11","9,11","12,12","13,12","13,14","13,14","13,14","13,13","13,13","11,12","8,9","8,8","8,7","7,7","7,7","8,4","9,3","9,3","5,3","4,3","4,3","4,3","7,3","12,3","14,2","16,1","17,2","17,3","17,6","16,7","17,9","17,9","20,9","20,9","21,12","22,13","23,14","26,15","29,15","31,14","33,15","35,16","37,15","39,16","41,16","43,15","44,16","45,17","49,16","49,16","50,19","50,20","49,20","46,22","44,22","44,22","44,25","44,27","44,27","45,26","46,27","50,29","51,31","51,31","50,34","50,35","48,35","45,35","45,35","45,37","45,37","45,37","45,36","47,36","49,35","49,34","49,29","49,28","49,28","46,28","43,27","43,26","43,23","43,18","43,18","41,18","39,19","38,20","36,24","35,25","35,27","37,30","37,31","35,34","35,34"],"rotationY":[0.0,0.0,0.0,57.161869049072269,74.82759857177735,24.391035079956056,26.029979705810548,86.17555236816406,146.87811279296876,196.4876708984375,257.02801513671877,228.84764099121095,225.22666931152345,179.82859802246095,221.57666015625,239.6209716796875,179.14373779296876,155.81549072265626,197.2849884033203,258.03973388671877,270.4846496582031,308.50567626953127,8.57147216796875,68.87333679199219,89.98300170898438,90.9775161743164,121.29106140136719,94.90127563476563,51.082733154296878,0.5931628346443176,343.8636779785156,340.0733947753906,18.863845825195314,73.6187973022461,93.26435089111328,32.28178024291992,17.05047035217285,56.05414581298828,99.62617492675781,79.24739074707031,101.08841705322266,98.22948455810547,65.62602996826172,89.32183074951172,98.01231384277344,76.23650360107422,110.12625122070313,87.64990234375,50.46841812133789,99.16354370117188,96.29283905029297,36.28279495239258,14.94242000579834,329.12518310546877,287.112060546875,297.1117248535156,278.0313720703125,338.6416015625,0.38452085852622988,35.31026077270508,96.1987075805664,109.17626190185547,60.01737976074219,60.01737976074219,31.439180374145509,334.2579345703125,352.1651611328125,302.5339660644531,273.18994140625,293.3368225097656,353.410888671875,316.4998474121094,255.80422973632813,194.81304931640626,144.56932067871095,107.00101470947266,134.83004760742188,180.60337829589845,180.60337829589845,217.4723663330078,278.0093994140625,259.41510009765627,241.5296173095703,191.78660583496095,179.83889770507813,180.85855102539063,241.09913635253907,277.63482666015627,301.875,341.10858154296877,325.67108154296877,342.2425231933594,17.157270431518556,26.27211570739746,332.8140563964844,342.066650390625,288.92864990234377],"time":101.88671875,"mapName":"uffici2.map","timeDecision":8.0,"timeScan":1.0000001192092896,"penalty_cost":2.0,"ip":"","os":"Windows 10  (10.0.0) 64bit"}