{"position":["9,11","9,11","9,11","9,11","12,12","14,13","14,13","13,15","11,15","7,17","4,17","1,16","1,16","1,16","3,16","3,16","3,13","3,13","3,13","3,13","4,13","5,10","5,10","5,10","5,12","5,15","7,16","8,18","8,21","8,22","10,22","10,22","10,25","10,25","10,25","9,24","9,21","10,19","11,17","13,17","13,17","14,17","14,17","15,21","15,25","15,27","14,27","14,27","14,31","14,31","15,31","19,30","20,29","23,29","23,29","24,33","24,35","23,37","21,37","19,37","14,37","14,37","14,37","14,37","19,37","23,37","24,36","24,36","24,32","24,27","24,25","23,25","19,25","17,25","17,24","17,21","17,21","19,21","19,21","23,21","26,21","27,20","27,20","27,20","27,20","29,20","33,19","36,19","37,20","37,20","36,22","33,23","30,24","30,25","29,29","29,30"],"rotationY":[0.0,0.0,0.0,60.459224700927737,74.44857788085938,37.283203125,340.0073547363281,306.22979736328127,284.2135314941406,289.6819763183594,265.8150329589844,247.00137329101563,186.1780548095703,125.75407409667969,106.6196060180664,166.9425506591797,190.60142517089845,235.44789123535157,175.39210510253907,114.8952407836914,148.88929748535157,154.29298400878907,93.48477172851563,33.457523345947269,359.4609069824219,21.851472854614259,51.80797576904297,16.851648330688478,359.9536437988281,48.7171630859375,78.17030334472656,17.68610382080078,359.6798400878906,298.9644470214844,237.40635681152345,197.29949951171876,179.6531219482422,148.85122680664063,116.95729064941406,83.1727066040039,44.254669189453128,76.0918197631836,17.58243179321289,6.648491859436035,359.01824951171877,325.46832275390627,285.90447998046877,346.3153991699219,357.15826416015627,57.256935119628909,100.77860260009766,114.94293212890625,97.81017303466797,74.63263702392578,13.731385231018067,11.80031681060791,338.4410705566406,307.163330078125,272.6554870605469,265.7247314453125,270.2649230957031,327.40283203125,27.99367332458496,86.55609130859375,90.57167053222656,93.58026885986328,132.72901916503907,186.92869567871095,180.96473693847657,179.9707489013672,214.44859313964845,263.7191162109375,270.6443176269531,235.85421752929688,183.80154418945313,165.92156982421876,105.09716033935547,70.52503967285156,81.16962432861328,88.60081481933594,113.354248046875,147.4443817138672,207.51116943359376,200.35650634765626,140.2930908203125,103.25267791748047,91.4224624633789,72.76676940917969,27.59296226501465,331.0139465332031,309.69976806640627,286.9720153808594,301.3692932128906,345.19940185546877,358.1803894042969,39.901676177978519],"time":101.0078125,"mapName":"uffici2.map","timeDecision":2.0,"timeScan":0.5,"penalty_cost":7.0,"ip":"","os":"Windows 10  (10.0.0) 64bit"}