{"position":["5,10","5,10","5,10","5,10","5,10","5,10","5,10","5,10","5,10","5,10","5,9","6,7","6,7","6,7","7,7","7,7","7,7","7,6","7,6","7,6","7,6","7,6","7,6","7,6","7,6","7,6","7,6","7,6","7,6","8,6","8,6","8,6","8,6","8,6","8,8","10,12","10,13","10,13","10,13","10,13","10,13","11,13","11,13","11,13","11,13","11,13","11,13","11,13","11,13","13,12","13,12","13,12","13,12","13,12","13,12","13,12","13,12","13,12","13,12"],"rotationY":[0.0,0.0,0.0,0.167917400598526,0.3395000398159027,0.4984693229198456,0.6452355980873108,0.769309401512146,0.8712167739868164,0.9441050291061401,0.9834595918655396,0.965486466884613,0.904151976108551,0.814882218837738,0.852868378162384,0.9307723045349121,0.9803738594055176,0.9860785007476807,0.9413793087005615,0.8677077293395996,0.7678595185279846,0.6439691185951233,0.5264835953712463,0.4827873706817627,0.4317041039466858,0.4529668390750885,0.45859187841415408,0.5069872736930847,0.6498216986656189,0.6810246109962463,0.5427557229995728,0.3832518756389618,0.21354174613952638,0.044418882578611377,0.15202464163303376,0.15202464163303376,0.0009361947304569185,0.03292561322450638,0.2076795995235443,0.3753679394721985,0.5311156511306763,0.6484609842300415,0.5856897234916687,0.5868208408355713,0.5973607301712036,0.6017247438430786,0.5728064179420471,0.6676152348518372,0.7883374094963074,0.8376290798187256,0.9202197790145874,0.9743799567222595,0.9986819624900818,0.9923508167266846,0.955390453338623,0.888615071773529,0.9026752710342407,0.9641908407211304,0.9957243800163269],"time":[63.681827545166019]}