{"position":["22,2","22,2","22,2","22,2","22,2","22,4","23,8","23,9","24,9","24,12","24,13","24,14","24,18","24,21","24,22","24,22","23,22","23,23","23,25","23,27","23,29","23,32","25,34","25,34","22,35","22,35","22,35","23,36","23,37","23,39","24,42","24,43","25,43","25,43","24,45","23,48","23,50","22,50","18,51","17,52","17,52","17,52","19,52","19,51","20,49","20,45","20,45","18,45","17,45","16,44","15,42","15,42","15,42","15,43","16,43","20,43","24,43","27,43","28,43","29,43","29,43","28,43","24,43","24,43","24,40","24,36","24,31","24,27","24,24","24,24","25,24","25,24","25,24","22,24","22,23","21,23","20,21","20,21","20,22","18,22","16,23","15,23","14,21","14,19","14,19","14,19","13,21","12,22","9,23","8,23","8,23","8,23","10,23","13,24","14,24","14,25"],"rotationY":[0.0,0.0,0.0,14.121234893798829,26.47332000732422,7.755068778991699,5.870525360107422,59.97129440307617,19.780160903930665,8.372878074645996,335.1913146972656,1.9628140926361085,347.52984619140627,9.890198707580567,355.6143493652344,295.4908447265625,321.9708251953125,6.233855247497559,4.900177955627441,5.670130729675293,6.168582916259766,22.261526107788087,13.424032211303711,312.42724609375,291.1965026855469,351.3689270019531,51.631439208984378,25.759963989257814,355.9609680175781,359.52117919921877,25.329498291015626,59.293296813964847,62.00570297241211,1.3063161373138428,344.77288818359377,349.8949890136719,316.85107421875,292.1639404296875,282.8174743652344,300.4796142578125,1.8890360593795777,62.22359085083008,100.89031982421875,150.37664794921876,180.42535400390626,180.82627868652345,240.85458374023438,267.18182373046877,248.92385864257813,204.69142150878907,222.3605194091797,283.4622802734375,343.7541809082031,39.22480010986328,84.53790283203125,92.14189147949219,89.65116882324219,76.82856750488281,98.03285217285156,153.8210906982422,215.6782989501953,264.21453857421877,268.569580078125,208.12167358398438,179.29283142089845,179.29283142089845,179.29283142089845,181.0353240966797,155.61703491210938,96.33818817138672,140.93692016601563,200.9554901123047,261.40863037109377,258.5135192871094,210.39205932617188,205.70518493652345,231.8291015625,292.48956298828127,318.5843811035156,281.14501953125,280.5037536621094,239.2340087890625,208.39727783203126,183.18080139160157,243.78759765625,303.96441650390627,330.6204528808594,288.2383117675781,295.9771728515625,314.306884765625,8.744152069091797,69.33042907714844,94.99031829833985,71.92074584960938,48.18560791015625,8.095330238342286],"time":101.5625,"mapName":"open1.map","timeDecision":0.30000001192092898,"timeScan":0.03999999910593033,"penalty_cost":40.0,"ip":"","os":"Windows 10  (10.0.0) 64bit"}