{"position":["9,11","9,11","9,11","9,11","12,12","13,12","13,15","13,15","11,15","7,16","6,16","5,14","5,13","6,13","6,13","6,13","5,13","5,13","3,9","3,9","3,9","3,11","3,15","2,19","1,21","2,21","2,22","3,26","3,27","3,27","3,27","3,23","3,20","3,20","7,20","8,20","8,22","8,24","8,24","8,24","9,20","11,17","11,17","14,17","14,18","15,21","15,24","17,25","20,27","23,28","23,28","25,25","25,25","25,26","26,28","25,32","25,35","24,36","20,38","20,38","20,37","19,35","18,35","15,36","15,36","15,36","17,36","17,36","17,36","15,36","15,35","14,33","14,32","16,32","17,31","17,30","17,25","17,21","17,21","19,21","22,21","25,21","28,20","32,19","35,19","35,19","36,21","36,22","34,22","30,23","29,23","29,24","29,28","30,30"],"rotationY":[0.0,0.0,0.0,56.77113342285156,74.96771240234375,24.83051109313965,359.2893371582031,302.1992492675781,285.33929443359377,273.2750549316406,228.68991088867188,198.0021209716797,151.73239135742188,101.66371154785156,158.4099578857422,218.8363800048828,269.544677734375,211.8531036376953,208.13092041015626,268.9133605957031,329.39971923828127,359.9268493652344,345.99639892578127,345.99639892578127,27.414918899536134,67.11244201660156,17.031875610351564,7.871667385101318,51.8795051574707,112.81686401367188,172.91575622558595,180.45751953125,157.5005645751953,102.27251434326172,89.24811553955078,39.616065979003909,3.658390998840332,36.92856216430664,97.93136596679688,159.08853149414063,162.14315795898438,148.5132293701172,92.828369140625,68.18412017822266,16.843894958496095,2.0211362838745119,17.67960548400879,53.02644348144531,62.115333557128909,81.61730194091797,142.1428680419922,135.66116333007813,75.02690887451172,22.372953414916993,354.1924743652344,346.0924072265625,346.7425842285156,307.58673095703127,297.4997253417969,242.0648193359375,201.87583923339845,239.671875,281.6570129394531,308.767578125,9.639252662658692,69.9685287475586,56.82569122314453,356.5018005371094,296.2329406738281,256.826416015625,210.2305450439453,180.59022521972657,132.09237670898438,95.9088363647461,135.04624938964845,180.02174377441407,180.02174377441407,175.0740203857422,114.87265014648438,78.62815856933594,87.21585845947266,107.16352844238281,93.11598205566406,104.15361785888672,84.64089965820313,30.561738967895509,2.2184181213378908,307.5604553222656,285.8162536621094,272.7861633300781,314.83447265625,0.11453021317720413,11.92673397064209,33.70515823364258],"time":98.857421875,"mapName":"uffici2.map","timeDecision":3.0,"timeScan":0.10000000149011612,"penalty_cost":10.0,"ip":"","os":"Windows 10  (10.0.0) 64bit"}