{"position":["9,11","9,11","9,11","9,11","12,12","13,12","13,15","13,15","11,16","9,17","6,17","6,16","5,14","5,10","5,10","3,11","3,11","3,11","3,11","3,15","2,16","1,17","1,17","3,17","6,17","7,18","8,20","6,23","6,24","7,26","9,26","11,26","11,26","11,26","9,25","9,22","9,20","11,17","13,17","13,17","15,20","16,22","17,24","20,24","24,24","24,24","25,28","25,31","25,35","24,37","23,37","19,37","14,37","14,37","14,37","14,37","18,37","23,37","23,37","23,37","22,37","19,36","19,35","18,32","17,30","17,30","14,31","14,31","13,27","14,26","14,25","14,21","13,17","13,17","13,17","13,17","15,17","19,18","19,18","20,18","22,20","23,21","25,20","27,19","31,20","35,20","37,20","37,20","36,21","36,22","34,22","30,24","28,26","28,26","29,30"],"rotationY":[0.0,0.0,0.0,60.548057556152347,74.32246398925781,20.735952377319337,357.4919738769531,297.1472473144531,300.13739013671877,274.2803039550781,251.23678588867188,201.8841094970703,180.12139892578126,193.93768310546876,254.3368377685547,292.0926208496094,343.96624755859377,44.82741165161133,16.823999404907228,2.807553291320801,318.07757568359377,352.2969665527344,52.77054214477539,90.6190185546875,70.4188003540039,30.407424926757814,355.4537353515625,332.93994140625,13.099543571472168,49.62730407714844,87.13845825195313,118.01131439208985,178.27566528320313,236.06411743164063,200.06341552734376,179.63900756835938,147.9581298828125,130.0317840576172,94.49423217773438,35.84808349609375,40.99812316894531,22.704694747924806,62.374935150146487,90.01859283447266,87.40721893310547,27.16334342956543,17.346866607666017,359.7734375,351.7025146484375,319.90936279296877,272.87860107421877,269.4062194824219,269.4062194824219,214.823486328125,154.26998901367188,93.61388397216797,91.5971908569336,89.61795043945313,145.0493927001953,205.07093811035157,254.9936981201172,235.35137939453126,183.35488891601563,199.72671508789063,230.19662475585938,285.0537109375,260.32550048828127,199.6741180419922,190.4437255859375,142.9467010498047,180.7365264892578,193.0089874267578,198.94970703125,242.40138244628907,181.86676025390626,121.66092681884766,84.03215026855469,76.23072814941406,40.50566101074219,68.56512451171875,49.05531692504883,94.64009857177735,120.91325378417969,80.2238540649414,82.80216217041016,90.32427215576172,61.824764251708987,1.4938843250274659,325.7130126953125,312.75823974609377,285.3982849121094,293.428955078125,314.37628173828127,12.010092735290528,17.094655990600587],"time":99.84375,"mapName":"uffici2.map","timeDecision":5.0,"timeScan":0.5,"penalty_cost":4.0,"ip":"","os":"Windows 10  (10.0.0) 64bit"}