{"position":["9,11","9,11","9,11","9,11","12,12","13,12","13,15","13,15","12,15","9,17","6,16","5,16","5,14","5,9","5,9","5,9","5,10","5,14","5,15","5,15","5,15","3,15","2,17","1,19","2,21","2,24","3,26","3,26","3,25","3,22","3,20","4,20","6,20","9,22","10,22","10,23","10,26","9,27","8,27","8,27","9,25","9,22","9,19","11,17","13,17","13,17","14,20","15,23","15,26","15,26","14,26","14,29","14,32","14,32","18,32","18,32","18,32","17,34","17,35","14,36","14,36","14,36","16,36","20,37","24,37","26,37","26,37","25,33","26,31","25,29","25,25","25,25","22,24","18,24","17,24","17,23","17,21","18,21","19,21","19,22","19,22","22,21","26,21","26,21","26,20","29,19","32,19","36,19","36,19","36,22","36,26","37,30","37,30","39,30","39,30","39,30","35,32"],"rotationY":[0.0,0.0,0.0,60.99030303955078,74.9141845703125,20.126087188720704,358.77392578125,298.3604736328125,299.4360656738281,276.9659729003906,259.5038757324219,209.43202209472657,180.45333862304688,179.44500732421876,118.69288635253906,58.573699951171878,9.335562705993653,359.7979431152344,42.02098083496094,341.9639892578125,281.6175842285156,304.1827392578125,329.6748046875,6.982945919036865,8.364006996154786,20.162731170654298,53.52096176147461,113.72218322753906,162.7742919921875,181.71975708007813,146.92662048339845,93.1970443725586,66.15365600585938,48.499732971191409,53.65497970581055,2.8399600982666017,342.5238037109375,301.56402587890627,250.146240234375,189.74957275390626,164.146240234375,180.05824279785157,150.20655822753907,126.3547134399414,92.92350769042969,32.02230453491211,18.69244384765625,0.5755472779273987,337.1501770019531,278.84649658203127,328.5660095214844,355.81597900390627,14.338500022888184,75.03816223144531,87.39076232910156,30.815723419189454,330.5061950683594,352.923583984375,308.18975830078127,298.54083251953127,359.0164794921875,59.57297134399414,90.1734619140625,78.24542999267578,89.40966796875,121.47528839111328,182.47117614746095,190.23574829101563,161.4651641845703,193.21986389160157,183.78067016601563,236.15420532226563,258.85540771484377,270.258056640625,227.4934539794922,184.0224609375,144.2725372314453,95.14774322509766,51.12921905517578,15.316018104553223,75.42584991455078,101.12749481201172,94.36856842041016,151.72698974609376,127.75057220458985,105.08949279785156,90.13028717041016,75.81224822998047,15.214359283447266,359.6497802734375,14.035621643066407,18.39453887939453,79.21979522705078,53.9224739074707,353.4689025878906,297.0596008300781,289.116943359375],"time":101.9140625,"mapName":"uffici2.map","timeDecision":5.0,"timeScan":0.6000000238418579,"penalty_cost":5.0,"ip":"","os":"Windows 10  (10.0.0) 64bit"}