{"position":["9,11","9,11","9,11","9,11","12,12","13,12","13,15","13,15","11,16","9,17","5,16","5,16","5,13","5,13","6,13","6,13","6,13","5,13","4,13","3,10","3,9","3,9","3,9","3,14","3,15","2,15","2,16","2,20","3,22","4,25","4,25","4,25","3,24","3,21","3,20","5,20","8,20","10,18","11,17","13,17","14,19","15,22","15,25","14,29","15,31","15,31","15,31","15,30","17,30","17,30","18,27","19,26","20,27","22,28","23,30","23,31","23,31","23,31","23,30","23,30","24,31","24,32","24,35","23,37","23,37","22,36","22,36","23,36","26,35","26,34","26,29","26,27","26,27","22,27","18,26","17,26","17,24","17,21","17,21","20,21","25,21","26,21","26,20","27,20","31,20","33,20","37,20","37,20","37,20","36,22","34,22","32,23","30,25","29,28","29,31","30,32"],"rotationY":[0.0,0.0,0.0,61.26335525512695,74.29049682617188,19.41326141357422,355.7016906738281,295.15386962890627,299.7585144042969,271.63873291015627,259.4078674316406,202.75491333007813,179.9010467529297,123.54393005371094,76.86988830566406,16.32508659362793,315.37396240234377,270.17877197265627,219.38967895507813,196.63449096679688,238.7272186279297,299.36395263671877,359.1257019042969,0.8401191234588623,317.3392639160156,298.9238586425781,348.8042297363281,0.8029240965843201,22.320554733276368,2.2814176082611086,301.3597717285156,240.904052734375,199.06268310546876,179.75926208496095,130.80410766601563,93.06827545166016,105.291259765625,132.39149475097657,97.06847381591797,55.86647033691406,26.09817123413086,13.737606048583985,346.93243408203127,353.8016357421875,26.837749481201173,87.25067901611328,147.44717407226563,125.59732055664063,104.77268981933594,164.84548950195313,150.33506774902345,109.3789291381836,60.99847412109375,36.13840103149414,4.34190034866333,321.0451354980469,260.5179138183594,199.84901428222657,155.0139923095703,94.71771240234375,51.31238555908203,1.112402319908142,344.5240173339844,313.1351013183594,252.56973266601563,210.88719177246095,150.58255004882813,107.65299224853516,131.89833068847657,180.0867156982422,180.0867156982422,207.1019287109375,268.0066223144531,270.81292724609377,258.65509033203127,212.2301025390625,179.15248107910157,158.6431427001953,98.63040161132813,89.4188461303711,89.4188461303711,135.55496215820313,153.5284423828125,102.5899887084961,89.68795013427735,88.05984497070313,80.36941528320313,19.746583938598634,322.6579284667969,325.82763671875,287.48370361328127,310.4183349609375,340.2816467285156,358.4516906738281,9.987277030944825,54.05389404296875],"time":101.03125,"mapName":"uffici2.map","timeDecision":6.0,"timeScan":0.6000000238418579,"penalty_cost":1.0,"ip":"","os":"Windows 10  (10.0.0) 64bit"}