{"position":{"x":48.146873474121097,"y":3.8499999046325685,"z":153.85572814941407},"rotation":{"x":0.0,"y":0.06942732632160187,"z":0.0,"w":0.9975870847702026}}