{"position":["9,11","9,11","9,11","9,11","12,12","14,13","14,13","13,15","12,15","8,15","6,15","5,15","5,13","5,13","6,13","6,13","6,13","5,13","4,11","3,9","3,9","3,10","3,14","2,16","1,18","2,21","3,26","4,27","4,27","4,27","3,24","3,20","3,20","6,20","8,20","8,20","7,21","7,24","7,26","7,26","9,25","9,24","9,20","10,18","11,17","13,17","13,18","15,21","15,24","14,25","14,28","14,32","14,32","17,32","18,32","18,32","17,33","17,35","16,35","16,35","16,35","19,36","23,36","24,36","24,36","23,35","24,34","26,30","26,28","26,25","26,25","23,26","21,25","19,25","17,25","17,24","17,21","17,21","21,21","24,21","26,22","26,22","26,20","28,20","31,19","35,19","37,20","37,20","36,21","36,22","32,23","29,25","28,26","29,28","29,30"],"rotationY":[0.0,0.0,0.0,60.52606964111328,74.38027954101563,39.06271743774414,338.856689453125,309.05914306640627,269.737548828125,255.28582763671876,266.6882629394531,213.95664978027345,178.07420349121095,117.32284545898438,128.5404815673828,189.50782775878907,249.79962158203126,238.89511108398438,210.2825469970703,245.55130004882813,306.2655944824219,357.5404968261719,0.5671338438987732,330.0985412597656,4.4350810050964359,18.19159507751465,18.19159507751465,62.697593688964847,123.3074951171875,183.4119110107422,183.52232360839845,174.55377197265626,113.59845733642578,89.99201965332031,59.07511901855469,358.5973205566406,335.7103576660156,0.26109594106674197,31.37139320373535,91.6628646850586,123.3907699584961,172.38929748535157,180.40032958984376,149.5970001220703,108.8537368774414,76.1451187133789,30.337125778198243,14.438186645507813,353.8525085449219,332.0052490234375,356.126708984375,2.7991158962249758,63.413238525390628,87.37681579589844,42.67582321166992,342.0906982421875,347.24176025390627,321.2705993652344,298.14630126953127,359.0307312011719,59.77347946166992,75.76813507080078,90.59676361083985,136.12071228027345,196.3206329345703,191.059814453125,149.3275604248047,154.79347229003907,180.93798828125,208.26455688476563,268.4646911621094,281.44293212890627,236.72384643554688,266.22607421875,233.43283081054688,182.6399688720703,162.75997924804688,102.36602783203125,89.7845230102539,76.48007202148438,110.95194244384766,171.62039184570313,144.61953735351563,104.9029541015625,95.52369689941406,81.36647033691406,49.82372283935547,349.1647033691406,343.389404296875,290.12799072265627,293.441162109375,303.63555908203127,348.76849365234377,15.515710830688477,29.108829498291017],"time":99.87890625,"mapName":"uffici2.map","timeDecision":10.0,"timeScan":0.7000000476837158,"penalty_cost":3.0,"ip":"","os":"Windows 10  (10.0.0) 64bit"}