{"position":["22,2","22,2","22,2","22,2","22,3","21,4","21,5","21,6","21,8","22,9","22,9","21,9","21,11","19,12","18,12","17,12","16,13","15,15","14,14","13,14","11,14","9,14","8,14","7,14","7,14","7,14","11,14","15,14","19,14","20,14","21,15","21,15","22,18","22,18","21,19","20,20","20,22","21,23","21,24","21,26","22,26","21,27","21,28","21,29","22,31","21,31","20,33","20,34","19,34","20,35","21,36","21,37","22,39","21,41","20,43","18,43","15,43","15,43","15,43","16,43","20,43","20,43","21,45","21,45","22,46","22,47","21,48","21,48","20,50","20,51","18,51","17,51","17,51","17,51","21,51","23,50","24,49","24,46","24,46","23,46","23,46","24,45","24,45","23,45","20,44","20,44","20,40","20,36","20,36","17,36","14,36","14,36","14,35","14,34","15,34","15,33"],"rotationY":[0.0,0.0,0.0,347.4769592285156,331.07269287109377,353.51275634765627,336.2339782714844,12.635176658630371,14.162590026855469,51.746002197265628,349.9842529296875,310.7522888183594,335.6648254394531,294.2439880371094,282.8515625,290.6304016113281,327.75787353515627,293.011962890625,259.3340759277344,268.73858642578127,257.61065673828127,294.1441650390625,258.5770263671875,224.42892456054688,164.24798583984376,102.04264831542969,83.72600555419922,92.39921569824219,90.85063171386719,77.48686981201172,53.62966537475586,20.261180877685548,4.984510898590088,324.9491882324219,317.8120422363281,336.5423583984375,6.419666290283203,37.032806396484378,357.54510498046877,26.169973373413087,333.2479248046875,359.023681640625,338.06219482421877,7.140040874481201,338.9019775390625,330.50994873046877,329.35308837890627,287.51226806640627,343.54864501953127,31.512529373168947,37.35917663574219,13.586731910705567,9.222172737121582,344.989013671875,308.4066162109375,275.3701171875,256.82586669921877,195.86245727539063,134.28907775878907,88.71388244628906,75.62461853027344,16.097850799560548,34.04947280883789,44.7946662902832,7.76092529296875,337.0767517089844,291.9144287109375,347.2386474609375,349.96636962890627,291.75518798828127,282.3009033203125,330.8197937011719,31.268030166625978,92.87673950195313,103.21208190917969,132.693359375,174.9389190673828,193.12074279785157,253.5128173828125,217.2156982421875,156.88150024414063,155.9310760498047,219.1074676513672,268.87847900390627,242.0731658935547,186.84165954589845,180.3125762939453,191.1683807373047,252.60763549804688,272.4974365234375,257.02197265625,196.83642578125,186.23870849609376,135.8978729248047,119.37635040283203,167.88385009765626],"time":101.6640625,"mapName":"open1.map","timeDecision":0.10000000149011612,"timeScan":0.04999999701976776,"penalty_cost":50.0,"ip":"","os":"Windows 10  (10.0.0) 64bit"}