{"position":["9,11","9,11","9,11","9,11","9,11","9,11","9,7","9,7","11,7","13,8","13,9","13,9","17,10","19,9","20,9","21,6","21,6","22,5","22,5","22,5","22,6","20,9","20,10","21,13","22,14","25,14","28,16","29,16","31,15","35,14","37,14","39,15","42,16","42,16","42,16","44,18","44,18","45,19","47,21","49,22","50,25","50,26","48,27","46,28","46,29","44,29","44,29","44,29","44,29","44,29","44,31","44,33","44,34","44,37","44,37","45,36","47,36","49,36","49,36","49,36","49,35","49,31","49,26","49,22","49,22","49,19","49,15","49,15","49,15","49,16","49,16","48,16","46,17","44,19","43,22","42,23","43,23","43,23","43,22","43,18","43,18","41,18","40,19","39,20","39,20","39,22","39,22","37,26","37,28","37,31","37,31","37,31","36,32"],"rotationY":[0.0,0.0,0.0,56.692527770996097,117.03588104248047,177.56004333496095,175.26145935058595,115.0140380859375,78.73204803466797,47.45838928222656,3.169682502746582,63.70673370361328,74.66350555419922,103.9541015625,152.26271057128907,160.38172912597657,110.74177551269531,142.8452911376953,81.21736907958985,20.964874267578126,334.5942687988281,327.8409423828125,10.74980354309082,33.61148452758789,68.74872589111328,77.72229766845703,64.56951141357422,114.61872863769531,104.22875213623047,104.22875213623047,60.145286560058597,84.72943878173828,75.0920639038086,125.4256591796875,64.81660461425781,42.80757141113281,353.1056213378906,41.61431121826172,58.59198760986328,38.189022064208987,14.376465797424317,332.9751281738281,298.9525146484375,326.553466796875,276.43280029296877,318.00091552734377,269.7103271484375,208.9955596923828,258.7347106933594,320.0604248046875,0.4025633633136749,30.075519561767579,2.0114729404449465,29.81689453125,90.20356750488281,128.036376953125,91.24543762207031,57.148223876953128,64.9488525390625,125.9027099609375,176.8784942626953,180.1526336669922,180.1526336669922,186.56509399414063,173.87661743164063,185.25465393066407,179.0235137939453,118.47127532958985,58.33160400390625,9.57724380493164,308.9512939453125,270.24456787109377,311.7469482421875,332.2092590332031,334.5960998535156,23.31043243408203,73.41195678710938,134.1072998046875,181.00033569335938,189.0059051513672,249.13485717773438,283.3547668457031,329.36090087890627,291.9634094238281,350.237548828125,26.50518226623535,343.919921875,335.513916015625,356.6153869628906,25.048179626464845,45.04818344116211,344.0218811035156,298.7097473144531],"time":98.12109375,"mapName":"uffici2.map","timeDecision":1.0,"timeScan":0.9000000953674316,"penalty_cost":2.0,"ip":"","os":"Windows 10  (10.0.0) 64bit"}