{"position":["9,11","9,11","9,11","9,11","12,12","13,12","13,15","13,15","10,16","7,16","5,15","5,14","6,11","6,9","6,9","5,10","5,11","5,15","5,15","8,15","9,15","9,15","9,15","6,15","4,15","1,17","1,18","2,22","2,25","2,25","3,24","3,24","3,20","3,20","6,20","8,20","8,21","8,25","8,27","8,27","8,27","9,24","9,20","10,18","11,17","13,17","14,18","16,21","17,24","18,24","22,24","25,24","25,24","25,28","25,32","25,37","25,37","23,37","20,37","19,35","17,32","17,30","17,30","14,30","14,30","14,29","14,29","14,29","14,33","14,36","14,36","17,36","17,36","17,32","17,28","17,23","17,21","18,21","20,22","21,22","25,21","29,19","32,19","35,19","36,20","36,22","36,22","33,23","29,23","28,23","28,23","29,24","30,24","30,28","30,29"],"rotationY":[0.0,0.0,0.0,57.515342712402347,74.44053649902344,23.380626678466798,359.6202392578125,298.8127746582031,285.0534362792969,258.6213073730469,227.66543579101563,185.8824462890625,165.91925048828126,204.9864501953125,265.8096923828125,311.3265380859375,356.9486389160156,5.710090160369873,66.6585464477539,87.95784759521485,129.05331420898438,190.0233154296875,250.73590087890626,270.531005859375,302.30389404296877,312.945068359375,6.817105293273926,11.854387283325196,18.159454345703126,78.81094360351563,126.0807876586914,179.7423858642578,168.80841064453126,108.3214111328125,89.95186614990235,51.300148010253909,3.5908524990081789,359.6166076660156,36.57416534423828,97.01496887207031,151.18971252441407,179.05474853515626,175.0984344482422,151.1437530517578,102.31642150878906,68.69368743896485,29.93448257446289,34.72682189941406,30.66588592529297,79.05934143066406,89.98736572265625,72.92393493652344,12.324707984924317,1.9143316745758057,358.96624755859377,358.96624755859377,300.6068420410156,269.81268310546877,242.28717041015626,211.6619873046875,203.72943115234376,192.1753692626953,252.81887817382813,255.7133026123047,195.44203186035157,235.2534942626953,296.1067199707031,356.2159729003906,0.33644843101501467,26.54412269592285,86.13099670410156,109.29457092285156,166.107421875,180.02345275878907,180.02345275878907,180.99801635742188,149.42185974121095,100.98965454101563,65.47576141357422,100.7004623413086,114.09431457519531,105.57636260986328,93.22367858886719,68.46798706054688,31.022302627563478,351.6482238769531,290.55352783203127,284.61627197265627,272.3096618652344,317.9401550292969,18.107515335083009,58.9536247253418,5.277711868286133,354.52545166015627,10.722617149353028],"time":99.86328125,"mapName":"uffici2.map","timeDecision":7.0,"timeScan":0.20000000298023225,"penalty_cost":4.0,"ip":"","os":"Windows 10  (10.0.0) 64bit"}