{"position":["9,11","9,11","9,11","9,11","12,12","13,12","13,15","13,15","10,16","6,16","6,16","5,14","5,13","6,13","6,13","6,13","5,13","4,11","3,9","3,9","3,9","3,13","2,17","1,21","2,23","3,25","3,25","3,24","3,21","3,20","5,20","7,21","9,22","11,25","11,25","9,25","7,26","7,26","7,26","9,25","9,23","9,20","11,17","11,17","14,17","14,18","15,21","15,24","14,27","14,30","14,30","16,30","19,28","20,27","22,28","24,29","25,32","25,36","25,36","22,37","20,37","19,36","19,35","16,36","15,36","15,36","16,36","20,36","23,36","25,34","25,33","25,29","25,24","25,24","23,24","18,24","17,24","17,22","17,21","18,21","19,21","21,21","24,21","27,20","31,20","36,20","36,20","36,21","36,21","35,21","35,23","35,26","36,30","37,32","35,32"],"rotationY":[0.0,0.0,0.0,60.476741790771487,74.42024993896485,20.14012336730957,356.8349304199219,296.3099365234375,283.3936767578125,270.0966796875,211.02886962890626,180.04669189453126,132.36767578125,121.37769317626953,181.4301300048828,242.0582275390625,247.91427612304688,210.18795776367188,235.91702270507813,296.6066589355469,356.7705383300781,0.42514634132385256,345.4960021972656,349.4892272949219,23.30043601989746,53.03046798706055,113.15361785888672,162.43739318847657,179.98680114746095,129.1883544921875,93.79601287841797,66.92665100097656,34.71836853027344,21.412004470825197,321.18267822265627,287.513671875,254.80953979492188,193.90646362304688,133.89407348632813,144.5484161376953,180.8840789794922,160.60324096679688,146.97116088867188,93.18760681152344,66.96453094482422,16.78550148010254,0.3195197284221649,342.2543029785156,355.93280029296877,24.151411056518556,79.0013198852539,114.41987609863281,133.72560119628907,95.98804473876953,66.6080093383789,29.692710876464845,15.849068641662598,0.9298661351203919,303.222900390625,286.6142883300781,250.4468994140625,209.68212890625,259.8892822265625,281.3363952636719,329.26141357421877,30.045251846313478,83.3553695678711,90.80492401123047,108.90702056884766,131.2440948486328,177.5425262451172,180.79087829589845,180.79087829589845,239.82168579101563,267.5118103027344,269.8818054199219,223.0453338623047,184.44337463378907,138.71829223632813,96.11187744140625,48.06618118286133,87.11187744140625,107.6791763305664,93.40777587890625,89.89479064941406,89.89479064941406,31.856901168823243,344.21044921875,284.1605529785156,319.3670959472656,0.5239770412445068,12.808974266052246,14.20987606048584,331.11370849609377,285.8061828613281],"time":99.79266357421875,"mapName":"uffici2.map","timeDecision":8.0,"timeScan":0.10000000149011612,"penalty_cost":0.0,"ip":"","os":"Windows 10  (10.0.0) 64bit"}