{"position":["9,11","9,11","9,11","9,11","9,11","11,11","12,11","12,11","13,14","13,14","13,14","13,15","13,17","14,17","14,17","13,17","11,17","8,20","8,20","9,22","10,25","10,25","10,25","9,24","7,20","6,20","3,20","3,20","3,20","3,20","3,22","3,25","3,25","2,24","2,24","2,20","2,16","3,13","3,13","3,11","3,11","3,11","5,15","5,15","9,15","12,15","15,17","15,18","15,22","15,25","14,28","14,30","15,30","17,30","18,30","21,29","23,29","23,31","24,33","22,36","22,37","18,37","14,37","13,37","13,37","13,37","17,37","22,37","22,37","24,34","24,31","24,27","24,26","22,26","17,26","17,26","17,24","17,21","17,21","19,21","21,21","25,21","27,20","30,20","34,19","35,19","36,21","36,23","36,26","37,29","38,30","38,30","37,31"],"rotationY":[0.0,0.0,0.0,62.387481689453128,108.71794891357422,80.02659606933594,94.35462188720703,34.02925491333008,24.777671813964845,70.39356994628906,9.717907905578614,336.03179931640627,13.876456260681153,20.7627010345459,317.8569030761719,270.4774475097656,304.5932312011719,319.67376708984377,14.39880084991455,30.476728439331056,11.734047889709473,310.1774597167969,248.19973754882813,206.53884887695313,207.3878936767578,249.64108276367188,274.08502197265627,242.88052368164063,303.4591369628906,3.888953924179077,10.664321899414063,349.0030822753906,288.7014465332031,236.23779296875,182.54115295410157,180.32000732421876,165.2414093017578,168.3966522216797,182.98619079589845,151.0679168701172,90.4212646484375,29.752260208129884,21.76278305053711,77.71469116210938,90.78451538085938,69.79037475585938,56.05600357055664,11.053393363952637,359.6990661621094,342.6048583984375,355.4746398925781,37.276123046875,86.76472473144531,119.20056915283203,110.67457580566406,92.4803695678711,50.42929458618164,20.47439193725586,347.73681640625,332.2599182128906,281.08197021484377,271.31866455078127,270.31036376953127,221.4670867919922,161.40887451171876,100.44603729248047,92.31566619873047,90.32746887207031,143.4585418701172,160.36557006835938,180.48728942871095,181.48162841796876,235.76242065429688,269.744873046875,270.7831115722656,216.60260009765626,179.17311096191407,160.20965576171876,102.73094940185547,65.44139862060547,87.4929428100586,94.88581848144531,103.69923400878906,104.03822326660156,95.8689956665039,46.24673843383789,12.676709175109864,357.8145446777344,15.612622261047364,33.978607177734378,40.76945495605469,340.5560607910156,300.8753967285156],"time":98.37637329101563,"mapName":"uffici2.map","timeDecision":1.0,"timeScan":0.10000000149011612,"penalty_cost":0.0,"ip":"","os":"Windows 10  (10.0.0) 64bit"}