{"position":["22,2","22,2","22,2","22,3","22,3","22,4","21,5","21,6","21,8","22,8","22,9","22,9","23,11","25,12","28,12","28,12","28,12","28,12","27,12","25,12","23,13","23,14","23,17","23,18","23,19","24,21","24,22","24,22","23,22","23,23","23,23","23,24","23,25","23,26","24,27","23,28","23,30","23,31","23,32","25,34","25,34","24,34","23,35","23,37","23,39","23,40","24,42","25,43","25,43","24,44","23,46","23,47","23,47","24,48","23,49","23,50","23,50","20,51","18,51","17,51","17,51","17,51","20,51","20,51","20,48","20,45","20,45","18,45","17,44","15,42","15,42","15,42","15,42","15,43","16,43","20,43","20,43","20,40","20,36","20,36","23,36","26,36","26,36","26,36","24,36","21,35","20,34","20,34","19,34","16,34","14,34","14,34","14,34"],"rotationY":[0.0,0.0,0.0,344.285400390625,0.7296135425567627,330.94512939453127,7.197039604187012,353.37957763671877,358.89813232421877,48.13029861450195,23.309505462646486,24.689922332763673,55.99052810668945,88.12948608398438,71.20531463623047,94.73534393310547,155.57937622070313,216.2447967529297,267.7335205078125,298.5528564453125,318.7782287597656,352.720458984375,0.012667590752243996,15.679326057434082,32.93398666381836,8.22525691986084,10.090229988098145,312.9931640625,314.76287841796877,337.135986328125,37.407718658447269,26.19165802001953,346.5903015136719,0.01620832458138466,42.744205474853519,351.80364990234377,358.0058288574219,344.8111572265625,30.210569381713868,56.116615295410159,354.5948791503906,302.2659912109375,332.4610900878906,3.764019012451172,331.5429992675781,22.38406753540039,47.44287872314453,37.14130401611328,337.0143127441406,312.5748291015625,355.20562744140627,342.2665100097656,42.54159164428711,6.962701320648193,334.3790588378906,331.35009765625,278.7090759277344,284.9711608886719,283.6361083984375,240.97540283203126,180.24090576171876,119.56322479248047,97.07319641113281,157.16835021972657,180.70504760742188,197.70172119140626,253.41445922851563,262.68157958984377,230.64112854003907,200.6092071533203,242.40402221679688,297.5272216796875,358.0155029296875,47.593223571777347,90.30632781982422,101.39897155761719,161.85818481445313,180.8529815673828,169.50868225097657,108.78308868408203,90.46965789794922,74.71052551269531,12.97278881072998,307.0284118652344,268.5919494628906,256.0410461425781,215.8030242919922,276.1916809082031,276.92413330078127,263.6644592285156,240.35769653320313,180.3542022705078,165.3003692626953],"time":98.03515625,"mapName":"open1.map","timeDecision":0.10000000149011612,"timeScan":0.06999999284744263,"penalty_cost":80.0,"ip":"","os":"Windows 10  (10.0.0) 64bit"}