{"position":["9,11","9,11","9,11","9,11","12,12","13,12","13,15","13,15","11,15","7,17","5,18","3,20","3,22","3,22","4,22","4,22","4,22","3,22","3,22","3,22","3,23","3,27","3,27","3,27","3,25","3,21","3,20","4,20","7,20","9,22","10,24","10,25","10,25","9,24","9,23","9,20","11,17","12,17","13,17","14,17","14,18","15,22","16,24","18,24","21,25","22,26","26,24","26,24","26,24","25,25","25,28","25,33","25,35","23,37","21,38","18,37","18,37","19,36","19,32","19,31","17,30","14,30","14,30","14,29","14,29","14,29","14,34","14,35","15,35","17,35","17,35","17,30","17,26","17,21","17,21","18,21","20,22","23,21","26,21","29,20","32,19","36,19","38,20","39,22","39,23","37,26","37,29","37,31","37,31","39,30","39,30","39,30","36,30","36,30","35,32"],"rotationY":[0.0,0.0,0.0,56.443668365478519,74.62947845458985,25.442167282104493,0.4730377793312073,302.84234619140627,284.162109375,288.3072814941406,315.60272216796877,341.8382873535156,15.604525566101075,75.86615753173828,32.694847106933597,332.01019287109377,271.5502014160156,221.34625244140626,253.367919921875,313.9200439453125,359.8840026855469,11.222267150878907,71.89984893798828,132.77081298828126,173.64639282226563,180.63351440429688,137.88719177246095,92.71175384521485,66.41743469238281,44.20587158203125,17.8705997467041,324.94610595703127,263.96966552734377,221.53518676757813,180.8643341064453,154.0113525390625,142.1724853515625,92.85531616210938,48.79507827758789,70.15413665771485,17.68305206298828,17.68305206298828,52.69493103027344,76.68193054199219,63.8293342590332,113.11019134521485,108.37677001953125,48.07954025268555,347.615478515625,341.0061340332031,358.341064453125,359.7931213378906,326.91925048828127,302.5649719238281,272.7781677246094,252.49459838867188,195.1043243408203,158.0233612060547,174.39927673339845,223.0174102783203,254.10687255859376,266.15203857421877,205.7849884033203,237.71395874023438,298.4941101074219,359.078857421875,0.7099443078041077,40.470096588134769,90.09982299804688,122.26836395263672,178.12060546875,178.12060546875,181.07923889160157,181.07923889160157,122.42855834960938,73.44969940185547,88.0283432006836,97.58531188964844,110.79187774658203,107.24317169189453,90.9873046875,80.36156463623047,49.968204498291019,20.790626525878908,332.0697326660156,336.6383361816406,357.89849853515627,32.31462860107422,93.13893127441406,124.91810607910156,185.56851196289063,245.79135131835938,270.2256774902344,329.3206481933594,299.5006103515625],"time":99.83203125,"mapName":"uffici2.map","timeDecision":4.0,"timeScan":0.5,"penalty_cost":3.0,"ip":"","os":"Windows 10  (10.0.0) 64bit"}