{"position":["9,11","9,11","9,11","9,11","12,12","13,12","13,15","13,15","10,16","6,16","6,16","5,14","5,13","6,13","6,13","6,13","5,13","4,11","3,9","3,9","3,9","3,14","2,17","1,21","1,24","2,27","2,27","2,27","3,25","3,20","3,20","5,20","8,21","9,22","11,25","11,25","9,26","7,26","7,26","7,26","9,25","9,23","9,20","11,17","12,17","13,17","14,19","15,22","15,25","17,26","18,27","17,30","17,34","17,36","18,36","21,36","23,37","23,37","23,33","24,29","25,27","25,27","21,27","18,26","17,26","17,25","16,25","14,25","14,26","14,30","14,34","14,34","14,34","14,33","14,32","17,31","17,30","17,26","17,22","17,21","19,21","22,21","26,22","26,22","26,20","26,20","30,20","34,20","37,21","37,21","36,22","36,22","31,22","29,23","29,23","29,27","29,30"],"rotationY":[0.0,0.0,0.0,60.91624450683594,74.14347076416016,19.937572479248048,356.21337890625,295.4582824707031,283.3740234375,269.3800048828125,210.75387573242188,179.52101135253907,131.58094787597657,122.8104476928711,183.6884765625,244.123046875,245.63607788085938,209.97850036621095,237.64405822753907,298.51806640625,359.3578796386719,0.3309610188007355,344.42681884765627,349.41473388671877,13.440267562866211,29.543684005737306,89.68205261230469,145.30743408203126,178.5038299560547,180.4879150390625,124.1702880859375,93.4794692993164,66.00028228759766,33.79722595214844,17.982892990112306,317.6541442871094,286.94354248046877,251.22488403320313,190.49172973632813,129.92437744140626,148.68389892578126,180.2471160888672,154.40318298339845,140.4344482421875,93.63544464111328,46.01297378540039,17.911808013916017,359.92364501953127,23.39872169494629,52.17118835449219,5.550770282745361,349.84967041015627,359.8575744628906,37.10749435424805,86.55500793457031,75.2957534790039,115.31021881103516,175.927734375,171.29806518554688,161.72015380859376,191.01132202148438,251.846923828125,268.0896911621094,258.14971923828127,205.32745361328126,222.76100158691407,266.83062744140627,306.56182861328127,357.87750244140627,0.8189930319786072,8.614391326904297,68.72097778320313,129.33111572265626,175.62681579589845,124.81198120117188,119.14183044433594,174.16900634765626,180.1397247314453,180.1397247314453,126.46998596191406,90.6727066040039,75.98005676269531,88.40269470214844,148.6552734375,161.57345581054688,105.25326538085938,89.01456451416016,90.02771759033203,65.12837982177735,4.736865997314453,324.3107604980469,270.8089294433594,269.8144226074219,303.67974853515627,359.3428039550781,1.2922862768173218,28.103609085083009],"time":101.9375,"mapName":"uffici2.map","timeDecision":5.0,"timeScan":0.10000000149011612,"penalty_cost":6.0,"ip":"","os":"Windows 10  (10.0.0) 64bit"}