{"position":["9,11","9,11","9,11","9,11","12,12","13,13","13,15","13,15","10,16","6,17","3,16","2,16","2,16","3,16","3,16","3,13","3,13","3,13","3,13","3,13","4,13","4,12","4,12","4,12","3,14","2,17","2,22","2,25","2,25","3,24","3,24","3,20","3,20","6,20","8,21","9,23","10,25","10,25","10,25","9,24","9,20","10,18","11,17","13,17","13,17","14,17","15,19","17,23","17,24","21,25","23,25","25,24","26,25","26,27","25,31","25,35","25,36","22,37","20,37","20,36","18,33","18,32","14,32","14,32","14,34","15,37","15,37","15,37","13,36","13,35","13,30","13,27","14,27","17,26","17,25","17,21","17,21","19,21","19,21","19,22","20,22","24,21","26,20","28,20","32,19","35,19","36,21","36,23","36,26","37,29","39,30","39,30","39,30","36,31"],"rotationY":[0.0,0.0,0.0,61.095584869384769,72.60301971435547,19.918485641479493,352.918212890625,292.6026611328125,283.9868469238281,281.8392028808594,259.65191650390627,215.7313995361328,155.32940673828126,103.73925018310547,161.68490600585938,185.53086853027345,246.22415161132813,213.87583923339845,153.35723876953126,96.65786743164063,144.55072021484376,194.32562255859376,254.384521484375,314.83758544921877,340.89947509765627,0.26126599311828616,0.26126599311828616,21.346027374267579,81.84609985351563,126.10579681396485,179.0294952392578,164.16201782226563,103.1086196899414,80.58031463623047,49.233497619628909,18.354291915893556,350.4112854003906,289.7147216796875,235.05545043945313,186.62030029296876,178.91542053222657,148.6778106689453,106.09759521484375,71.86552429199219,77.1321792602539,37.62609100341797,28.42082977294922,21.98336410522461,66.87405395507813,76.16596984863281,103.90827178955078,65.86046600341797,22.044788360595704,347.946533203125,356.6161804199219,359.69537353515627,310.3170471191406,287.58978271484377,255.75628662109376,209.94386291503907,200.23220825195313,253.2102813720703,268.68170166015627,325.9974365234375,0.4177696406841278,14.954458236694336,314.94122314453127,254.77516174316407,220.01136779785157,179.36773681640626,179.36773681640626,156.5635986328125,107.29151153564453,127.17809295654297,174.70404052734376,179.57366943359376,119.16551971435547,82.71875,22.06255531311035,49.52737045288086,101.2197265625,97.64191436767578,121.54700469970703,101.20402526855469,93.98912811279297,64.96601104736328,30.731477737426759,1.1908442974090577,10.503768920898438,29.93008804321289,59.20439529418945,358.4408874511719,296.1971435546875,291.63128662109377],"time":99.05078125,"mapName":"uffici2.map","timeDecision":2.0,"timeScan":0.10000000149011612,"penalty_cost":2.0,"ip":"","os":"Windows 10  (10.0.0) 64bit"}