{"position":["9,11","9,11","9,11","9,11","12,12","13,12","13,15","13,15","11,15","6,15","5,15","5,14","5,13","6,13","6,13","6,13","5,13","4,12","3,9","3,9","3,9","3,13","2,15","1,18","2,21","2,24","2,24","2,24","3,21","3,20","6,20","8,20","8,20","7,22","6,23","8,27","8,27","8,27","9,25","9,21","10,19","11,17","13,17","14,18","15,19","15,23","15,26","15,26","14,26","14,29","14,30","15,30","18,30","22,28","26,27","26,27","26,28","26,32","25,35","23,37","21,37","16,37","13,37","13,37","13,37","15,37","16,37","19,34","19,33","19,29","20,29","21,28","21,24","21,24","19,24","17,24","17,23","17,21","17,21","21,21","24,22","26,21","29,20","33,19","35,19","36,21","36,23","36,27","37,29","39,30","39,30","39,30","35,31","34,32"],"rotationY":[0.0,0.0,0.0,57.79798889160156,74.75714874267578,24.30734634399414,0.6900227665901184,303.0378723144531,270.07135009765627,270.07135009765627,228.26394653320313,180.52142333984376,134.4404754638672,114.74459838867188,174.83694458007813,235.223876953125,252.155029296875,209.84388732910157,229.5729217529297,290.38800048828127,351.0088806152344,0.6911701560020447,335.8771057128906,0.9187063574790955,4.908416748046875,25.565916061401368,86.64453125,147.32237243652345,165.4029998779297,112.98438262939453,89.61595916748047,56.43290710449219,356.40277099609377,330.3409118652344,19.464588165283204,22.642812728881837,80.44864654541016,140.9042510986328,170.15298461914063,180.52706909179688,149.67507934570313,123.84165954589844,89.61341094970703,48.67698669433594,6.739185333251953,359.9519348144531,338.71337890625,284.43878173828127,338.1263732910156,3.165863275527954,50.36072540283203,90.90978240966797,113.86956024169922,112.11187744140625,101.99205017089844,41.45492172241211,359.1165466308594,347.3514709472656,327.03680419921877,306.56787109375,269.5680847167969,269.5680847167969,253.439453125,193.3297882080078,132.9931182861328,93.9949722290039,131.67250061035157,137.7144775390625,180.2359619140625,169.28372192382813,122.1491928100586,167.29295349121095,177.0472412109375,237.7329864501953,267.88116455078127,230.1091766357422,184.2747039794922,146.51080322265626,93.7075424194336,75.80908203125,92.61399841308594,119.70880889892578,105.19546508789063,92.83148193359375,61.306427001953128,30.389360427856447,359.4784851074219,14.021430969238282,43.72556686401367,45.967403411865237,345.7841796875,285.59259033203127,291.4095764160156,321.2430725097656],"time":98.8203125,"mapName":"uffici2.map","timeDecision":7.0,"timeScan":0.20000000298023225,"penalty_cost":11.0,"ip":"","os":"Windows 10  (10.0.0) 64bit"}