{"position":["22,2","22,2","22,2","22,2","22,3","24,4","24,4","24,3","26,3","27,3","28,3","29,6","29,7","29,7","30,5","30,3","32,3","37,3","38,3","41,4","43,5","44,7","45,9","45,9","45,9","44,6","44,6","41,6","39,4","37,3","33,3","29,3","25,3","23,4","23,5","23,9","23,11","25,13","24,13","24,13","24,15","23,19","23,20","24,22","27,23","29,23","29,23","29,23","27,23","25,23","24,24","24,27","23,31","24,33","24,34","24,37","23,40","24,43","24,43","23,45","23,48","23,49","23,51","21,51","20,52","20,51","20,51","18,51","18,51","18,51","20,51","20,50","20,47","20,46","23,45","23,45","22,45","20,44","19,45","18,45","16,45","16,45","15,42","15,41","14,40","15,38","15,36","14,36","13,36","13,36","14,35","14,34","15,34","15,33"],"rotationY":[0.0,0.0,0.0,15.353775024414063,61.711265563964847,95.54135131835938,155.67288208007813,129.35072326660157,93.9289321899414,82.98963165283203,30.262895584106447,13.150894165039063,67.91458892822266,128.5093536376953,160.33705139160157,120.58468627929688,89.29203033447266,89.29203033447266,77.41357421875,72.9281234741211,45.589778900146487,16.788511276245118,53.79648971557617,114.07453155517578,174.41824340820313,198.4315643310547,259.4211120605469,251.0724334716797,227.27560424804688,258.794677734375,270.3710632324219,270.3710632324219,280.30084228515627,312.3343200683594,357.23358154296877,359.3667907714844,36.25859069824219,2.3699634075164797,310.2938232421875,343.2745056152344,348.3736267089844,344.4000244140625,29.402721405029298,69.03422546386719,72.99063873291016,106.5671157836914,166.92942810058595,227.83749389648438,272.6271667480469,302.9892272949219,340.66387939453127,350.48065185546877,355.4650573730469,29.298171997070314,350.49810791015627,346.84600830078127,6.74339485168457,29.19878578186035,328.658935546875,351.7333984375,325.85430908203127,2.47886061668396,321.6614990234375,289.6478271484375,234.74856567382813,198.4840545654297,258.5438232421875,264.8164367675781,203.91778564453126,143.1748046875,117.31538391113281,166.55404663085938,180.75387573242188,130.20095825195313,110.0320816040039,170.87306213378907,226.00701904296876,257.850341796875,299.3408203125,272.20697021484377,264.53619384765627,209.99990844726563,184.6250762939453,214.47828674316407,199.24557495117188,168.83387756347657,201.6392822265625,253.0052490234375,208.08572387695313,147.1366424560547,162.2969512939453,121.83748626708985,138.20692443847657,189.0480194091797],"time":98.76171875,"mapName":"open1.map","timeDecision":0.6000000238418579,"timeScan":0.07999999076128006,"penalty_cost":80.0,"ip":"","os":"Windows 10  (10.0.0) 64bit"}