{"position":["9,11","9,11","9,11","9,11","12,12","13,12","13,15","13,15","11,16","9,17","6,17","5,16","5,13","5,11","5,11","5,11","4,13","3,15","2,15","1,18","1,19","2,22","2,26","2,26","2,26","3,25","3,21","3,20","4,20","7,20","8,21","8,21","7,22","8,26","8,26","9,26","9,25","9,21","10,18","11,17","13,17","14,18","15,21","15,24","15,27","14,29","15,31","15,31","17,30","17,29","17,29","20,29","22,28","23,29","25,31","25,34","25,36","23,36","21,37","18,35","16,35","15,35","15,35","15,35","17,35","19,34","19,32","19,29","21,28","22,28","23,27","25,25","25,25","24,25","20,25","17,25","17,25","17,21","17,21","19,21","22,21","26,21","27,20","30,19","33,19","36,20","37,20","36,21","34,24","34,25","33,25","32,25","30,28","30,28","30,30"],"rotationY":[0.0,0.0,0.0,60.55155563354492,74.4525375366211,20.85498046875,357.2683410644531,295.8707275390625,299.8739013671875,276.6053466796875,245.38653564453126,204.9121856689453,180.6597442626953,179.38967895507813,240.37533569335938,301.4992980957031,333.13067626953127,300.8351135253906,317.801513671875,343.27557373046877,24.43436050415039,6.9435601234436039,2.8194022178649904,63.231502532958987,123.89371490478516,167.6015167236328,180.7643585205078,138.01223754882813,91.27613067626953,66.0421142578125,23.189138412475587,324.869140625,9.391618728637696,15.92983341217041,76.97240447998047,128.57431030273438,178.95855712890626,180.42637634277345,150.2725830078125,112.81693267822266,78.41431427001953,38.473243713378909,14.264479637145996,359.5227966308594,335.78997802734377,6.86939811706543,37.45600891113281,97.46553039550781,128.7079315185547,170.7554931640625,109.44475555419922,101.44095611572266,87.97767639160156,45.0271110534668,20.865327835083009,359.94317626953127,323.29638671875,285.9795837402344,256.0032958984375,237.96942138671876,270.13311767578127,315.1446228027344,16.142621994018556,75.93063354492188,108.25804901123047,148.3873291015625,179.989501953125,157.06329345703126,122.22383117675781,83.16327667236328,132.70176696777345,149.8428955078125,211.25347900390626,265.6146545410156,271.4201965332031,254.11941528320313,193.9522247314453,182.0643310546875,124.79222869873047,93.2596206665039,87.93125915527344,107.06908416748047,123.88992309570313,106.61917877197266,86.58041381835938,68.21318054199219,15.0480318069458,330.02191162109377,317.2723693847656,327.85430908203127,276.8648376464844,322.77545166015627,316.1135559082031,334.8995361328125,15.08266830444336],"time":100.396484375,"mapName":"uffici2.map","timeDecision":8.0,"timeScan":0.8000000715255737,"penalty_cost":2.0,"ip":"","os":"Windows 10  (10.0.0) 64bit"}