{"position":["22,2","22,2","22,2","22,3","21,4","21,6","22,8","22,8","23,10","24,12","26,12","28,12","28,13","29,15","30,17","31,17","34,17","34,17","34,17","34,17","30,17","29,16","28,15","29,12","29,10","29,10","29,10","28,12","26,12","25,12","24,14","23,17","23,18","23,18","24,19","24,22","24,22","23,23","23,23","23,25","23,27","23,30","23,31","23,33","25,34","25,34","24,35","24,38","24,40","24,43","24,43","23,44","24,45","23,47","23,48","23,50","23,50","20,51","17,51","15,52","14,52","14,52","14,52","18,52","21,52","23,50","24,49","24,45","24,45","26,45","26,45","26,45","24,45","21,44","20,44","20,43","20,43","17,43","15,43","15,42","15,40","15,40","15,40","15,43","15,43","17,43","20,43","20,43","20,39","20,36","19,36","17,36","16,35","15,33"],"rotationY":[0.0,0.0,0.0,356.71484375,341.1077575683594,13.105734825134278,358.81158447265627,55.054786682128909,20.242204666137697,55.39728927612305,89.01985931396485,68.0993423461914,17.264516830444337,13.271764755249024,44.38565444946289,83.97257995605469,97.16918182373047,36.27961349487305,335.796142578125,275.1098937988281,264.0860900878906,221.57362365722657,177.30039978027345,177.88827514648438,213.03524780273438,273.6008605957031,333.7516784667969,305.6949157714844,273.4653625488281,325.4142150878906,345.2584228515625,356.375244140625,345.3463134765625,14.526463508605957,25.914875030517579,4.024816036224365,311.0882568359375,286.5859375,347.562744140625,11.315642356872559,1.5390015840530396,1.5376331806182862,352.2950439453125,29.008195877075197,62.93114471435547,18.992088317871095,336.05413818359377,344.9933166503906,353.0099182128906,8.388663291931153,315.9657287597656,356.0518493652344,11.50185489654541,338.7413635253906,358.86773681640627,357.00640869140627,296.9403076171875,286.1938171386719,281.31915283203127,288.35858154296877,327.0517578125,28.035419464111329,89.18614196777344,91.9748764038086,112.93592071533203,131.8677978515625,176.19635009765626,165.68936157226563,104.83582305908203,68.69573974609375,7.961015224456787,307.5197448730469,269.58819580078127,260.4267578125,220.67782592773438,208.7700958251953,269.6004943847656,264.22802734375,226.46502685546876,186.0672149658203,208.59417724609376,268.7622985839844,329.752197265625,358.0783996582031,54.73231506347656,91.11051177978516,113.51863098144531,173.32666015625,179.756103515625,207.2274627685547,251.41085815429688,262.1902160644531,214.1071319580078,194.4151153564453],"time":98.87109375,"mapName":"open1.map","timeDecision":0.20000000298023225,"timeScan":0.07999999076128006,"penalty_cost":90.0,"ip":"","os":"Windows 10  (10.0.0) 64bit"}