{"position":["2,17","2,17","3,17","3,16","6,16","8,14","8,12","7,10","6,8","6,6","8,5","10,5","13,4","15,4","17,3","19,3","22,3","24,3","26,3","29,3","31,3","33,3","35,5","36,7","38,9","40,11","39,13","38,14","40,13","42,12","44,13","45,15","46,17","46,20","47,22","47,24","47,26","47,28","46,31","47,33","48,35","49,37","51,37","51,36","49,37","47,39","45,39","43,37","42,35","42,32","42,29","41,27","39,25","39,23","38,20","37,19","34,19","31,18","30,17","29,17","29,18","30,20","30,22","31,25","31,27","32,30","33,31","33,34","34,36","34,37","32,36","30,36","28,36"],"rotationY":[0.0,58.34385299682617,174.76011657714845,162.40118408203126,76.82508850097656,176.22503662109376,191.1162567138672,214.73025512695313,200.72500610351563,182.4874267578125,90.82597351074219,90.8250503540039,90.8250503540039,90.8250503540039,90.8250503540039,92.050048828125,92.050048828125,92.050048828125,92.050048828125,92.050048828125,83.35884094238281,64.04594421386719,20.29876136779785,21.877206802368165,23.100046157836915,346.7969055175781,273.9002990722656,348.489013671875,114.10002136230469,86.28129577636719,54.46604919433594,23.782316207885743,14.875015258789063,14.875015258789063,14.875015258789063,2.8000171184539797,2.8000147342681886,356.5007629394531,1.1563215255737305,46.899375915527347,30.100025177001954,30.100025177001954,70.89427185058594,260.434814453125,279.3250427246094,269.0021667480469,267.25006103515627,197.98391723632813,189.0223388671875,232.7751007080078,232.7751007080078,226.6282196044922,204.70433044433595,203.02523803710938,206.70016479492188,281.6001281738281,214.40269470214845,226.210693359375,157.08111572265626,317.5371398925781,41.66316223144531,12.442774772644043,11.37517261505127,4.550205230712891,19.91804313659668,296.93060302734377,11.900151252746582,0.0001648664620006457,269.0871887207031,251.04110717773438,271.8999938964844,271.8002014160156,270.5751953125],"time":[138.22610473632813],"mapName":["open2.map"]}