{"position":["9,11","9,11","9,11","9,11","12,12","13,12","13,15","13,16","11,17","9,17","8,20","7,23","7,27","7,27","10,27","11,27","11,27","9,25","9,23","9,20","11,17","12,17","13,17","15,20","15,20","14,22","15,23","16,24","20,24","22,24","23,24","26,26","26,27","26,30","25,31","25,34","25,36","23,36","20,37","15,37","13,37","13,37","13,37","15,37","19,37","23,37","23,37","23,33","23,33","23,33","23,33","23,36","23,36","19,36","19,36","19,33","18,31","17,30","16,30","14,31","14,31","14,29","14,29","14,29","14,30","15,30","19,29","21,29","21,29","21,29","20,29","18,27","17,26","17,22","17,21","19,21","19,21","19,22","19,22","23,21","26,21","29,19","30,19","34,20","37,20","37,20","37,20","35,23","34,23","30,24","28,24","28,24","29,25","29,29","29,33","29,33"],"rotationY":[0.0,0.0,0.0,57.934783935546878,74.69571685791016,22.395465850830079,0.8567982316017151,312.70703125,286.7851257324219,326.9010925292969,340.7678527832031,0.3701723515987396,12.250419616699219,72.53453063964844,88.210205078125,140.7942352294922,200.84939575195313,213.9082489013672,179.03363037109376,157.22793579101563,144.9641571044922,94.15713500976563,51.30622482299805,35.2591667175293,338.31097412109377,3.8265604972839357,39.46474838256836,86.88911437988281,89.15811920166016,116.8056869506836,66.36711120605469,53.34019088745117,2.8553123474121095,345.5849914550781,338.5349426269531,356.1142578125,323.8580017089844,287.8149719238281,269.4478759765625,269.4478759765625,238.652587890625,186.80160522460938,126.60725402832031,92.32422637939453,89.72868347167969,104.26325225830078,165.2604522705078,178.87843322753907,231.69561767578126,292.5850524902344,352.9405517578125,340.4340515136719,279.8560791015625,269.34295654296877,208.71881103515626,183.10760498046876,213.7432098388672,247.8294677734375,289.1651916503906,251.43441772460938,190.48033142089845,152.7556610107422,92.2545166015625,31.827022552490236,46.95933532714844,89.3142318725586,107.39823913574219,116.3343505859375,177.3153076171875,237.6982879638672,253.5845489501953,228.38006591796876,187.26419067382813,179.757568359375,132.18836975097657,95.6877670288086,38.93056869506836,27.194902420043947,87.59639739990235,100.72698974609375,110.62836456298828,122.40190887451172,82.9022445678711,76.12371826171875,89.52571105957031,28.4843692779541,327.9911193847656,314.06072998046877,284.2110595703125,274.24273681640627,309.46826171875,9.965954780578614,18.71259117126465,3.698148250579834,2.5407941341400148,62.9908447265625],"time":101.037109375,"mapName":"uffici2.map","timeDecision":7.0,"timeScan":0.8000000715255737,"penalty_cost":1.0,"ip":"","os":"Windows 10  (10.0.0) 64bit"}