{"position":["9,11","9,11","9,11","9,11","12,12","13,12","13,15","13,19","15,22","16,24","18,24","22,25","25,26","26,27","25,29","25,33","25,37","25,37","22,37","19,37","19,37","19,33","19,29","19,29","20,29","20,29","17,27","16,27","14,27","14,27","14,28","14,30","15,31","14,34","14,35","14,35","14,35","14,31","14,27","14,22","13,18","13,17","11,17","11,17","10,19","8,20","9,22","9,22","10,26","10,26","10,26","7,25","7,24","7,20","7,20","4,20","3,20","3,21","3,25","3,26","3,26","2,25","2,22","2,18","2,15","3,12","3,12","3,12","5,15","6,15","10,15","15,15","17,16","18,17","19,21","19,21","23,22","26,22","26,22","26,20","27,20","31,19","35,19","36,19","36,21","36,22","34,22","31,23","29,23","29,24","29,27","31,31"],"rotationY":[0.0,0.0,0.0,60.8494987487793,73.9358139038086,21.61537742614746,0.13545049726963044,12.44158935546875,30.132936477661134,57.59471130371094,87.36257934570313,74.92504119873047,56.64716339111328,16.903369903564454,348.35858154296877,356.7798156738281,351.3556823730469,290.458251953125,269.1555480957031,247.33633422851563,187.28994750976563,176.88104248046876,176.81198120117188,116.67472839355469,148.87257385253907,209.2459259033203,230.37911987304688,268.87017822265627,313.0787658691406,13.19018268585205,354.8135681152344,31.721481323242189,349.346435546875,356.62213134765627,310.6396484375,250.28875732421876,190.0447540283203,180.0734405517578,180.0734405517578,180.0734405517578,191.11715698242188,234.83251953125,268.2269592285156,329.1933288574219,316.7984924316406,348.7952575683594,23.684574127197267,19.609392166137697,13.577498435974121,312.7130126953125,254.89486694335938,232.03134155273438,184.001220703125,182.35877990722657,243.0135498046875,266.20123291015627,313.28570556640627,356.71563720703127,359.7527770996094,304.46466064453127,244.38795471191407,200.1988067626953,179.7647705078125,179.7647705078125,156.36038208007813,167.74407958984376,107.66069030761719,46.02632522583008,38.396480560302737,86.9963607788086,90.98371124267578,87.83716583251953,62.45198440551758,16.567716598510743,17.91973304748535,73.71540069580078,85.15606689453125,105.68424224853516,166.15374755859376,149.4984893798828,106.47903442382813,90.80448913574219,88.34261322021485,38.63266372680664,2.653099298477173,315.9897155761719,285.6382751464844,271.90753173828127,309.4248046875,359.38958740234377,15.630505561828614,26.71449851989746],"time":96.8515625,"mapName":"uffici2.map","timeDecision":2.0,"timeScan":0.20000000298023225,"penalty_cost":10.0,"ip":"","os":"Windows 10  (10.0.0) 64bit"}