{"position":["9,11","9,11","9,11","9,11","12,12","13,12","13,14","13,14","13,14","13,13","13,13","10,13","9,12","8,9","8,7","7,7","7,7","8,5","9,3","9,3","6,3","4,3","4,3","5,4","5,4","5,4","5,3","8,3","13,3","14,3","17,6","17,7","17,9","18,9","21,9","21,9","20,11","20,13","22,14","25,15","30,16","32,15","36,14","39,14","42,15","44,17","47,20","50,21","50,21","50,25","50,28","50,28","46,28","43,29","43,29","44,32","44,33","47,34","49,34","51,37","51,37","51,37","49,36","45,36","45,36","45,38","45,38","43,37","43,37","43,33","43,28","43,23","43,19","43,18","42,18","40,19","39,21","36,24","36,24","32,23","32,23","32,23","33,23","36,23","36,23","36,20","36,20","36,20","36,21","37,25","37,29","37,30","39,30","39,30","39,30","36,32"],"rotationY":[0.0,0.0,0.0,57.450401306152347,74.23888397216797,23.578205108642579,24.19650650024414,84.9017333984375,145.58807373046876,195.7337646484375,256.4562683105469,253.21365356445313,209.50575256347657,187.85189819335938,210.52801513671876,251.6993408203125,191.1379852294922,155.46737670898438,185.16136169433595,245.34422302246095,270.25201416015627,303.6637878417969,3.9911985397338869,48.77275466918945,109.58383178710938,164.38229370117188,111.6912841796875,92.42705535888672,89.42090606689453,47.629371643066409,42.34248733520508,0.7104206085205078,39.64711380004883,88.45691680908203,77.32202911376953,17.230215072631837,348.5189514160156,27.069543838500978,66.56356048583985,76.40548706054688,75.06082153320313,103.8853988647461,105.06188201904297,81.07046508789063,62.61525344848633,40.547828674316409,48.66231155395508,70.70586395263672,14.612168312072754,3.1380386352539064,343.3084411621094,282.4747314453125,273.0609130859375,293.0281677246094,353.89959716796877,11.855988502502442,62.48175811767578,77.5607681274414,40.07573318481445,26.574064254760743,326.4037780761719,265.7507629394531,266.67913818359377,276.6355895996094,337.29803466796877,336.1423034667969,275.4794616699219,240.54595947265626,182.35757446289063,180.34768676757813,179.3537139892578,179.3537139892578,179.3537139892578,229.0689239501953,277.46539306640627,307.35223388671877,326.5614013671875,318.8451232910156,262.1924743652344,256.30841064453127,198.3726806640625,138.00355529785157,93.05564880371094,115.90739440917969,175.63937377929688,200.4776611328125,262.3190612792969,322.8653564453125,11.717348098754883,2.772019386291504,1.1100879907608033,52.17164993286133,79.43716430664063,19.233625411987306,318.375732421875,297.59979248046877],"time":100.9609375,"mapName":"uffici2.map","timeDecision":7.0,"timeScan":0.30000001192092898,"penalty_cost":7.0,"ip":"","os":"Windows 10  (10.0.0) 64bit"}