{"position":["9,11","9,11","9,11","9,11","12,12","13,12","13,15","13,15","10,16","7,16","2,16","2,16","2,16","3,16","3,16","3,13","3,13","4,13","6,10","6,9","6,9","5,10","5,10","5,15","5,15","8,16","8,16","8,20","9,24","10,26","10,26","7,25","7,25","7,22","7,20","6,20","3,20","3,20","3,22","3,22","4,22","4,25","4,27","4,27","4,27","3,25","3,20","3,20","5,20","8,20","10,18","12,17","14,17","14,18","15,21","14,25","14,29","15,31","15,31","16,31","17,28","19,26","20,26","23,27","26,29","26,29","25,33","25,36","24,36","21,37","16,37","15,37","15,37","16,36","17,35","17,32","17,27","17,23","17,21","18,21","19,21","19,21","23,21","26,21","26,21","26,20","29,20","33,20","36,21","37,21","37,21","36,22","34,23","30,25","30,25","30,29"],"rotationY":[0.0,0.0,0.0,60.26127243041992,74.96553039550781,22.625694274902345,0.4999295175075531,300.0533752441406,284.103515625,272.7826843261719,270.7281494140625,211.98451232910157,151.61534118652345,103.26493835449219,164.09336853027345,187.77073669433595,127.72746276855469,134.0829620361328,150.60552978515626,197.56488037109376,257.98199462890627,305.02728271484377,354.2391357421875,0.1796962171792984,56.149417877197269,61.80173873901367,3.305020809173584,14.884966850280762,18.088340759277345,341.5659484863281,281.0748291015625,254.50193786621095,199.71295166015626,179.9780731201172,216.35328674316407,264.67681884765627,287.6138916015625,347.00396728515627,21.98116111755371,77.11529541015625,24.735546112060548,359.2143249511719,327.1421203613281,267.0997619628906,212.35186767578126,181.3941192626953,179.43458557128907,120.27042388916016,92.55012512207031,115.73500061035156,130.73648071289063,95.938232421875,61.59504318237305,17.688594818115236,353.16912841796877,346.2875671386719,356.8580017089844,26.344573974609376,82.07717895507813,129.52781677246095,149.35348510742188,125.3267593383789,78.60318756103516,58.136112213134769,46.376495361328128,347.9752502441406,355.7804870605469,335.9594421386719,286.924560546875,270.6331787109375,269.4036560058594,224.67527770996095,164.65126037597657,123.07392883300781,164.0305633544922,181.0853729248047,181.0853729248047,181.0853729248047,143.34890747070313,94.50675201416016,47.848628997802737,81.3414306640625,89.48509979248047,110.1585922241211,166.52850341796876,114.49303436279297,89.47526550292969,89.47526550292969,68.1355209350586,18.66592788696289,327.79681396484377,277.2159118652344,299.4815673828125,299.4815673828125,357.3799743652344,7.359468936920166],"time":100.8359375,"mapName":"uffici2.map","timeDecision":5.0,"timeScan":0.10000000149011612,"penalty_cost":3.0,"ip":"","os":"Windows 10  (10.0.0) 64bit"}