{"position":["22,2","22,2","22,2","22,3","22,4","21,5","22,7","21,8","22,9","21,10","20,12","20,12","21,12","22,13","22,13","21,15","22,17","22,18","20,19","20,19","20,20","20,22","20,22","21,22","21,23","21,26","22,28","22,31","21,33","19,34","18,34","15,34","15,34","15,35","14,35","14,35","15,36","15,37","15,37","15,37","15,36","15,36","19,36","20,36","20,38","21,38","21,39","21,39","20,40","20,42","20,43","20,44","21,46","21,48","20,50","18,51","18,51","18,51","18,51","20,51","20,51","20,47","20,45","19,45","19,45","19,45","19,45","22,45","23,45","26,45","27,45","27,45","27,45","25,45","25,45","24,41","24,37","24,35","24,35","27,35","28,35","28,35","28,35","26,35","24,34","24,32","24,28","24,24","24,24","21,24","18,24","16,24","15,25"],"rotationY":[0.0,0.0,0.0,348.06109619140627,331.8184509277344,6.888185977935791,1.1304630041122437,333.9315490722656,17.74171257019043,333.3347473144531,345.50457763671877,45.5310173034668,52.81828689575195,10.264423370361329,311.24822998046877,353.1773376464844,8.405532836914063,331.3475341796875,303.9331970214844,4.153037071228027,336.6445007324219,8.486699104309082,69.34940338134766,31.29513168334961,2.4016637802124025,7.503118991851807,8.66618537902832,358.7172546386719,323.11798095703127,309.3623046875,267.21197509765627,280.1988525390625,340.8044738769531,296.0937805175781,311.173583984375,12.018027305603028,36.602787017822269,29.204971313476564,89.64177703857422,150.44070434570313,157.90122985839845,102.04638671875,88.81546020507813,34.70966720581055,14.346783638000489,47.55923080444336,24.103782653808595,323.7872314453125,351.8303527832031,346.8306579589844,345.44659423828127,21.083818435668947,18.563365936279298,346.73834228515627,318.21337890625,285.737548828125,249.03367614746095,188.11875915527345,127.49735260009766,109.1209716796875,164.2754364013672,181.06570434570313,213.68894958496095,261.7650451660156,321.0633544921875,21.704225540161134,81.95415496826172,102.39900207519531,90.0484390258789,89.96467590332031,46.23555374145508,345.9703063964844,285.26251220703127,251.9521026611328,191.68051147460938,184.9341278076172,179.91650390625,161.5681610107422,100.66191864013672,76.6322021484375,102.50698852539063,151.49058532714845,212.27430725097657,250.5165252685547,218.56890869140626,179.89791870117188,179.89791870117188,172.02259826660157,232.59844970703126,263.64404296875,272.60687255859377,297.4598388671875,343.379150390625],"time":98.001953125,"mapName":"open1.map","timeDecision":0.20000000298023225,"timeScan":0.10999998450279236,"penalty_cost":80.0,"ip":"","os":"Windows 10  (10.0.0) 64bit"}