{"position":["9,11","9,11","9,11","9,11","12,12","13,12","13,15","13,15","11,16","8,17","6,17","6,16","5,13","5,10","5,10","5,10","3,13","2,17","2,19","3,23","3,26","3,26","3,26","3,25","3,20","3,20","6,20","8,21","9,22","10,22","10,25","10,26","8,26","6,27","6,27","6,27","9,25","9,24","9,20","11,17","11,17","13,17","14,19","15,22","14,24","14,26","15,27","17,27","18,28","22,28","24,28","24,28","25,31","26,35","26,35","23,36","20,36","19,36","19,35","19,35","16,36","15,36","15,36","16,36","17,36","17,35","17,32","17,32","14,32","14,32","14,34","14,34","14,34","14,32","14,32","17,31","17,30","17,26","17,21","17,21","19,21","24,21","26,20","29,19","33,19","36,20","36,20","36,22","36,22","34,23","31,25","30,26","30,29"],"rotationY":[0.0,0.0,0.0,60.07957458496094,74.37303161621094,21.608858108520509,357.4582214355469,296.74664306640627,299.53277587890627,273.98779296875,244.49026489257813,201.689453125,179.04998779296876,199.81092834472657,260.13629150390627,320.45098876953127,331.91241455078127,341.919189453125,13.732156753540039,6.1341552734375,344.1894226074219,283.9376220703125,223.79440307617188,179.75975036621095,178.7489471435547,118.63287353515625,92.93255615234375,66.31390380859375,66.38644409179688,30.898117065429689,3.1734278202056886,319.8805847167969,287.00286865234377,253.12399291992188,192.64553833007813,132.0540771484375,139.19354248046876,180.68670654296876,165.82949829101563,150.19993591308595,93.35486602783203,59.883888244628909,30.059785842895509,10.727481842041016,342.8646240234375,18.8512020111084,65.37200927734375,80.41824340820313,74.98373413085938,89.96614074707031,97.75883483886719,37.08039855957031,15.814220428466797,12.384679794311524,311.55902099609377,286.26861572265627,270.43426513671877,223.66270446777345,206.75718688964845,266.79815673828127,281.9649963378906,337.4026794433594,37.61777114868164,81.9129867553711,134.6891326904297,177.20359802246095,202.63009643554688,263.114990234375,284.3132019042969,344.41375732421877,327.923828125,267.9034118652344,207.73403930664063,171.09814453125,110.5349349975586,128.4268798828125,178.05372619628907,180.6792449951172,180.6792449951172,122.03309631347656,89.55278015136719,89.55278015136719,111.12686920166016,106.6529769897461,91.55308532714844,72.06914520263672,15.311766624450684,342.8731689453125,282.2598571777344,299.7014465332031,315.39056396484377,356.9625549316406,8.626322746276856],"time":97.6982421875,"mapName":"uffici2.map","timeDecision":6.0,"timeScan":0.5,"penalty_cost":9.0,"ip":"","os":"Windows 10  (10.0.0) 64bit"}