{"position":["22,2","22,2","22,2","22,2","22,3","24,4","24,6","24,10","24,14","23,17","23,20","24,21","26,22","28,23","29,23","29,23","29,23","27,23","24,23","24,23","23,27","23,31","24,33","24,34","25,34","26,34","27,34","29,34","30,34","30,34","30,34","28,34","25,35","23,37","23,39","23,41","24,43","24,43","24,44","23,44","23,44","24,45","23,48","23,49","22,49","22,49","21,52","20,52","20,52","20,51","20,51","16,52","12,52","12,52","11,52","11,52","11,52","14,52","18,52","20,51","20,50","20,45","20,41","20,41","20,41","20,42","20,43","17,44","16,44","15,42","14,40","14,38","15,36","15,36","13,36","10,35","8,34","8,34","4,34","4,34","3,34","3,34","3,34","3,36","3,36","6,36","10,36","14,35","17,35","17,35","17,35","15,34","15,33"],"rotationY":[0.0,0.0,0.0,20.340024948120118,51.43599319458008,38.09661865234375,359.5220947265625,359.5220947265625,343.1968994140625,352.91815185546877,14.901840209960938,57.01819610595703,89.92784118652344,62.2558708190918,60.59063720703125,13.022069931030274,312.57940673828127,269.0657958984375,284.988037109375,343.53240966796877,356.82550048828127,358.8555908203125,25.435720443725587,71.93693542480469,43.66383361816406,86.94680786132813,78.59030151367188,90.50183868408203,43.692405700683597,343.6412658691406,282.974853515625,280.24871826171877,302.90142822265627,325.4620056152344,343.3840026855469,17.714740753173829,21.23032569885254,322.2622985839844,344.3440856933594,333.06378173828127,33.261619567871097,4.158132076263428,349.86492919921877,300.38970947265627,267.0293273925781,328.02386474609377,312.67413330078127,259.73077392578127,197.22142028808595,215.55711364746095,275.68695068359377,277.6920166015625,270.3900451660156,245.72000122070313,227.72232055664063,166.81793212890626,106.7397689819336,88.5241928100586,102.71884155273438,133.6775665283203,180.55409240722657,180.55409240722657,184.149658203125,244.26837158203126,304.55316162109377,356.3612976074219,310.82220458984377,287.2837829589844,242.05783081054688,215.0559539794922,198.09413146972657,166.43756103515626,159.93299865722657,220.72891235351563,259.8887939453125,251.92669677734376,223.4078826904297,280.6755065917969,263.7834777832031,290.48370361328127,243.70530700683595,282.1817321777344,342.56158447265627,7.779006481170654,68.07445526123047,87.97087860107422,90.37654876708985,103.72270965576172,93.9461898803711,154.09246826171876,214.34080505371095,236.4141845703125,192.88967895507813],"time":97.9296875,"mapName":"open1.map","timeDecision":0.7000000476837158,"timeScan":0.029999999329447748,"penalty_cost":60.0,"ip":"","os":"Windows 10  (10.0.0) 64bit"}