{"position":["22,2","22,2","22,2","22,2","22,3","24,4","24,4","24,4","24,4","24,3","27,3","28,3","28,3","28,3","24,3","24,3","24,5","24,10","24,12","24,12","24,12","21,13","21,13","21,17","21,20","20,24","20,27","21,31","22,35","24,39","24,43","24,43","24,43","24,43","21,44","21,44","21,47","22,49","20,50","17,52","14,52","10,52","5,52","2,52","2,52","2,48","2,46","2,46","3,47","3,48","3,51","3,51","7,51","12,51","16,51","20,51","20,51","20,47","20,45","20,45","20,45","20,45","20,45","17,44","16,44","14,41","13,36","13,36","8,35","5,35","2,36","2,36","2,35","2,35","3,35","3,35","2,31","2,31","4,30","7,29","7,28","8,24","8,23","8,23","9,23","12,22","15,22","15,22","15,23","15,24","15,24","13,24","13,24","13,24","13,25"],"rotationY":[0.0,0.0,0.0,46.4400520324707,27.296951293945314,60.5558967590332,49.99480056762695,110.10209655761719,167.83242797851563,117.16089630126953,89.72248077392578,46.358924865722659,346.1771240234375,285.972412109375,272.3953552246094,330.1142272949219,0.3225121796131134,0.3225121796131134,34.13991165161133,358.9307861328125,297.9450378417969,291.0504455566406,351.6409606933594,2.4628851413726808,344.47955322265627,349.46319580078127,8.131452560424805,16.836095809936525,18.824193954467775,18.824193954467775,3.706585645675659,56.379676818847659,356.2514343261719,296.0573425292969,294.53839111328127,354.73614501953127,12.310094833374024,335.5154724121094,302.2214660644531,287.29620361328127,270.3690185546875,270.3690185546875,269.34100341796877,247.48489379882813,187.00527954101563,180.96815490722657,144.71981811523438,83.75949096679688,41.022377014160159,359.8838806152344,26.232341766357423,85.8982925415039,90.28504943847656,90.28504943847656,91.29381561279297,105.1938247680664,166.01263427734376,179.79983520507813,205.44947814941407,145.14247131347657,112.42035675048828,173.31764221191407,233.992431640625,253.69842529296876,212.9112548828125,198.71372985839845,198.71372985839845,252.38986206054688,257.3681640625,274.28497314453127,272.3935241699219,211.94723510742188,159.04507446289063,98.46788024902344,130.61903381347657,191.18333435058595,199.37525939941407,141.1685333251953,108.46448516845703,122.9186019897461,167.7269287109375,166.67788696289063,220.80206298828126,159.8486785888672,107.00631713867188,96.0851058959961,70.80992126464844,11.709883689880371,327.7101745605469,342.3613586425781,307.8352966308594,269.84039306640627,326.67718505859377,27.21685791015625,10.056907653808594],"time":99.78802490234375,"mapName":"open1.map","timeDecision":0.9000000953674316,"timeScan":0.07999999821186066,"penalty_cost":70.0,"ip":"","os":"Windows 10  (10.0.0) 64bit"}