{"position":["9,11","9,11","9,11","9,11","12,12","13,12","13,15","13,15","10,16","6,16","6,16","5,14","5,13","6,13","6,13","6,13","5,13","5,12","3,9","3,9","3,9","3,13","2,16","1,20","1,23","2,25","2,25","3,24","3,22","3,20","4,20","6,20","9,22","11,25","11,25","11,25","7,26","7,26","7,26","9,25","9,24","9,20","10,18","11,17","13,17","14,18","16,22","16,22","14,25","14,29","14,30","15,30","18,29","20,28","23,29","24,29","25,33","25,36","25,36","22,37","20,37","19,35","19,35","16,36","15,36","15,36","16,36","20,36","23,36","25,34","25,33","25,28","25,25","25,25","21,25","17,25","17,25","17,22","17,21","19,21","19,21","19,22","19,22","23,21","27,20","30,19","35,19","36,19","36,21","36,22","35,22","31,23","29,25","28,28","28,29"],"rotationY":[0.0,0.0,0.0,60.7772102355957,74.55619812011719,20.449552536010743,357.5382080078125,296.69757080078127,283.1138916015625,269.7399597167969,211.73390197753907,180.9956512451172,133.44622802734376,112.77802276611328,173.09385681152345,233.74786376953126,258.41851806640627,209.7429656982422,224.7295684814453,285.26239013671877,345.82537841796877,0.8764644265174866,344.9528503417969,344.9528503417969,12.116316795349121,43.44933319091797,103.50312042236328,146.36683654785157,178.93666076660157,145.11795043945313,93.02275848388672,66.05008697509766,45.5270881652832,33.26289367675781,338.6534423828125,285.806884765625,271.274169921875,210.89097595214845,149.89837646484376,130.25669860839845,179.1886444091797,175.94891357421876,149.20594787597657,102.43238067626953,69.3538818359375,30.26512908935547,25.23506736755371,331.0074462890625,351.81512451171877,359.5020751953125,47.243003845214847,89.56765747070313,114.62090301513672,93.29627990722656,78.87357330322266,26.815706253051759,16.0816593170166,358.6630554199219,297.73516845703127,286.70989990234377,246.06875610351563,210.34219360351563,263.59820556640627,282.7870788574219,334.2923889160156,34.85279846191406,82.20780944824219,91.45393371582031,114.30196380615235,138.06631469726563,180.7491455078125,180.7491455078125,200.27337646484376,261.06640625,270.0908508300781,262.1297607421875,201.94078063964845,183.44052124023438,130.72972106933595,96.7178955078125,36.248592376708987,36.174015045166019,96.73535919189453,106.06227111816406,108.85993957519531,92.4765625,90.59061431884766,46.22544860839844,7.251960277557373,324.51611328125,283.32159423828127,299.1814270019531,322.62408447265627,343.3009948730469,32.109947204589847],"time":99.9296875,"mapName":"uffici2.map","timeDecision":10.0,"timeScan":0.10000000149011612,"penalty_cost":11.0,"ip":"","os":"Windows 10  (10.0.0) 64bit"}