{"position":["9,11","9,11","9,11","9,11","12,12","13,12","13,15","13,15","10,16","6,17","6,17","5,14","5,13","5,13","6,13","6,13","5,13","5,13","3,9","3,9","3,9","3,12","3,15","1,19","1,21","3,26","3,26","3,26","3,25","3,20","3,20","6,20","7,20","7,21","7,22","6,22","6,22","7,25","8,26","10,27","10,27","9,26","9,23","9,20","11,17","12,17","13,17","15,19","15,22","16,24","16,24","19,25","22,25","24,26","26,28","25,30","25,32","26,34","25,37","24,37","20,37","15,37","14,37","14,36","14,34","14,34","14,34","14,35","14,35","14,35","14,32","15,32","18,30","18,30","17,27","17,24","17,21","17,21","21,21","25,21","26,22","26,22","26,20","28,20","31,19","35,19","35,20","36,21","36,22","34,23","31,25","31,25","31,25","31,25","30,29","30,29"],"rotationY":[0.0,0.0,0.0,60.82338333129883,74.83722686767578,21.48993682861328,357.8117370605469,297.2376708984375,283.88629150390627,283.04754638671877,222.35699462890626,199.3597412109375,153.0845184326172,100.3231430053711,154.66305541992188,215.6082000732422,269.048828125,211.5526580810547,212.12384033203126,272.1780090332031,332.49737548828127,0.9290587902069092,345.3819580078125,345.3819580078125,19.559356689453126,19.559356689453126,76.67091369628906,137.89590454101563,181.02732849121095,181.02732849121095,120.29572296142578,93.27068328857422,50.778648376464847,3.0831477642059328,315.2487487792969,299.95770263671877,0.6370369791984558,24.785446166992189,61.94557571411133,95.96058654785156,156.01693725585938,199.81735229492188,179.72976684570313,156.2035675048828,143.2272491455078,93.92728424072266,48.259761810302737,25.966064453125,0.5371060967445374,27.372039794921876,85.7503433227539,69.94480895996094,70.43484497070313,47.18242645263672,16.35225486755371,343.3435974121094,13.928791999816895,346.63214111328127,321.628173828125,270.53973388671877,270.53973388671877,270.53973388671877,226.66064453125,184.11392211914063,146.62545776367188,86.33686828613281,25.903337478637697,54.05339050292969,114.35881805419922,175.2722625732422,159.74855041503907,106.83715057373047,119.26707458496094,175.76492309570313,193.97879028320313,179.86338806152345,151.6113739013672,94.0367431640625,89.75172424316406,72.31462860107422,113.58427429199219,174.15481567382813,141.4799041748047,106.66712951660156,90.03245544433594,77.30744171142578,31.603797912597658,354.5147399902344,298.8070068359375,299.917236328125,312.2137756347656,4.2270917892456059,45.940528869628909,348.6649475097656,336.6126403808594,358.7436828613281],"time":100.9892578125,"mapName":"uffici2.map","timeDecision":3.0,"timeScan":0.6000000238418579,"penalty_cost":1.0,"ip":"","os":"Windows 10  (10.0.0) 64bit"}