{"position":["9,11","9,11","9,11","9,11","12,12","13,12","13,15","13,15","10,16","7,17","6,17","5,15","5,12","5,10","5,10","5,10","3,14","2,17","2,21","2,24","3,25","3,25","3,24","3,20","3,20","6,20","8,21","8,21","7,22","6,22","6,22","6,22","7,24","7,27","7,27","8,26","9,25","9,21","9,19","11,17","13,17","13,17","14,17","15,20","15,23","14,26","14,26","17,27","18,27","18,27","17,29","17,30","15,32","14,32","14,35","14,35","17,35","18,35","20,37","24,37","26,37","26,37","25,33","25,29","25,27","24,27","20,27","16,27","14,26","14,25","14,21","13,17","13,16","13,16","17,17","18,17","19,20","19,21","23,22","26,22","26,22","26,20","26,20","30,20","33,19","35,20","36,20","36,22","36,23","36,23","35,22","33,23","30,25","29,27","28,31","28,31"],"rotationY":[0.0,0.0,0.0,60.27591323852539,74.1928482055664,20.913637161254884,356.8421630859375,296.2917785644531,283.99957275390627,286.8151550292969,233.13128662109376,202.10580444335938,179.81072998046876,212.94546508789063,273.5101318359375,331.9294738769531,338.8875427246094,357.8305358886719,0.07807733118534088,23.934667587280275,69.84180450439453,130.4620361328125,179.32305908203126,174.9826202392578,114.2696304321289,91.4061279296875,61.1269645690918,0.8383966684341431,318.9671936035156,278.0871887207031,338.685302734375,38.05850601196289,3.2741262912750246,22.906253814697267,83.61451721191406,132.1873779296875,168.97329711914063,180.7400360107422,149.9259796142578,124.0951156616211,91.51837158203125,78.08151245117188,35.88530731201172,17.235340118408204,354.30035400390627,348.7580871582031,49.374629974365237,73.58346557617188,28.515844345092775,327.9910583496094,347.8109130859375,327.5774230957031,298.10137939453127,342.5448913574219,5.869140148162842,65.92989349365235,90.19794464111328,51.20170593261719,80.02779388427735,89.58645629882813,123.17591857910156,183.53672790527345,190.20755004882813,180.12060546875,211.6826934814453,267.10723876953127,270.0619812011719,262.9749755859375,231.56922912597657,182.27735900878907,191.18569946289063,189.19766235351563,146.9932861328125,86.57788848876953,76.06990814208985,32.85847091674805,16.516023635864259,65.0367431640625,72.76519775390625,93.76946258544922,154.1845703125,161.83982849121095,102.87812042236328,89.6932601928711,110.87971496582031,76.51585388183594,33.67852783203125,359.61309814453127,312.77178955078127,252.34426879882813,264.38470458984377,299.9974365234375,310.6610107421875,341.1059875488281,347.6783752441406,46.0554313659668],"time":100.833740234375,"mapName":"uffici2.map","timeDecision":8.0,"timeScan":0.4000000059604645,"penalty_cost":0.0,"ip":"","os":"Windows 10  (10.0.0) 64bit"}