{"position":["22,2","22,2","22,2","22,2","22,2","23,6","24,10","24,12","23,17","22,19","23,21","24,22","23,24","21,28","21,31","20,35","20,38","21,41","20,42","20,43","16,44","16,44","14,42","14,39","14,39","15,37","14,37","11,36","8,35","4,35","3,35","2,38","2,39","2,39","2,38","2,34","3,30","3,27","3,24","4,24","6,24","8,25","9,24","11,24","13,24","13,23","14,19","14,16","14,14","15,14","17,14","17,14","17,14","14,14","12,14","12,14","10,14","6,13","4,13","3,11","2,8","2,5","3,1","3,1","3,1","3,2","3,2","4,2","8,3","9,3","9,3","10,3","10,3","10,3","9,3","4,3","3,3","3,5","3,9","3,13","2,17","2,17","3,18","3,22","3,22","6,22","8,23","9,24","9,28","9,32","9,34","10,34","13,34","13,34"],"rotationY":[0.0,0.0,0.0,306.22003173828127,7.475048065185547,15.001788139343262,10.162930488586426,342.3614807128906,340.4512023925781,11.820343017578125,35.70711135864258,0.6865766048431397,333.4720153808594,336.7329406738281,0.9476409554481506,349.1893310546875,6.379238128662109,5.669569969177246,345.145751953125,297.5356750488281,287.1991271972656,229.86251831054688,205.8672332763672,177.23251342773438,142.68540954589845,177.01451110839845,234.39735412597657,252.11585998535157,269.24932861328127,271.93994140625,321.81201171875,342.9772033691406,295.29266357421877,235.1639404296875,180.88577270507813,178.9387664794922,166.00123596191407,179.8025360107422,156.6891326904297,106.97241973876953,73.39695739746094,87.16107940673828,122.91532135009766,93.56002807617188,134.07371520996095,179.9744415283203,164.90707397460938,177.1057586669922,141.86257934570313,96.82791900634766,131.8284454345703,192.17645263671876,252.6788330078125,270.7376708984375,303.4629211425781,291.39215087890627,257.1932678222656,267.40777587890627,247.2894287109375,212.53880310058595,197.8041229248047,176.86761474609376,166.08184814453126,105.87889862060547,44.56862258911133,0.6910260319709778,61.43593978881836,91.30682373046875,74.9416732788086,85.32513427734375,37.47891616821289,74.58837890625,12.520706176757813,312.4254455566406,269.25933837890627,269.25933837890627,318.1231994628906,356.1817626953125,1.9986952543258668,355.0914001464844,349.1593017578125,36.299896240234378,358.5451965332031,8.700191497802735,68.79711151123047,84.7779769897461,61.33938980102539,10.925190925598145,359.4974060058594,359.4974060058594,37.177093505859378,88.53857421875,105.89568328857422,166.2776336669922],"time":99.0859375,"mapName":"open1.map","timeDecision":1.0000001192092896,"timeScan":0.03999999910593033,"penalty_cost":50.0,"ip":"","os":"Windows 10  (10.0.0) 64bit"}