{"position":["22,2","22,2","22,2","22,2","22,4","23,4","23,6","23,10","24,12","24,12","24,12","22,12","21,13","21,15","22,19","23,21","25,22","27,22","30,23","30,23","30,23","29,23","27,23","25,23","24,23","23,26","22,28","23,30","22,31","23,33","23,34","23,36","23,37","23,40","24,43","24,43","24,43","23,43","22,45","22,47","22,47","22,49","22,50","21,50","19,51","15,52","12,52","8,53","5,53","4,52","2,48","2,46","3,45","3,44","2,41","3,40","3,39","3,36","4,36","5,36","6,35","8,31","8,28","9,24","9,24","13,24","13,24","14,24","14,24","13,23","9,23","5,23","3,23","3,21","2,20","2,20","2,20","3,22","7,23","7,23","7,26","7,28","6,28","4,28","4,28","4,28","8,28","8,28","9,25","9,24","12,24","15,24","15,24","15,25"],"rotationY":[0.0,0.0,0.0,338.0689392089844,12.306145668029786,41.31490707397461,7.130524635314941,5.931502819061279,41.23247146606445,20.257946014404298,319.75286865234377,286.8838806152344,338.57183837890627,9.19482135772705,10.152006149291993,45.82450485229492,75.57719421386719,72.206298828125,72.3878173828125,132.41989135742188,192.93414306640626,239.61471557617188,270.6492614746094,284.41241455078127,328.0397644042969,338.7796630859375,346.8042907714844,10.274524688720704,350.3946228027344,21.15620231628418,348.3970947265625,17.421131134033204,359.128173828125,16.23200035095215,42.075984954833987,350.8923034667969,290.31842041015627,335.3617858886719,5.819943428039551,335.62713623046877,1.471290111541748,11.063981056213379,319.27545166015627,285.5804443359375,288.6551208496094,271.7733154296875,279.7731018066406,272.8329772949219,253.89927673339845,209.5756072998047,199.9642333984375,172.03414916992188,146.99879455566407,190.81784057617188,167.72506713867188,161.52418518066407,174.74612426757813,150.84906005859376,100.0811538696289,115.1734390258789,161.34523010253907,163.38853454589845,173.50506591796876,163.54783630371095,102.85769653320313,92.96363830566406,101.10956573486328,152.18055725097657,212.2236785888672,263.66961669921877,267.08599853515627,269.6687927246094,231.8708038330078,196.30758666992188,147.638671875,86.95991516113281,26.65618133544922,62.42236328125,72.95924377441406,15.483152389526368,359.95550537109377,318.1260986328125,274.0306396484375,316.82452392578127,16.843727111816408,77.447021484375,90.62699127197266,148.55760192871095,162.99435424804688,112.0180435180664,87.97775268554688,67.05142974853516,6.116858005523682,329.926513671875],"time":98.88671875,"mapName":"open1.map","timeDecision":0.7000000476837158,"timeScan":0.04999999701976776,"penalty_cost":80.0,"ip":"","os":"Windows 10  (10.0.0) 64bit"}