{"position":["9,11","9,11","9,11","9,11","12,12","13,12","13,15","13,15","10,16","7,16","6,16","5,14","5,14","5,14","5,14","5,14","5,13","5,9","5,9","5,9","5,10","5,14","5,14","4,14","2,18","2,20","3,23","3,26","3,26","3,26","3,25","3,21","3,20","5,20","7,21","8,21","8,21","8,21","8,21","10,22","10,22","9,23","9,24","11,26","11,26","11,26","9,25","9,23","9,20","11,17","11,17","14,17","14,17","15,20","14,24","14,24","17,26","17,28","17,30","16,30","13,32","13,32","14,35","14,35","17,35","20,37","23,38","25,38","25,37","25,35","25,31","25,26","25,25","24,25","19,25","17,25","17,25","17,21","17,21","20,21","20,21","20,21","20,21","20,21","24,21","27,20","31,20","33,19","36,20","36,20","36,24","36,26","37,29","37,31","35,32"],"rotationY":[0.0,0.0,0.0,60.658939361572269,74.4620132446289,20.098541259765626,354.4324035644531,293.9642639160156,286.60797119140627,269.7964172363281,214.80641174316407,181.9464111328125,127.4312744140625,66.69387817382813,63.90058517456055,124.60953521728516,178.6071014404297,178.61746215820313,117.75231170654297,55.469722747802737,4.9871721267700199,356.0772705078125,295.2186584472656,326.9052429199219,329.90338134765627,0.1293000876903534,18.217531204223634,353.6927185058594,292.79827880859377,232.37464904785157,183.50897216796876,179.25213623046876,127.14912414550781,94.83749389648438,64.13948822021485,14.586130142211914,314.43902587890627,352.0940856933594,52.433021545410159,35.83082962036133,335.8009948730469,336.2545166015625,26.821880340576173,5.871603965759277,305.450439453125,244.8280029296875,212.85804748535157,179.7746124267578,158.4221649169922,146.96856689453126,92.52499389648438,72.79070281982422,16.07745933532715,351.821044921875,355.8137512207031,52.69424057006836,35.932674407958987,0.7750576138496399,326.5792236328125,285.882080078125,301.51141357421877,1.551645278930664,20.630075454711915,81.28720092773438,72.00001525878906,61.977596282958987,80.6419677734375,115.34880828857422,163.78797912597657,190.75332641601563,184.1972198486328,180.1380615234375,223.58279418945313,265.82037353515627,270.4945373535156,239.14895629882813,182.51596069335938,168.96041870117188,107.91393280029297,102.10135650634766,162.697265625,205.95089721679688,145.01904296875,89.17013549804688,101.7131118774414,92.85487365722656,103.83049011230469,85.34306335449219,64.75047302246094,11.450041770935059,357.2538146972656,23.285202026367189,4.448237419128418,323.9974670410156,292.14892578125],"time":99.990234375,"mapName":"uffici2.map","timeDecision":2.0,"timeScan":0.4000000059604645,"penalty_cost":1.0,"ip":"","os":"Windows 10  (10.0.0) 64bit"}