{"position":["9,11","9,11","9,11","9,11","12,12","14,13","14,13","13,15","12,15","9,17","6,17","5,16","5,15","5,13","6,13","6,13","6,13","5,13","5,12","3,9","3,9","3,9","3,12","3,15","2,15","2,15","1,19","2,21","4,25","4,25","4,25","4,25","3,24","3,21","3,20","5,20","7,20","8,21","7,22","6,26","6,27","7,27","11,27","11,27","11,27","9,25","9,23","9,20","11,17","12,17","13,17","14,19","15,21","14,25","14,26","15,26","18,27","18,27","17,28","17,31","18,33","18,35","20,36","21,36","21,36","21,36","20,36","20,36","20,36","22,36","24,35","24,35","24,32","25,28","25,24","25,24","22,24","18,24","17,24","17,22","17,21","19,21","23,21","25,21","27,20","29,19","33,19","35,19","36,21","36,22","36,22","33,23","31,25","31,27","30,29","31,31"],"rotationY":[0.0,0.0,0.0,60.35675048828125,74.86601257324219,40.62760543823242,340.42437744140627,309.6561279296875,296.29583740234377,288.6203918457031,266.7331237792969,226.48854064941407,182.0279083251953,145.79949951171876,102.94452667236328,163.72113037109376,224.5242919921875,262.6666259765625,209.6973114013672,221.29579162597657,281.4744567871094,341.8942565917969,0.3743778169155121,333.48046875,284.4335021972656,343.78485107421877,352.9883117675781,24.795509338378908,26.559389114379884,81.46614837646485,142.1183624267578,199.92977905273438,202.48846435546876,183.6694793701172,131.93386840820313,93.45333099365235,65.47002410888672,20.616802215576173,339.49591064453127,342.4827880859375,34.711204528808597,81.8283920288086,90.72335815429688,147.3284454345703,207.79241943359376,214.2019805908203,179.5477752685547,157.69326782226563,145.1065673828125,94.97505187988281,52.70119857788086,25.937015533447267,352.2436218261719,346.45770263671877,35.95698547363281,74.14615631103516,46.3423957824707,345.699462890625,344.1903991699219,7.448604106903076,10.229680061340332,38.863189697265628,71.66085052490235,115.7565689086914,176.49989318847657,237.35528564453126,247.38204956054688,186.4486846923828,126.10223388671875,89.367919921875,124.13571166992188,179.3706512451172,165.12078857421876,172.5835418701172,185.41769409179688,246.26034545898438,266.8981018066406,269.87664794921877,218.1691436767578,183.7302703857422,134.9922637939453,95.88304901123047,89.68305206298828,95.15084075927735,125.74390411376953,107.34478759765625,90.5015640258789,60.65166473388672,30.617095947265626,343.4398193359375,283.178466796875,299.50006103515627,323.3070373535156,0.6726609468460083,346.9098815917969,22.47543716430664],"time":100.8931884765625,"mapName":"uffici2.map","timeDecision":10.0,"timeScan":0.7000000476837158,"penalty_cost":8.0,"ip":"","os":"Windows 10  (10.0.0) 64bit"}