{"position":["9,11","9,11","9,11","9,11","12,12","13,12","13,15","13,15","10,16","6,16","6,16","5,14","5,13","6,13","6,13","6,13","5,13","5,12","3,9","3,9","3,9","3,13","2,16","1,20","2,23","2,24","2,24","2,23","3,20","4,20","8,20","8,20","8,23","8,24","8,24","8,23","9,20","11,17","12,17","13,17","15,20","15,23","15,24","18,26","21,27","23,28","23,30","24,33","23,36","23,37","20,37","19,37","19,36","19,35","17,35","15,36","15,36","15,36","17,36","17,36","17,36","15,36","14,35","14,33","14,32","16,32","18,30","19,29","22,29","25,28","25,27","25,24","25,24","21,24","17,24","17,24","17,21","17,21","18,21","20,22","23,21","26,20","30,19","33,19","36,19","36,19","36,23","36,26","37,29","39,30","39,30","39,30","35,31","35,31","35,32"],"rotationY":[0.0,0.0,0.0,60.938758850097659,74.10319519042969,20.116010665893556,356.43292236328127,296.3759460449219,284.27880859375,274.2184753417969,214.1654052734375,184.22105407714845,137.6522216796875,107.44161224365235,167.82801818847657,228.45835876464845,259.6096496582031,210.40237426757813,224.76918029785157,285.20233154296877,345.8839416503906,0.4559638500213623,345.52545166015627,345.52545166015627,13.991130828857422,58.6212272644043,118.75846862792969,161.59315490722657,135.74917602539063,90.05819702148438,78.66439056396485,17.87168312072754,3.1477577686309816,56.40288162231445,116.73272705078125,165.45143127441407,150.5756072998047,131.68231201171876,92.49510955810547,38.421260833740237,26.169445037841798,0.5134662985801697,42.35222625732422,56.10203552246094,72.98401641845703,41.04465103149414,5.358404636383057,4.449045181274414,349.13714599609377,297.2393493652344,272.2150573730469,228.77056884765626,186.32510375976563,239.9333038330078,280.68341064453127,309.3782958984375,9.679144859313965,69.8109359741211,55.35526657104492,354.5364074707031,293.7191162109375,252.34426879882813,209.8721923828125,179.84683227539063,128.21083068847657,100.8695297241211,132.0713653564453,96.11882781982422,106.44278717041016,131.29273986816407,177.66146850585938,198.37240600585938,258.5257873535156,270.3393249511719,266.3169860839844,205.5401153564453,182.3753204345703,122.3625259399414,75.93668365478516,84.46284484863281,100.29519653320313,107.21778106689453,106.1121597290039,89.26823425292969,68.95845794677735,8.32949161529541,359.6398620605469,14.7608003616333,39.51140213012695,48.034183502197269,347.14495849609377,287.087890625,294.67303466796877,351.44921875,296.7699279785156],"time":99.8515625,"mapName":"uffici2.map","timeDecision":3.0,"timeScan":0.20000000298023225,"penalty_cost":6.0,"ip":"","os":"Windows 10  (10.0.0) 64bit"}