{"position":["9,11","9,11","9,11","9,11","12,12","13,12","13,15","13,15","12,15","9,17","5,17","2,16","2,16","2,16","3,16","3,14","3,13","2,13","2,13","2,13","4,13","4,13","4,13","4,13","3,14","2,17","2,21","2,24","3,27","3,27","3,27","3,24","3,20","3,20","6,20","8,20","10,18","10,18","10,18","9,22","9,22","10,26","10,26","10,26","9,25","9,22","9,20","11,17","12,17","13,17","14,17","14,19","15,21","14,25","14,30","14,30","15,30","18,32","18,32","17,35","16,35","14,35","14,35","14,35","15,35","19,36","21,37","24,35","24,34","25,31","25,26","25,26","24,26","21,24","17,24","17,24","17,21","17,21","18,21","20,22","24,22","26,21","28,20","32,19","36,19","36,19","36,21","36,22","33,23","31,24","30,25","29,28","29,30"],"rotationY":[0.0,0.0,0.0,58.1406135559082,74.46592712402344,23.04781723022461,0.20393697917461396,300.1224060058594,299.1095886230469,277.0979309082031,268.1813049316406,246.584228515625,185.75457763671876,125.35081481933594,138.39955139160157,176.72413635253907,222.61376953125,243.52288818359376,183.04217529296876,122.83702087402344,94.46054077148438,126.23545837402344,65.80127716064453,5.698359489440918,329.4366760253906,350.8229675292969,359.22882080078127,16.993043899536134,35.182430267333987,95.49267578125,156.3008575439453,178.6429443359375,175.84510803222657,115.51427459716797,92.81993103027344,125.01103973388672,113.03862762451172,52.20622634887695,351.1672668457031,357.19403076171877,13.222140312194825,4.316701889038086,303.4994201660156,242.91275024414063,199.59194946289063,179.81639099121095,147.9613800048828,134.04530334472657,91.73947143554688,63.429264068603519,51.908206939697269,17.511953353881837,346.4290466308594,357.79364013671877,357.79364013671877,55.46480178833008,60.29277801513672,41.57370376586914,343.5758361816406,321.8055114746094,273.4884948730469,241.0482177734375,180.2469940185547,119.58209228515625,76.67535400390625,68.43775939941406,105.16476440429688,118.89671325683594,160.36053466796876,180.83551025390626,180.83551025390626,238.16546630859376,240.478515625,261.57366943359377,262.5419921875,201.80918884277345,178.36410522460938,118.00447082519531,70.04122924804688,86.47077178955078,100.89288330078125,131.79530334472657,104.93730163574219,93.24480438232422,88.61449432373047,31.65715217590332,358.3321838378906,308.643310546875,283.81365966796877,313.44189453125,340.5258483886719,0.6816766262054443,39.45542907714844],"time":97.98046875,"mapName":"uffici2.map","timeDecision":4.0,"timeScan":0.20000000298023225,"penalty_cost":11.0,"ip":"","os":"Windows 10  (10.0.0) 64bit"}