{"position":["9,11","9,11","9,11","9,11","12,12","13,12","13,15","13,15","10,16","6,16","6,16","5,14","5,13","6,13","6,13","6,13","5,13","4,11","3,9","3,9","3,9","3,14","2,17","2,21","3,24","3,24","3,24","3,23","3,20","4,20","8,20","8,20","8,20","6,23","7,26","7,27","8,27","11,26","11,26","11,26","9,25","9,22","9,20","11,17","13,17","13,17","15,20","16,23","18,24","22,24","24,24","25,26","26,28","26,32","25,35","23,36","21,37","17,37","15,37","14,35","14,32","14,32","16,32","18,33","18,33","19,31","19,29","21,29","21,29","21,29","18,27","15,27","14,27","14,27","15,27","17,26","17,25","17,21","17,21","20,21","24,21","28,20","32,19","34,19","36,20","38,23","38,25","37,29","37,29","39,30","39,30","38,30","35,31","35,32"],"rotationY":[0.0,0.0,0.0,60.04473876953125,74.64999389648438,22.09182357788086,358.19952392578127,297.74407958984377,284.6513977050781,271.169189453125,213.5170440673828,182.69546508789063,135.2711944580078,120.85819244384766,181.49496459960938,242.1490020751953,245.41087341308595,209.8632049560547,238.53941345214845,298.8252868652344,355.0806579589844,0.05064528435468674,346.1794738769531,357.05572509765627,16.91685676574707,72.69699096679688,133.48861694335938,176.25997924804688,148.72328186035157,99.3536605834961,88.73096466064453,30.860820770263673,330.0357666015625,344.50592041015627,10.577436447143555,53.07876205444336,100.75936126708985,120.73311614990235,181.58682250976563,236.22235107421876,197.46202087402345,179.34588623046876,148.3164520263672,127.4366226196289,94.46408081054688,34.333011627197269,26.23187255859375,48.738685607910159,81.021484375,91.6473159790039,61.411312103271487,28.935619354248048,0.6922971606254578,351.6647033691406,333.427490234375,304.78546142578127,270.3821105957031,270.3821105957031,233.60418701171876,201.0542755126953,180.65750122070313,121.75733184814453,88.0665054321289,72.7734146118164,133.67958068847657,163.72317504882813,123.95625305175781,109.3021469116211,169.43016052246095,230.1698455810547,243.43930053710938,268.62249755859377,222.5785675048828,162.5480499267578,109.0597152709961,136.89195251464845,180.63330078125,167.23135375976563,106.64431762695313,89.37591552734375,101.9585189819336,107.22196197509766,94.4515151977539,72.98529815673828,34.53820037841797,20.763389587402345,347.3126525878906,353.27496337890627,54.20746994018555,35.041778564453128,334.6781921386719,284.3706970214844,303.30126953125,303.2564697265625],"time":98.9140625,"mapName":"uffici2.map","timeDecision":5.0,"timeScan":0.20000000298023225,"penalty_cost":5.0,"ip":"","os":"Windows 10  (10.0.0) 64bit"}