{"position":["9,11","9,11","9,11","9,11","12,12","13,12","13,15","13,15","11,15","7,17","6,17","5,15","5,12","5,10","5,10","5,10","3,14","3,15","2,17","2,21","3,24","3,24","3,24","3,21","3,20","5,20","7,20","8,21","8,21","7,22","6,22","6,22","7,23","7,27","7,27","7,27","9,25","9,23","9,20","11,17","11,17","13,17","15,19","15,21","14,24","14,28","14,28","14,28","14,27","14,27","17,27","18,27","18,27","17,30","17,30","15,30","15,31","14,33","14,36","15,36","18,37","18,37","19,34","19,30","19,29","20,29","23,28","25,27","26,28","26,30","26,33","25,35","25,35","23,34","23,32","23,29","23,29","19,29","19,29","17,25","17,23","17,21","18,21","22,21","26,21","26,21","26,20","29,19","33,19","36,19","38,21","39,23","39,23","37,27","36,30","36,31"],"rotationY":[0.0,0.0,0.0,54.48428726196289,74.35890197753906,26.661314010620118,0.59360271692276,302.9690246582031,283.7395935058594,288.7987060546875,234.1051483154297,203.8068084716797,178.92335510253907,213.66961669921876,273.8721923828125,331.5500793457031,338.5242919921875,332.8987121582031,359.7792053222656,7.814701080322266,26.57400894165039,87.03367614746094,147.78656005859376,176.52218627929688,133.76905822753907,94.05514526367188,65.26875305175781,19.383901596069337,326.0098876953125,276.2945556640625,317.868896484375,18.482202529907228,16.598249435424806,2.90694522857666,59.80747985839844,120.72994995117188,146.57334899902345,180.9458770751953,160.95242309570313,148.3038330078125,92.31128692626953,53.88329315185547,33.4575309753418,359.5440979003906,342.4195861816406,356.51123046875,51.825439453125,112.53125762939453,167.16229248046876,111.3086166381836,93.01392364501953,37.93644714355469,337.0912780761719,352.37548828125,291.9284362792969,283.6917724609375,337.5384826660156,0.17084456980228425,26.33273696899414,73.60997772216797,92.498779296875,153.00184631347657,169.88345336914063,182.2235870361328,140.4413604736328,103.23136901855469,115.8235092163086,77.39472198486328,33.92502975463867,1.1913318634033204,342.8412780761719,307.8144836425781,250.0580596923828,216.71009826660157,179.53367614746095,195.6636199951172,255.95321655273438,269.562255859375,212.9137725830078,209.85887145996095,180.77243041992188,141.8037872314453,93.2503662109375,89.88633728027344,100.28040313720703,161.21817016601563,121.22077941894531,107.34770202636719,91.0218734741211,72.38790130615235,48.25040817260742,19.013118743896486,327.83099365234377,336.6999206542969,359.92132568359377,322.1467590332031],"time":100.890625,"mapName":"uffici2.map","timeDecision":5.0,"timeScan":0.30000001192092898,"penalty_cost":5.0,"ip":"","os":"Windows 10  (10.0.0) 64bit"}