{"position":["9,11","9,11","9,11","9,11","12,12","13,12","13,15","13,15","10,16","7,16","6,16","5,14","5,10","5,10","5,10","4,12","2,15","2,17","3,21","3,25","3,25","3,25","3,24","3,20","3,20","5,20","8,21","9,22","11,25","11,25","9,26","7,26","7,26","7,26","9,25","9,23","9,20","11,17","12,17","13,17","15,20","16,22","15,24","14,27","14,28","14,28","14,28","14,27","16,27","21,27","23,28","24,29","25,32","25,35","23,36","20,38","19,38","15,37","13,37","13,37","13,37","16,37","16,37","18,33","19,29","19,29","22,29","26,28","26,28","26,25","26,25","23,25","19,25","17,25","17,24","17,21","17,21","19,21","21,22","24,21","28,19","31,19","35,19","39,20","39,20","39,23","39,24","38,24","38,25","37,29","36,32","36,32"],"rotationY":[0.0,0.0,0.0,56.54186248779297,74.65582275390625,26.303489685058595,3.472811460494995,303.0914611816406,284.8080749511719,273.2828674316406,218.40768432617188,188.7377166748047,180.50314331054688,238.2469482421875,298.88775634765627,333.1400146484375,342.0566101074219,16.796541213989259,6.889646530151367,359.9089050292969,299.2815856933594,238.85659790039063,189.84967041015626,179.4049530029297,122.5038833618164,89.68402862548828,65.5092544555664,33.10639190673828,16.1782283782959,315.4300231933594,286.713623046875,247.96420288085938,187.8963165283203,126.6274185180664,152.80648803710938,180.92469787597657,152.1612548828125,138.47698974609376,93.22215270996094,44.42835998535156,31.49872589111328,359.3063659667969,330.4952087402344,355.33349609375,38.112003326416019,99.0389633178711,159.91758728027345,122.48209381103516,93.17402648925781,89.52830505371094,57.539466857910159,20.128890991210939,0.4114079773426056,337.9259033203125,306.74615478515627,295.0555419921875,253.26409912109376,266.39361572265627,233.67495727539063,173.1464080810547,112.27268981933594,92.980712890625,149.34059143066407,156.8021240234375,166.39041137695313,110.59122467041016,97.82315063476563,105.77769470214844,166.20606994628907,184.80491638183595,245.45693969726563,268.8187255859375,270.21087646484377,230.746826171875,182.60643005371095,160.75518798828126,100.74281311035156,65.5156021118164,100.53744506835938,115.34474182128906,113.03833770751953,90.36955261230469,87.68125915527344,74.51799011230469,18.211483001708986,1.5964782238006592,309.9027404785156,306.8814697265625,356.5104675292969,345.176513671875,334.953369140625,282.639404296875],"time":96.9736328125,"mapName":"uffici2.map","timeDecision":6.0,"timeScan":0.20000000298023225,"penalty_cost":1.0,"ip":"","os":"Windows 10  (10.0.0) 64bit"}