{"position":["9,11","9,11","9,11","9,11","12,12","13,12","13,15","13,17","12,17","11,17","11,18","8,20","8,20","9,21","9,22","10,22","10,24","10,26","10,26","9,25","9,24","9,20","10,18","11,17","15,17","15,17","16,20","17,24","18,24","21,25","24,25","25,27","26,29","25,31","25,35","25,35","22,37","20,38","18,37","15,37","15,37","15,37","17,37","22,37","23,37","23,36","23,33","23,33","23,33","23,35","23,36","21,36","19,36","19,36","17,36","15,36","14,34","14,32","14,32","18,31","19,31","19,31","19,31","15,31","14,31","13,28","13,27","14,27","17,26","17,25","17,21","17,21","20,21","23,21","26,20","29,20","33,19","35,19","36,21","36,23","36,25","37,25","37,25","37,29","37,31","37,31","39,30","39,30","39,30","36,30","36,30","36,32"],"rotationY":[0.0,0.0,0.0,60.06397247314453,74.18987274169922,20.88142967224121,359.8974609375,323.7713317871094,275.0545654296875,320.789794921875,324.3170471191406,307.62982177734377,4.833522796630859,24.619434356689454,58.67795944213867,40.35841369628906,2.7712137699127199,329.40203857421877,268.7794189453125,227.48045349121095,179.53750610351563,171.61036682128907,147.90708923339845,98.66543579101563,91.11101531982422,30.771392822265626,16.323347091674806,27.11931610107422,74.80951690673828,86.60262298583985,58.679569244384769,30.314834594726564,355.9656677246094,347.6141662597656,0.4899503290653229,307.3709411621094,297.278076171875,259.79827880859377,263.951904296875,245.98143005371095,185.95938110351563,125.38594818115235,90.59346008300781,89.55064392089844,132.4370574951172,177.96002197265626,201.46034240722657,262.22100830078127,322.69580078125,357.6316833496094,309.72528076171877,273.8130187988281,238.78009033203126,232.17742919921876,267.5688781738281,235.60845947265626,202.18972778320313,175.99716186523438,115.39055633544922,103.95954895019531,147.13818359375,207.6762237548828,268.14349365234377,270.7203369140625,217.04408264160157,196.7606964111328,149.8789520263672,106.19564819335938,129.27999877929688,178.60958862304688,175.44467163085938,115.10535430908203,91.99967956542969,76.88763427734375,102.80279541015625,103.5082015991211,96.7308120727539,64.56280517578125,30.509355545043947,359.500244140625,33.003604888916019,69.45618438720703,8.537175178527832,0.5954216718673706,38.5479736328125,99.17164611816406,132.60340881347657,192.97071838378907,253.16998291015626,275.3902893066406,335.8528137207031,314.3619079589844],"time":96.873046875,"mapName":"uffici2.map","timeDecision":7.0,"timeScan":0.5,"penalty_cost":9.0,"ip":"","os":"Windows 10  (10.0.0) 64bit"}