{"position":["9,11","9,11","9,11","9,11","12,12","15,13","15,13","13,15","13,15","10,15","6,16","4,16","3,15","3,12","3,11","3,11","3,11","3,15","2,16","2,19","2,23","3,26","3,26","3,26","3,24","3,20","3,20","6,20","9,20","9,20","9,22","10,22","10,23","10,26","10,26","9,25","9,25","9,21","10,19","11,17","13,17","13,17","14,17","15,19","15,23","15,26","14,29","14,30","15,30","18,30","20,29","23,29","23,29","24,31","26,35","26,35","24,36","21,37","17,37","15,37","15,37","15,37","18,37","22,37","23,37","26,34","26,32","26,28","26,25","25,25","22,24","17,24","17,24","17,22","17,21","18,21","20,22","23,21","26,21","26,21","26,20","28,20","31,19","35,19","35,20","36,22","36,23","36,23","35,22","34,22","31,23","29,23","29,24","29,29","29,30"],"rotationY":[0.0,0.0,0.0,60.803627014160159,74.19784545898438,48.528011322021487,347.9912109375,320.6924133300781,271.97576904296877,289.43084716796877,275.21014404296877,245.77386474609376,200.682373046875,181.17355346679688,229.03297424316407,289.2412109375,350.0521545410156,358.8511962890625,334.3450012207031,356.3677978515625,5.580544948577881,27.084699630737306,88.10717010498047,149.34213256835938,181.1497802734375,169.66360473632813,109.31116485595703,89.48001098632813,66.21741485595703,6.508438587188721,42.26465606689453,54.44587707519531,3.0929994583129885,344.6385498046875,284.4679870605469,235.2867431640625,182.64024353027345,179.65818786621095,147.83462524414063,115.99602508544922,82.37805938720703,61.446815490722659,46.58220291137695,16.46685791015625,1.0114690065383912,342.1904296875,355.8016662597656,45.79022979736328,91.62142944335938,112.43189239501953,111.85859680175781,88.60540771484375,27.59638214111328,29.67476463317871,23.603940963745118,323.0992431640625,299.1739807128906,272.48101806640627,268.96405029296877,302.6251525878906,3.073911666870117,63.38557052612305,90.64239501953125,90.64239501953125,132.41546630859376,146.34779357910157,179.82469177246095,180.98033142089845,207.70191955566407,253.29791259765626,268.33489990234377,270.31414794921877,211.66796875,182.5419158935547,127.7644271850586,80.49085998535156,81.72146606445313,103.51602935791016,103.37957000732422,163.40383911132813,138.68603515625,103.80792236328125,93.39849090576172,80.23990631103516,30.405126571655275,1.1890168190002442,320.8892822265625,260.27349853515627,229.7129364013672,281.67816162109377,271.33038330078127,313.0702209472656,357.92041015625,359.6395568847656,37.378173828125],"time":99.9921875,"mapName":"uffici2.map","timeDecision":4.0,"timeScan":0.4000000059604645,"penalty_cost":8.0,"ip":"","os":"Windows 10  (10.0.0) 64bit"}