{"position":["9,11","9,11","9,11","9,11","12,12","13,12","13,15","13,15","11,16","9,17","5,17","2,16","2,16","3,14","4,12","4,12","4,12","3,14","2,17","2,22","2,25","2,25","3,24","3,24","3,20","3,20","7,20","8,20","10,18","10,18","9,18","9,18","9,20","9,22","10,22","10,22","10,26","10,26","7,27","6,27","6,27","7,26","9,25","9,22","9,20","11,17","13,17","13,17","15,20","16,23","17,24","20,24","24,24","25,24","26,26","26,28","25,29","25,33","25,37","25,38","24,38","20,37","19,36","19,34","19,30","19,30","17,30","14,30","14,30","14,34","14,38","14,38","15,37","17,36","17,34","17,30","17,25","17,21","17,21","18,21","20,22","24,21","27,20","30,19","34,19","35,19","37,22","37,22","37,22","36,22","32,23","31,24","29,26","29,29","30,31"],"rotationY":[0.0,0.0,0.0,60.890071868896487,74.40357971191406,20.287010192871095,357.2032775878906,296.80810546875,299.5022277832031,273.78662109375,261.2549133300781,241.64041137695313,181.23521423339845,156.4290313720703,194.33921813964845,254.48138427734376,314.53240966796877,341.3528747558594,0.38662388920783999,0.38662388920783999,21.74521255493164,83.76777648925781,127.42130279541016,179.17544555664063,164.8821563720703,104.74658966064453,92.17333221435547,131.69622802734376,154.9471435546875,215.25479125976563,267.0621643066406,323.27001953125,356.9184875488281,30.955291748046876,73.21469116210938,13.10871696472168,1.4568971395492554,300.84881591796877,286.3258056640625,234.721435546875,173.70175170898438,127.90189361572266,155.83705139160157,180.0010528564453,149.9601593017578,131.4301300048828,94.24353790283203,37.40386199951172,40.01572799682617,22.657594680786134,64.0427017211914,89.8050537109375,92.57624053955078,43.12540054321289,16.8992977142334,336.02239990234377,344.9277648925781,357.05206298828127,0.055580686777830127,310.6805725097656,261.8914794921875,255.78384399414063,210.8680419921875,180.1187744140625,177.4803466796875,238.10211181640626,271.0654296875,294.3619384765625,355.1200866699219,0.7977321147918701,11.592368125915528,72.03500366210938,121.55216217041016,147.03602600097657,180.83934020996095,180.83934020996095,180.83934020996095,171.376953125,110.78977966308594,65.37329864501953,99.32560729980469,96.81028747558594,112.43031311035156,106.11422729492188,89.59799194335938,47.062923431396487,34.91596984863281,14.464900970458985,313.7801513671875,269.89825439453127,284.34002685546877,316.0906982421875,345.7318115234375,358.8353271484375,40.95757293701172],"time":99.939453125,"mapName":"uffici2.map","timeDecision":4.0,"timeScan":0.6000000238418579,"penalty_cost":1.0,"ip":"","os":"Windows 10  (10.0.0) 64bit"}