{"position":["9,11","9,11","9,11","9,11","12,12","13,13","13,14","13,15","10,16","6,17","6,17","5,14","5,11","5,10","5,10","4,11","3,15","1,18","1,18","2,18","2,18","2,21","3,21","4,22","3,24","3,27","3,27","3,27","3,25","3,20","3,20","6,20","8,21","9,21","9,21","9,21","9,22","9,23","10,26","10,26","10,26","9,25","9,22","9,20","11,17","13,17","13,17","14,17","15,19","15,22","14,26","13,28","14,30","15,30","18,30","18,29","19,27","19,27","22,28","24,28","24,28","24,30","24,33","25,34","25,37","25,37","22,37","18,37","15,37","15,37","15,37","17,36","17,33","17,29","17,24","17,21","17,21","19,21","19,21","19,22","21,22","25,21","28,20","31,19","36,19","36,19","36,21","36,22","35,22","31,25","30,25","29,29","29,31"],"rotationY":[0.0,0.0,0.0,60.441158294677737,73.24630737304688,21.468164443969728,343.76300048828127,302.02899169921877,285.177490234375,278.100341796875,217.54771423339845,196.673828125,179.965087890625,231.413330078125,292.1573181152344,332.0848083496094,342.04364013671877,342.0933837890625,42.19115447998047,76.44444274902344,15.731822967529297,6.523548126220703,56.50098419189453,13.277570724487305,345.6647033691406,331.53802490234377,270.8681640625,210.8527069091797,179.69277954101563,177.71388244628907,117.39737701416016,94.6800308227539,71.7733383178711,17.586362838745118,317.1627502441406,359.660400390625,53.33185958862305,15.822748184204102,359.0102233886719,298.2894287109375,237.72801208496095,192.89088439941407,180.2202911376953,147.397705078125,127.2544174194336,93.83018493652344,71.5355453491211,39.98250198364258,11.913907051086426,343.7834777832031,341.50469970703127,16.587425231933595,47.952903747558597,88.42919921875,116.14900970458985,158.6236114501953,122.44746398925781,66.6514663696289,89.03811645507813,51.723567962646487,351.3330383300781,4.741715908050537,21.999065399169923,18.417232513427736,355.5147705078125,295.2240905761719,272.40325927734377,269.41009521484377,245.17776489257813,184.7517547607422,123.93710327148438,154.1468963623047,179.99066162109376,181.00457763671876,181.00457763671876,162.11851501464845,101.32991027832031,67.10674285888672,11.993624687194825,64.26106262207031,101.57952117919922,98.90023040771485,106.68756866455078,90.16384887695313,90.16384887695313,32.48271179199219,0.6997246742248535,310.11187744140627,299.6210632324219,299.6210632324219,343.6536865234375,355.6158447265625,34.24342727661133],"time":97.765625,"mapName":"uffici2.map","timeDecision":2.0,"timeScan":0.6000000238418579,"penalty_cost":4.0,"ip":"","os":"Windows 10  (10.0.0) 64bit"}