{"position":["9,11","9,11","9,11","9,11","12,12","13,12","13,15","13,15","14,19","14,21","14,25","14,25","18,26","19,26","22,24","23,24","25,25","26,28","26,31","25,34","25,36","23,37","21,37","16,37","15,37","14,35","14,33","14,32","17,30","17,30","17,30","14,30","14,30","14,26","14,22","13,18","13,17","11,17","10,18","8,20","9,21","9,22","10,22","10,24","10,26","10,26","7,25","7,25","7,21","7,20","5,19","4,19","3,20","3,22","3,22","4,22","4,24","3,26","3,26","2,25","2,23","2,19","2,16","4,14","4,14","2,13","2,13","3,10","3,10","5,11","5,11","5,15","5,15","9,15","13,15","15,15","18,17","19,19","19,21","22,22","25,22","25,22","26,20","30,19","33,19","36,20","36,20","36,24","37,27","37,29","39,30","39,30","39,30","35,31","34,32"],"rotationY":[0.0,0.0,0.0,60.8088264465332,75.26325225830078,21.68022346496582,359.61566162109377,9.408228874206543,11.366905212402344,353.7110900878906,2.3025550842285158,63.25868606567383,72.9576187133789,112.6910171508789,121.34734344482422,75.85910034179688,39.89624786376953,16.39851951599121,0.11714068055152893,342.3349609375,329.9241638183594,294.0078125,269.0467834472656,269.0467834472656,240.29684448242188,203.54360961914063,178.70668029785157,130.7919158935547,137.92337036132813,198.5937042236328,259.04541015625,254.090576171875,193.67129516601563,180.5331573486328,179.53915405273438,191.51060485839845,237.19000244140626,271.150146484375,314.66162109375,334.7954406738281,19.404678344726564,67.03555297851563,43.47629165649414,1.7642858028411866,332.2566833496094,271.6682434082031,252.08587646484376,191.10104370117188,179.1750946044922,221.05125427246095,248.08831787109376,301.3742980957031,343.0710144042969,17.175443649291993,75.94475555419922,27.634010314941408,348.6333923339844,317.7166748046875,257.25048828125,214.89527893066407,179.09368896484376,179.09368896484376,147.87075805664063,154.67823791503907,214.94131469726563,231.26524353027345,170.39016723632813,148.1669464111328,88.0399169921875,56.37409973144531,2.0989151000976564,15.005831718444825,75.74535369873047,86.71672821044922,90.70955657958985,59.37023162841797,42.465187072753909,14.45046615600586,52.914337158203128,72.28021240234375,93.68087768554688,148.1083984375,112.30469512939453,103.6179428100586,83.02983093261719,64.6110610961914,11.299508094787598,359.8760070800781,18.388591766357423,28.7733097076416,51.46440887451172,350.5102233886719,290.28729248046877,288.6050109863281,319.5909423828125],"time":99.921875,"mapName":"uffici2.map","timeDecision":5.0,"timeScan":0.8000000715255737,"penalty_cost":6.0,"ip":"","os":"Windows 10  (10.0.0) 64bit"}