{"position":["9,11","9,11","9,11","9,11","12,12","13,12","13,15","13,15","10,16","6,16","6,16","5,14","5,13","6,13","6,13","6,13","5,13","4,12","3,9","3,9","3,9","3,13","2,16","2,20","3,23","3,24","3,24","3,23","3,20","3,20","6,20","8,21","10,24","11,25","11,25","7,26","7,26","7,26","9,25","9,24","9,21","10,19","11,17","13,17","14,17","15,20","15,24","15,24","17,24","22,24","25,24","26,25","26,27","26,30","25,34","25,36","23,36","20,37","15,37","15,37","14,34","14,31","14,29","14,29","14,29","14,30","18,32","18,32","19,30","19,29","21,29","21,29","21,29","19,29","19,29","17,25","17,22","17,21","18,21","20,22","23,21","26,20","29,20","33,20","36,20","36,21","36,22","35,22","32,23","29,23","29,24","29,27","29,30"],"rotationY":[0.0,0.0,0.0,60.09695816040039,74.37033081054688,21.7069149017334,357.7176208496094,297.6207275390625,283.3939514160156,271.5336608886719,211.0373992919922,181.29270935058595,134.31942749023438,117.22272491455078,177.29957580566407,237.6262969970703,249.7474822998047,209.44297790527345,231.99530029296876,292.44110107421877,352.90008544921877,0.5655531883239746,344.4968566894531,357.1361083984375,16.916345596313478,63.480194091796878,123.97693634033203,176.16668701171876,159.2520294189453,98.93670654296875,74.88726043701172,47.360382080078128,33.778656005859378,352.0171813964844,291.68658447265627,283.35546875,222.89097595214845,162.0227508544922,123.30728912353516,168.21568298339845,180.48297119140626,149.66900634765626,112.13680267333985,83.68807983398438,31.458332061767579,17.54338836669922,359.71490478515627,55.65327835083008,86.04931640625,90.13211059570313,73.65413665771485,31.110227584838868,0.8270789980888367,343.1043701171875,356.2361145019531,323.1004943847656,287.8379821777344,269.8973693847656,269.8973693847656,213.59194946289063,194.5675506591797,179.77047729492188,139.3737030029297,78.29673767089844,18.045454025268556,59.712860107421878,63.112327575683597,123.77334594726563,157.556884765625,112.21761322021485,118.9360122680664,179.0102081298828,239.6922149658203,264.563232421875,209.86566162109376,199.92637634277345,180.28179931640626,132.8816375732422,86.43169403076172,74.98989868164063,100.76232147216797,114.37383270263672,90.21932983398438,88.3787841796875,65.78857421875,15.419465065002442,329.3013610839844,287.2745666503906,271.0670471191406,294.2976989746094,343.4421081542969,0.40364372730255129,28.235620498657228],"time":97.85986328125,"mapName":"uffici2.map","timeDecision":8.0,"timeScan":0.10000000149011612,"penalty_cost":9.0,"ip":"","os":"Windows 10  (10.0.0) 64bit"}