{"position":["9,11","9,11","9,11","9,11","12,12","13,12","13,15","13,15","10,16","7,16","5,16","5,15","5,13","6,13","6,13","6,13","5,13","5,13","3,9","3,9","3,9","3,11","3,15","3,15","2,16","2,18","2,23","3,26","3,26","3,26","3,24","3,24","3,24","3,24","3,22","3,20","4,20","8,20","8,20","8,20","6,23","7,25","8,26","8,26","9,25","9,21","9,19","11,17","13,17","13,17","14,20","15,23","15,26","15,26","14,26","14,29","14,32","14,32","18,32","18,32","18,34","17,35","16,35","16,35","16,35","20,37","21,37","24,35","25,33","25,29","25,25","25,25","22,25","18,25","17,25","17,24","17,21","17,21","21,21","25,22","26,22","26,21","26,20","28,20","32,20","36,20","36,20","36,22","36,22","32,23","29,23","29,24","29,27","29,30"],"rotationY":[0.0,0.0,0.0,57.80708694458008,74.53802490234375,23.71755027770996,359.2625732421875,300.5728759765625,284.55743408203127,271.0111999511719,232.557373046875,185.54368591308595,149.11834716796876,100.27350616455078,158.041748046875,218.35044860839845,269.4377136230469,212.68836975097657,208.06907653808595,266.8126220703125,327.5435791015625,0.13176360726356507,349.1913146972656,288.6785583496094,331.6742858886719,359.4289855957031,1.3310626745224,19.707073211669923,80.09535217285156,141.0939178466797,180.00802612304688,230.15992736816407,281.0015869140625,220.88519287109376,182.5839385986328,144.7893829345703,92.85769653320313,86.72261810302735,26.366804122924806,331.90423583984377,353.0581359863281,28.606651306152345,67.21454620361328,124.86886596679688,169.3557891845703,180.94737243652345,149.09310913085938,125.1986083984375,91.74761199951172,31.201698303222658,18.327730178833009,0.0188105721026659,335.1910095214844,280.70404052734377,333.6112060546875,357.2852783203125,17.806303024291993,78.57431030273438,87.0406265258789,26.18716812133789,345.3459167480469,303.34759521484377,309.044189453125,9.285841941833496,70.02193450927735,70.02193450927735,119.19013214111328,137.64183044433595,164.22515869140626,179.87640380859376,183.60165405273438,243.72024536132813,265.6482849121094,273.00982666015627,225.33697509765626,182.67068481445313,156.8627471923828,96.33316802978516,89.44856262207031,76.7191390991211,118.4901123046875,173.0889434814453,130.3445587158203,89.77977752685547,89.77977752685547,78.25395965576172,18.147064208984376,343.01092529296877,284.3267822265625,276.8326721191406,291.7938537597656,345.2481994628906,0.45560669898986819,25.329771041870118],"time":98.7734375,"mapName":"uffici2.map","timeDecision":5.0,"timeScan":0.20000000298023225,"penalty_cost":7.0,"ip":"","os":"Windows 10  (10.0.0) 64bit"}