{"position":["22,2","22,2","22,2","22,2","23,5","23,9","24,12","24,12","24,12","22,13","22,14","21,14","21,14","21,16","22,19","21,19","20,22","20,22","22,22","23,23","23,24","23,28","23,33","23,33","25,34","25,35","23,38","23,41","24,43","24,43","24,43","22,46","22,48","22,48","23,51","23,51","19,52","16,52","15,52","14,52","13,52","11,52","11,52","11,52","14,52","18,52","19,52","20,50","20,46","20,45","17,44","16,44","15,41","15,38","15,36","15,36","15,36","12,35","10,35","10,34","10,33","10,33","9,33","8,33","7,33","7,33","7,33","7,34","7,34","4,35","3,35","2,36","2,37","2,37","2,37","2,37","3,34","3,34","4,34","7,34","7,34","7,31","6,30","6,30","5,29","4,28","3,26","3,24","3,24","8,24","11,24","12,24","13,24","13,24","14,27"],"rotationY":[0.0,0.0,0.0,354.1243896484375,8.097891807556153,2.8942434787750246,24.3773193359375,342.9377136230469,286.2410888671875,318.9130859375,271.9734191894531,288.11712646484377,345.69390869140627,11.948580741882325,338.6673583984375,341.2528381347656,338.1358947753906,38.38591003417969,76.97725677490235,38.64582443237305,355.3388671875,359.247314453125,359.247314453125,58.13208770751953,26.534423828125,335.60211181640627,347.9778747558594,15.83591365814209,44.96171188354492,19.35443878173828,326.3723449707031,338.51953125,13.65876579284668,16.29718780517578,354.5638732910156,293.7242431640625,280.68585205078127,280.7821044921875,313.7942199707031,258.3237609863281,269.9803161621094,233.42477416992188,172.47518920898438,111.09249877929688,89.60127258300781,89.60127258300781,142.03509521484376,172.47509765625,182.01028442382813,228.3574981689453,254.04029846191407,211.85377502441407,189.62095642089845,193.02984619140626,163.74827575683595,185.49107360839845,245.81643676757813,265.8799133300781,233.91680908203126,185.5773468017578,185.37094116210938,246.2486114501953,238.39259338378907,215.3839111328125,203.38206481933595,263.8667907714844,324.0254211425781,5.681144714355469,304.9782409667969,289.940673828125,315.13824462890627,356.66168212890627,21.487119674682618,42.34238815307617,102.64114379882813,162.9263458251953,191.0092315673828,130.7716827392578,90.94180297851563,117.62484741210938,178.00076293945313,199.84414672851563,173.9078369140625,234.13821411132813,247.02816772460938,209.2554473876953,179.3083038330078,144.63906860351563,91.13433837890625,95.25616455078125,85.18558502197266,82.63739776611328,57.71162796020508,39.524696350097659,11.441204071044922],"time":100.1796875,"mapName":"open1.map","timeDecision":0.6000000238418579,"timeScan":0.029999999329447748,"penalty_cost":50.0,"ip":"","os":"Windows 10  (10.0.0) 64bit"}