{"position":["9,11","9,11","9,11","9,11","12,12","12,12","13,15","13,15","10,16","6,16","5,16","5,15","5,13","6,13","6,13","6,13","5,13","5,13","3,9","3,9","3,9","3,12","3,15","2,16","2,20","3,23","4,26","4,26","4,26","3,24","3,21","3,20","4,20","8,20","8,20","8,23","10,25","10,26","10,26","9,26","9,24","9,20","10,18","11,17","13,17","14,17","15,19","16,24","16,24","20,24","23,25","26,27","26,27","25,30","25,34","25,37","24,37","23,37","23,37","23,35","23,35","23,35","23,36","23,36","19,36","15,36","15,36","15,36","15,35","14,32","14,32","16,32","19,31","19,31","18,31","17,30","17,26","17,22","17,21","18,21","19,21","23,21","26,20","30,20","35,20","36,20","36,21","36,23","34,23","32,25","30,27","29,29","30,31"],"rotationY":[0.0,0.0,0.0,57.74594497680664,74.16574096679688,20.745576858520509,356.8675842285156,296.2041015625,283.54925537109377,273.914794921875,227.40492248535157,185.84925842285157,146.83929443359376,102.68162536621094,163.3686981201172,223.85838317871095,268.98553466796877,209.56309509277345,213.8806610107422,273.9912109375,334.66986083984377,0.5710975527763367,341.5411376953125,350.958251953125,1.3392982482910157,18.575708389282228,359.9818115234375,299.8040771484375,238.80276489257813,204.74855041503907,180.18885803222657,137.78831481933595,90.66716003417969,83.03348541259766,22.06989097595215,8.571432113647461,29.151582717895509,337.9434509277344,277.81195068359377,226.7433319091797,182.8106689453125,179.81277465820313,148.04750061035157,106.09202575683594,73.3025894165039,47.677085876464847,17.199003219604493,17.199003219604493,74.0805435180664,87.22550201416016,71.09947967529297,56.88995361328125,0.2115316390991211,346.9637145996094,0.33236363530158999,338.9840393066406,286.18011474609377,248.88992309570313,188.61622619628907,151.83229064941407,90.93733978271485,30.826251983642579,339.7704772949219,282.23394775390627,269.314697265625,263.6722412109375,203.6544647216797,153.8190155029297,205.92320251464845,187.08607482910157,132.29701232910157,101.71200561523438,124.9513168334961,185.23155212402345,237.2047576904297,196.07232666015626,183.0376739501953,179.6916046142578,130.64273071289063,82.654541015625,90.64818572998047,100.9596176147461,94.72566223144531,90.10157775878906,90.10157775878906,46.08283233642578,3.6389095783233644,322.0765686035156,289.8018798828125,317.33245849609377,332.24786376953127,0.4501791000366211,42.19904708862305],"time":97.73828125,"mapName":"uffici2.map","timeDecision":2.0,"timeScan":0.10000000149011612,"penalty_cost":3.0,"ip":"","os":"Windows 10  (10.0.0) 64bit"}