{"position":["9,11","9,11","9,11","9,11","12,12","13,12","13,14","13,14","13,14","13,13","13,13","10,13","9,12","8,9","8,7","7,7","7,7","8,6","9,3","9,3","7,3","5,3","5,5","4,7","4,7","4,7","5,4","5,3","7,3","10,3","13,5","13,5","13,5","16,2","16,2","16,3","17,6","17,9","17,9","21,9","21,9","21,11","21,13","23,14","26,15","30,15","35,15","39,15","43,16","46,17","49,17","49,17","49,15","49,15","49,15","50,17","50,22","50,26","50,31","50,32","48,33","48,34","49,37","49,37","49,37","49,36","49,36","45,36","45,36","45,37","45,37","44,36","44,34","44,30","44,26","43,23","43,19","43,18","41,18","41,18","41,20","41,20","39,20","39,20","39,22","39,22","40,22","40,22","40,22","39,22","37,26","37,28","37,32","37,32","34,32"],"rotationY":[0.0,0.0,0.0,60.23948287963867,74.24456787109375,20.98729705810547,27.448036193847658,87.50373077392578,147.73558044433595,197.3115234375,258.1136474609375,254.78369140625,209.36904907226563,190.64720153808595,204.39239501953126,254.7251434326172,196.64251708984376,153.79544067382813,175.6109619140625,236.038818359375,267.9205322265625,307.6297607421875,345.947998046875,317.82672119140627,257.25518798828127,196.93605041503907,169.0022430419922,126.25548553466797,92.30058288574219,71.20488739013672,57.53783416748047,64.22994232177735,124.60942840576172,132.20913696289063,73.63042449951172,20.419254302978517,-0.004656187258660793,15.801019668579102,75.36343383789063,90.38799285888672,36.58124923706055,2.5429136753082277,38.623779296875,63.503841400146487,89.81424713134766,89.81424713134766,90.8687973022461,90.8687973022461,74.20591735839844,82.12146759033203,104.29998779296875,164.76409912109376,149.2908477783203,89.22395324707031,29.8299503326416,0.009954222477972508,0.009954222477972508,0.009954222477972508,0.009954222477972508,310.9412841796875,319.6399841308594,9.268084526062012,28.725603103637697,89.51223754882813,149.89219665527345,199.4761505126953,260.1636657714844,267.2578430175781,327.43963623046877,323.01885986328127,262.8818054199219,218.68869018554688,180.53030395507813,178.75784301757813,187.00930786132813,191.95849609375,180.0452423095703,226.81605529785157,264.3833923339844,322.2213439941406,357.72735595703127,302.3042297363281,281.64691162109377,342.1784362792969,18.347675323486329,76.6658706665039,27.527172088623048,326.5744323730469,269.00958251953127,321.7142333984375,330.48876953125,357.89703369140627,353.9453125,293.6896667480469,282.823486328125],"time":99.8203125,"mapName":"uffici2.map","timeDecision":8.0,"timeScan":0.30000001192092898,"penalty_cost":6.0,"ip":"","os":"Windows 10  (10.0.0) 64bit"}