{"position":["9,11","9,11","9,11","9,11","12,12","13,12","13,15","13,16","10,17","7,18","4,20","3,20","3,21","3,22","4,22","4,22","4,22","3,22","3,22","3,18","3,14","3,10","3,10","4,11","5,11","5,14","5,15","6,15","7,18","7,21","7,25","7,27","7,27","7,27","7,24","7,20","7,20","4,20","3,20","3,22","4,23","4,23","2,27","2,27","2,27","2,27","3,24","3,20","3,20","6,20","8,20","11,17","13,17","13,17","14,20","15,24","15,27","15,27","14,27","14,29","14,33","14,35","16,36","19,37","23,37","25,37","25,36","25,32","25,27","25,27","23,27","21,25","20,25","19,27","18,29","18,32","18,32","17,31","17,31","17,27","17,22","17,21","19,21","23,21","26,21","29,20","33,20","36,20","36,20","36,24","36,28","36,31","35,32"],"rotationY":[0.0,0.0,0.0,58.77083969116211,74.32342529296875,21.897796630859376,359.7915954589844,310.76983642578127,287.24456787109377,299.92254638671877,285.27386474609377,317.27484130859377,0.1224798634648323,54.07387161254883,60.53681945800781,359.7784729003906,299.0298767089844,248.3325958251953,187.9168243408203,177.92994689941407,180.35293579101563,172.8083038330078,112.35539245605469,67.94449615478516,18.311017990112306,2.1255319118499758,53.606990814208987,43.92951965332031,17.487668991088868,359.6182861328125,359.6182861328125,320.8224792480469,260.4900817871094,200.2648162841797,179.4434051513672,189.3833770751953,249.88345336914063,266.95526123046877,320.6715087890625,355.44793701171877,39.778743743896487,342.8735656738281,337.09765625,279.1109619140625,218.38168334960938,160.36729431152345,180.50149536132813,170.5508575439453,109.98053741455078,93.75955963134766,127.06478118896485,129.10166931152345,90.447265625,29.60291862487793,17.358430862426759,5.558610439300537,344.68865966796877,284.4197692871094,324.0484619140625,1.5580583810806275,1.5580583810806275,34.35676193237305,71.83749389648438,89.59366607666016,90.56645965576172,131.5212860107422,176.62802124023438,179.62596130371095,181.54022216796876,240.4423065185547,263.1872253417969,241.030029296875,293.042724609375,322.9632568359375,0.7681278586387634,345.59747314453127,285.1932373046875,233.32171630859376,181.63380432128907,179.64576721191407,179.64576721191407,131.34976196289063,97.1216812133789,88.92642974853516,111.3553466796875,93.04740142822266,90.10957336425781,66.4444351196289,6.349299430847168,359.2311706542969,359.2311706542969,338.33856201171877,293.4686584472656],"time":97.875,"mapName":"uffici2.map","timeDecision":5.0,"timeScan":0.20000000298023225,"penalty_cost":11.0,"ip":"","os":"Windows 10  (10.0.0) 64bit"}