{"position":["22,2","22,2","22,2","22,2","22,4","23,8","23,11","24,12","27,13","28,13","28,13","28,13","28,12","29,11","29,11","29,11","29,11","29,15","29,16","32,17","34,18","34,18","34,18","30,18","30,18","28,14","28,14","24,14","24,14","23,17","23,20","24,24","24,27","23,30","23,33","24,34","24,34","24,34","27,35","29,35","33,36","34,36","38,36","38,36","40,36","44,34","45,34","45,34","44,35","44,37","45,40","45,44","45,48","45,49","42,50","39,50","39,50","39,48","39,45","39,45","39,44","38,44","37,44","37,44","38,41","38,36","38,36","36,36","31,36","27,36","24,36","24,37","23,41","24,42","25,43","27,44","27,44","27,44","24,45","23,45","23,45","21,45","17,44","15,44","15,43","14,40","14,37","13,36","13,36","13,34","14,34"],"rotationY":[0.0,0.0,0.0,44.00739288330078,8.773656845092774,359.8267517089844,18.020383834838868,66.02989196777344,73.0844955444336,19.427438735961915,74.46601104736328,135.03085327148438,152.80909729003907,122.50142669677735,131.01759338378907,69.45657348632813,9.20417308807373,0.180773064494133,47.64179611206055,71.86184692382813,44.37653350830078,344.2164611816406,284.0838928222656,268.77825927734377,212.22250366210938,209.3288116455078,266.78753662109377,278.3490905761719,338.6262512207031,353.5191345214844,15.258665084838868,5.272128105163574,344.0752258300781,356.26544189453127,21.70040512084961,47.051090240478519,28.39655876159668,59.23203659057617,77.57445526123047,86.53116607666016,70.56452941894531,87.97644805908203,79.94878387451172,70.01126098632813,106.91999053955078,108.55596160888672,61.83731460571289,0.8722693920135498,325.7334289550781,3.3995914459228517,8.359350204467774,1.124258279800415,357.896728515625,306.4922790527344,285.7763671875,267.63873291015627,207.09622192382813,178.20797729492188,206.20147705078126,200.88009643554688,231.25282287597657,283.30316162109377,238.76675415039063,172.97500610351563,178.34408569335938,180.19923400878907,239.23341369628907,267.44183349609377,271.5443115234375,270.5272216796875,297.5084533691406,342.41729736328127,353.30865478515627,33.69882583618164,74.44758605957031,56.0932502746582,355.2360534667969,294.4793701171875,293.202392578125,340.7731018066406,287.7016296386719,258.9736328125,256.0829162597656,243.9757080078125,198.2488250732422,181.60385131835938,207.15643310546876,251.83480834960938,210.87979125976563,168.8198699951172,161.12628173828126],"time":96.130859375,"mapName":"open1.map","timeDecision":0.9000000953674316,"timeScan":0.10999998450279236,"penalty_cost":10.0,"ip":"","os":"Windows 10  (10.0.0) 64bit"}