{"position":["9,11","9,11","9,11","9,11","12,12","14,13","14,13","13,15","12,15","9,17","6,17","5,16","5,15","5,13","6,13","6,13","6,13","5,13","5,12","3,9","3,9","3,9","3,12","3,15","2,15","2,15","2,18","2,23","3,26","3,26","3,26","3,25","3,20","3,20","6,20","7,20","8,21","8,21","6,22","6,23","7,26","8,26","11,27","11,27","11,27","9,25","9,22","9,20","11,17","13,17","13,17","15,20","17,23","17,24","18,24","22,24","24,24","24,25","25,28","25,32","25,36","25,36","22,37","18,37","15,37","13,36","13,36","14,33","14,32","16,31","19,29","19,29","17,27","17,27","17,27","17,26","17,23","17,21","18,21","20,21","20,21","19,22","19,22","20,22","23,21","27,20","30,20","33,19","35,19","36,21","36,22","36,22","34,23","30,25","30,27","29,30","29,32"],"rotationY":[0.0,0.0,0.0,60.83625793457031,74.64713287353516,38.68741226196289,338.0599670410156,307.9618225097656,299.3687438964844,284.5470275878906,262.63330078125,221.41452026367188,182.31956481933595,140.75233459472657,108.59638214111328,169.14810180664063,230.07461547851563,262.23614501953127,209.23521423339845,221.25784301757813,281.824951171875,341.968505859375,1.890172004699707,335.4703063964844,284.4075927734375,341.2278747558594,0.3272983133792877,0.3272983133792877,17.933870315551759,77.10819244384766,138.45619201660157,179.2909698486328,180.45751953125,120.01343536376953,92.95941162109375,50.18220138549805,9.684332847595215,308.8788146972656,325.8037109375,10.593827247619629,35.128318786621097,73.31482696533203,99.31776428222656,159.7828369140625,220.51463317871095,196.4959716796875,179.64202880859376,148.31161499023438,123.4480209350586,92.36491394042969,31.495620727539064,38.91695785522461,21.068038940429689,34.732513427734378,85.04769897460938,90.51695251464844,65.3203125,16.63420295715332,1.2055331468582154,350.4001159667969,355.76373291015627,294.7832946777344,281.3954162597656,269.1186218261719,253.27447509765626,215.60104370117188,157.9641876220703,173.2530059814453,120.22105407714844,119.54003143310547,133.20257568359376,193.951904296875,219.90357971191407,270.2701416015625,209.6464385986328,159.65589904785157,180.7379608154297,147.23196411132813,93.50625610351563,64.10893249511719,3.648103952407837,330.3514099121094,31.322694778442384,86.40299987792969,103.61734771728516,110.04549407958985,98.19583129882813,96.05793762207031,58.23454284667969,28.808860778808595,342.5893859863281,282.3414306640625,299.61663818359377,306.22216796875,343.74163818359377,359.67340087890627,28.05336570739746],"time":102.0517578125,"mapName":"uffici2.map","timeDecision":3.0,"timeScan":0.7000000476837158,"penalty_cost":1.0,"ip":"","os":"Windows 10  (10.0.0) 64bit"}