{"position":["9,11","9,11","9,11","9,11","12,12","13,12","13,15","13,15","12,15","9,17","5,17","5,17","5,15","5,12","5,12","5,12","5,12","3,15","1,16","1,16","1,19","2,19","2,20","2,24","3,26","3,26","3,25","3,22","3,20","4,20","6,20","8,21","8,21","7,22","7,22","10,22","10,22","11,25","11,26","9,26","7,27","7,27","7,27","9,25","9,21","10,19","11,17","13,17","13,17","15,20","15,24","14,27","14,30","14,31","14,31","15,30","17,30","17,29","18,29","22,29","23,29","23,29","24,25","24,25","22,25","18,25","17,25","17,23","17,21","17,21","20,21","22,22","25,22","25,22","25,22","23,22","19,21","17,21","17,21","17,21","19,21","23,21","27,20","31,19","34,19","36,20","36,21","36,25","37,27","37,30","38,30","39,30","39,30","37,31","34,32"],"rotationY":[0.0,0.0,0.0,57.83918380737305,74.77249908447266,24.11619758605957,359.8142395019531,302.1396789550781,299.9976501464844,282.3992614746094,273.4886474609375,214.90370178222657,182.34530639648438,159.87432861328126,98.89056396484375,38.205474853515628,338.13189697265627,323.60638427734377,301.73931884765627,357.0646057128906,29.750682830810548,44.96329116821289,2.715229034423828,13.848483085632325,49.43342590332031,110.07019805908203,163.48214721679688,180.41004943847657,146.61395263671876,93.78712463378906,65.1468276977539,31.834108352661134,331.75958251953127,1.5893803834915162,61.5972900390625,88.5799789428711,30.90700340270996,17.335708618164064,322.8284606933594,287.004638671875,256.425537109375,195.8847198486328,141.1471710205078,165.17633056640626,180.36151123046876,150.5408477783203,118.89104461669922,86.69056701660156,31.299455642700197,18.273073196411134,359.7737121582031,342.6169128417969,359.86773681640627,47.047767639160159,107.06684112548828,98.30610656738281,137.41827392578126,142.91580200195313,93.8962173461914,88.80105590820313,103.34112548828125,162.4329376220703,170.89492797851563,231.328857421875,265.13995361328127,270.49853515625,220.638916015625,183.49574279785157,151.7675323486328,92.39875030517578,70.36744689941406,85.29954528808594,56.920162200927737,356.4497985839844,295.5240478515625,258.5859069824219,260.80865478515627,294.69091796875,355.61474609375,55.96720504760742,90.485107421875,102.78718566894531,105.00812530517578,95.91629791259766,78.00719451904297,47.28227233886719,0.3576490581035614,5.337798118591309,5.300267219543457,28.877328872680665,81.89710998535156,37.04555130004883,336.67315673828127,298.1761169433594,288.1553955078125],"time":99.84375,"mapName":"uffici2.map","timeDecision":3.0,"timeScan":0.5,"penalty_cost":7.0,"ip":"","os":"Windows 10  (10.0.0) 64bit"}