{"position":["9,11","9,11","9,11","9,11","12,12","14,13","14,13","13,15","12,15","9,17","6,17","5,16","5,15","5,13","6,13","6,13","5,11","4,9","4,9","4,9","5,10","5,11","3,15","2,15","2,15","2,17","2,22","2,26","2,27","2,27","3,26","3,24","3,20","3,20","6,20","8,21","8,21","7,22","6,22","6,22","7,23","7,25","7,27","8,27","11,27","11,27","10,26","9,24","9,21","10,19","11,17","13,17","13,17","14,17","15,20","15,22","14,26","14,26","16,27","18,27","18,27","17,28","17,32","17,35","17,35","18,36","20,36","24,36","24,36","24,36","23,35","25,31","25,29","25,25","25,25","22,25","17,25","17,25","17,23","17,21","18,21","22,21","26,20","30,19","33,19","35,19","36,21","37,21","37,21","37,21","35,22","32,22","31,23","29,26","29,29","29,30"],"rotationY":[0.0,0.0,0.0,57.816192626953128,74.72317504882813,42.77935791015625,342.6517639160156,312.365234375,293.47576904296877,291.94500732421877,270.6104736328125,228.97035217285157,181.3231201171875,148.1981201171875,105.8742904663086,166.27859497070313,204.63534545898438,178.42213439941407,118.02925109863281,57.53080749511719,12.796647071838379,333.836181640625,325.83441162109377,277.47808837890627,335.09051513671877,6.817075729370117,3.835083484649658,359.482421875,44.78611373901367,105.01837158203125,150.10655212402345,179.92662048339845,165.99806213378907,105.7625503540039,82.27555847167969,51.976593017578128,351.6040954589844,308.572265625,292.47247314453127,353.4652099609375,35.943214416503909,3.16076397895813,40.30186462402344,87.07854461669922,110.53951263427735,171.4709930419922,219.11082458496095,193.25823974609376,179.31381225585938,148.49789428710938,111.57382202148438,78.54052734375,72.97569274902344,37.96480178833008,17.026294708251954,342.8354187011719,347.99591064453127,48.52293395996094,73.57232666015625,32.87159729003906,332.2875061035156,355.14544677734377,359.4897766113281,25.14008903503418,94.3855209350586,75.60523223876953,86.98248291015625,98.61637878417969,159.3196563720703,213.54000854492188,164.4828643798828,157.04330444335938,179.99822998046876,194.16102600097657,254.72879028320313,268.2612609863281,270.2525939941406,212.4654083251953,180.74459838867188,141.94747924804688,95.90230560302735,89.83362579345703,100.74669647216797,106.34588623046875,91.10002899169922,55.341796875,37.60276412963867,66.16963958740235,5.92799711227417,305.12469482421877,271.6756896972656,288.7074890136719,326.1722412109375,343.44122314453127,1.3208874464035035,44.0767707824707],"time":101.0390625,"mapName":"uffici2.map","timeDecision":4.0,"timeScan":0.7000000476837158,"penalty_cost":5.0,"ip":"","os":"Windows 10  (10.0.0) 64bit"}