{"position":["22,2","22,2","22,2","22,2","22,2","23,5","23,6","23,6","23,7","23,8","24,11","24,12","24,12","23,12","23,12","22,13","23,14","23,15","23,18","23,20","24,22","24,22","23,22","23,23","23,24","23,26","22,26","23,27","23,27","23,30","23,31","24,33","24,34","24,34","23,35","23,35","23,36","23,38","23,39","23,41","24,43","25,43","25,43","24,44","23,47","23,47","23,48","24,49","23,50","22,50","20,51","18,51","18,51","18,51","20,51","20,51","20,48","20,45","19,45","17,45","16,45","15,43","14,42","14,42","14,42","15,43","16,43","20,43","20,43","20,40","20,36","20,36","20,36","20,36","23,36","25,36","25,36","24,33","24,29","24,24","24,24","25,24","25,24","25,24","23,24","22,24","20,23","20,22","20,22","19,22","16,23","15,25"],"rotationY":[0.0,0.0,0.0,3.628648281097412,10.839109420776368,9.17605209350586,53.7053337097168,357.87109375,23.508745193481447,359.3033752441406,17.007793426513673,38.37037658691406,342.7271423339844,289.0783996582031,336.0899963378906,27.635967254638673,46.341880798339847,353.9946594238281,358.5074157714844,10.664603233337403,358.326416015625,295.6177978515625,338.0076599121094,328.6929016113281,14.25684928894043,347.446044921875,6.1937479972839359,62.35502243041992,7.462783336639404,5.901535987854004,356.8916320800781,27.668668746948243,1.992699146270752,305.1935729980469,341.30572509765627,42.63196563720703,13.887807846069336,359.4949645996094,346.3459777832031,17.518352508544923,58.032894134521487,20.89516258239746,319.9913330078125,331.2016296386719,352.9357604980469,345.7707824707031,29.947418212890626,15.380393981933594,324.6365966796875,289.75604248046877,285.6273498535156,257.15203857421877,194.44041442871095,133.85928344726563,98.19537353515625,158.94708251953126,181.74705505371095,202.34579467773438,252.24676513671876,271.02154541015627,221.54005432128907,200.1182861328125,234.01156616210938,295.0262756347656,355.8564453125,44.880043029785159,91.66979217529297,101.32656860351563,162.46347045898438,181.52125549316407,184.48521423339845,231.25015258789063,170.52603149414063,110.40766143798828,91.97136688232422,133.94541931152345,195.80508422851563,186.26229858398438,179.3480224609375,179.3480224609375,124.55560302734375,115.05288696289063,175.52276611328126,236.38385009765626,269.44366455078127,273.9724426269531,241.13027954101563,192.8794708251953,247.90672302246095,281.200927734375,299.0495300292969,328.1687316894531],"time":97.4609375,"mapName":"open1.map","timeDecision":0.10000000149011612,"timeScan":0.08999998867511749,"penalty_cost":40.0,"ip":"","os":"Windows 10  (10.0.0) 64bit"}