{"position":["9,11","9,11","9,11","9,11","12,12","13,12","13,15","13,15","10,16","6,17","6,17","5,14","5,11","5,10","5,10","3,11","3,13","3,15","2,16","2,20","3,23","4,26","4,26","4,26","3,25","3,21","3,20","5,20","7,20","9,21","9,22","10,22","10,22","10,26","10,26","10,26","9,25","9,22","9,19","11,17","13,17","13,17","15,20","17,23","17,24","21,25","24,25","24,26","26,29","25,31","25,33","26,36","26,36","22,37","19,37","19,37","19,33","19,29","19,29","18,29","14,31","14,31","14,29","14,29","14,29","14,30","14,34","15,36","16,36","17,36","17,35","17,31","17,27","17,23","17,21","19,21","19,21","19,21","20,21","24,22","24,22","26,20","30,19","33,19","36,20","38,22","38,22","38,22","35,22","31,23","30,24","29,27","29,31","30,32"],"rotationY":[0.0,0.0,0.0,60.45743942260742,74.4516830444336,20.97528648376465,357.2294006347656,296.3762512207031,284.0426025390625,280.229736328125,219.82626342773438,198.4605712890625,180.06387329101563,229.23464965820313,290.25250244140627,324.6969299316406,357.5533752441406,323.77142333984377,357.5920715332031,7.382862567901611,18.872215270996095,353.4984436035156,292.76873779296877,232.03817749023438,187.52696228027345,179.9629669189453,132.7420654296875,94.33992767333985,72.16179656982422,32.78011703491211,35.90365219116211,67.43346405029297,7.085748672485352,355.8653564453125,295.0164794921875,237.02850341796876,192.1712188720703,179.84930419921876,148.05270385742188,127.12605285644531,92.3755874633789,34.582218170166019,38.614585876464847,23.56185531616211,66.48782348632813,75.27288818359375,77.2822265625,30.086929321289064,15.013063430786133,343.55987548828127,10.333111763000489,343.35858154296877,287.67437744140627,274.1122741699219,253.50308227539063,192.5424041748047,179.57395935058595,182.3073272705078,243.09136962890626,291.13916015625,286.14715576171877,225.43272399902345,187.4990692138672,245.57766723632813,306.4604797363281,359.8011169433594,3.804718017578125,35.86858367919922,85.44195556640625,129.45460510253907,176.41751098632813,183.06024169921876,180.07814025878907,178.1072235107422,136.34495544433595,96.92853546142578,43.71836853027344,16.691587448120118,72.40190887451172,76.04615020751953,132.83279418945313,110.00545501708985,102.57756042480469,82.09137725830078,63.882076263427737,41.952239990234378,341.50390625,281.0071105957031,284.7811279296875,295.04901123046877,339.041259765625,356.8324890136719,9.42592716217041,48.641849517822269],"time":98.8369140625,"mapName":"uffici2.map","timeDecision":5.0,"timeScan":0.30000001192092898,"penalty_cost":9.0,"ip":"","os":"Windows 10  (10.0.0) 64bit"}