{"position":["22,2","22,2","22,2","22,2","22,2","23,6","23,9","24,14","24,16","23,21","22,22","22,22","22,23","23,24","23,25","23,28","23,32","23,33","25,34","28,35","28,35","30,35","33,36","38,36","41,36","45,34","45,34","45,34","44,35","45,37","45,41","45,46","45,48","43,49","41,50","41,50","40,50","39,47","39,45","39,45","38,42","38,39","38,36","38,36","34,36","29,36","25,36","24,36","24,37","23,37","23,40","23,42","24,44","23,48","23,52","23,52","20,53","16,53","13,53","9,52","5,52","3,52","3,50","2,47","2,45","2,45","2,44","2,44","3,45","3,47","3,51","3,51","6,51","11,51","15,51","20,51","20,51","20,49","20,44","20,42","20,42","20,42","20,43","19,43","16,44","16,44","14,41","14,39","15,37","16,36","15,35","14,31"],"rotationY":[0.0,0.0,0.0,303.75140380859377,4.38405179977417,11.551124572753907,11.287291526794434,11.287291526794434,342.7016296386719,341.6847229003906,299.8295593261719,321.655029296875,10.461750984191895,50.22801208496094,21.265830993652345,357.4925231933594,357.4925231933594,48.18659591674805,76.41776275634766,57.49809646606445,36.968929290771487,76.41434478759766,87.3484878540039,90.37197875976563,107.43769073486328,107.10868835449219,46.823482513427737,346.2986755371094,342.3904724121094,8.937531471252442,1.3149410486221314,359.1210021972656,326.6763000488281,297.17645263671877,264.8203125,262.8260803222656,209.2978057861328,192.28793334960938,230.89932250976563,215.99949645996095,193.96339416503907,180.06544494628907,203.94332885742188,264.55377197265627,270.8788757324219,270.8788757324219,270.8788757324219,323.5428466796875,312.36669921875,330.546142578125,355.045166015625,24.01304817199707,349.2873840332031,352.26947021484377,0.01016242802143097,299.5647888183594,283.71697998046877,270.7947692871094,253.17564392089845,267.2236328125,269.2117614746094,234.43515014648438,197.85939025878907,179.9572296142578,148.0272216796875,155.9462127685547,136.7694091796875,76.60736846923828,28.904315948486329,359.5169982910156,11.406861305236817,72.01444244384766,90.69271850585938,90.69271850585938,89.69872283935547,90.6649398803711,150.66932678222657,180.41598510742188,181.5237579345703,146.68568420410157,86.0870590209961,25.228618621826173,332.9294128417969,287.23095703125,267.35076904296877,216.06396484375,189.21949768066407,167.26132202148438,133.05784606933595,155.55511474609376,202.21945190429688,191.3182830810547],"time":96.822265625,"mapName":"open1.map","timeDecision":1.0000001192092896,"timeScan":0.07999999076128006,"penalty_cost":80.0,"ip":"","os":"Windows 10  (10.0.0) 64bit"}