{"position":["9,11","9,11","9,11","9,11","12,12","15,12","15,12","15,12","14,12","12,12","9,10","8,8","8,7","7,7","7,7","8,5","9,3","9,3","5,3","5,3","4,6","4,7","4,7","4,7","5,3","5,3","8,3","12,3","14,2","16,1","17,2","17,4","17,8","17,9","19,9","20,9","20,8","21,4","21,4","21,4","21,5","21,9","21,13","22,14","25,15","28,15","31,14","34,14","38,15","41,15","43,16","43,16","43,14","43,14","44,15","47,17","50,18","50,18","50,21","50,21","46,21","44,22","44,23","44,26","44,27","44,27","45,26","49,27","49,27","49,30","49,33","49,33","45,34","43,34","43,34","43,31","43,26","43,21","43,18","43,18","41,18","41,18","41,20","40,20","39,20","39,22","39,22","40,22","40,22","40,22","39,22","38,24","37,26","37,31","37,31"],"rotationY":[0.0,0.0,0.0,57.588844299316409,74.49812316894531,100.03136444091797,160.2644500732422,220.27650451660157,264.1422424316406,240.32400512695313,221.9148406982422,193.55128479003907,211.61593627929688,243.07339477539063,182.39620971679688,155.3160400390625,194.6584930419922,254.81402587890626,269.9579772949219,325.88043212890627,346.0072937011719,301.3348693847656,240.79898071289063,180.4834747314453,168.7792510986328,111.03459930419922,91.7750244140625,89.73847961425781,120.40232849121094,82.21221160888672,39.14448165893555,0.7877679467201233,358.59185791015627,46.44926834106445,82.98365783691406,128.74488830566407,166.37088012695313,177.64683532714845,238.47067260742188,298.7900695800781,348.53955078125,0.3388499319553375,6.088504314422607,50.15006637573242,70.66754913330078,90.9943618774414,107.19305419921875,88.7421875,76.9516372680664,74.23918914794922,95.92222595214844,156.8450164794922,154.38511657714845,93.59071350097656,47.95038604736328,58.7032585144043,67.30716705322266,7.072562217712402,344.0821838378906,283.2662658691406,272.4895324707031,301.8005676269531,349.065185546875,0.8124549984931946,56.236297607421878,116.28900146484375,90.55856323242188,79.70536804199219,23.519866943359376,1.6487057209014893,350.9555358886719,289.91070556640627,284.212890625,253.17425537109376,193.07118225097657,179.9829559326172,179.9829559326172,179.9829559326172,197.87750244140626,258.3272399902344,294.5180969238281,354.527099609375,321.0062255859375,275.94952392578127,327.6588439941406,3.1564810276031496,64.12026977539063,51.679630279541019,351.26800537109377,291.01922607421877,300.4641418457031,330.41571044921877,358.56585693359377,0.04651793837547302,301.0100402832031],"time":100.021484375,"mapName":"uffici2.map","timeDecision":9.0,"timeScan":0.7000000476837158,"penalty_cost":10.0,"ip":"","os":"Windows 10  (10.0.0) 64bit"}