{"position":["9,11","9,11","9,11","9,11","12,12","13,12","13,15","13,15","10,16","6,17","6,17","5,14","4,13","4,13","3,14","2,17","2,17","5,17","6,17","8,20","8,21","6,22","6,22","7,24","9,27","10,27","10,27","9,26","9,23","9,20","11,17","12,17","13,17","15,19","15,21","16,23","18,24","20,26","22,25","24,24","25,25","26,27","26,29","24,33","23,37","23,37","22,36","20,36","18,36","18,36","19,35","19,33","19,31","17,30","17,29","17,27","16,27","14,27","14,27","14,32","14,36","14,37","14,37","17,36","17,35","17,31","17,26","17,22","17,21","19,21","23,21","26,20","27,20","27,20","27,20","27,20","29,20","33,19","36,19","38,20","39,22","40,22","40,22","40,22","39,22","38,24","37,26","37,29","38,30","39,30","39,30","37,31","34,32"],"rotationY":[0.0,0.0,0.0,60.28782653808594,74.05850982666016,19.410097122192384,355.0734558105469,294.6246032714844,285.0196228027344,279.9391174316406,219.06417846679688,205.84854125976563,246.861328125,307.546142578125,341.0762023925781,5.848108291625977,66.86688232421875,87.18929290771485,39.2647590637207,29.79450035095215,335.6361083984375,302.41717529296877,358.9069519042969,32.38964080810547,43.952274322509769,97.76385498046875,158.65171813964845,198.97415161132813,179.37229919433595,151.2565155029297,139.64779663085938,94.52093505859375,48.75012969970703,21.232275009155275,13.553606033325196,45.83306121826172,50.348663330078128,80.09549713134766,114.26821899414063,83.61063385009766,37.84172821044922,9.13491153717041,336.04486083984377,337.96258544921877,337.373291015625,277.205810546875,231.78355407714845,270.1402587890625,240.5823974609375,180.56517028808595,145.14495849609376,176.74560546875,216.22488403320313,232.44775390625,182.63389587402345,217.74942016601563,265.6904602050781,300.8346252441406,355.3463439941406,0.12118319422006607,0.12118319422006607,51.72989273071289,104.01416015625,131.45791625976563,179.01361083984376,181.4215087890625,180.24293518066407,180.24293518066407,127.08171081542969,93.53499603271485,89.55982208251953,110.5674819946289,155.51339721679688,216.25669860839845,183.17312622070313,122.73162841796875,101.49766540527344,95.49974060058594,76.21858215332031,46.02436447143555,42.08372116088867,59.01426315307617,359.0097351074219,298.5757751464844,292.27044677734377,329.9488830566406,355.264404296875,15.796172142028809,59.44019317626953,23.48395347595215,323.0631103515625,296.6971740722656,276.8739929199219],"time":97.841796875,"mapName":"uffici2.map","timeDecision":5.0,"timeScan":0.6000000238418579,"penalty_cost":1.0,"ip":"","os":"Windows 10  (10.0.0) 64bit"}