{"position":["9,11","9,11","9,11","9,11","12,12","13,12","13,15","13,15","11,16","6,17","4,16","2,16","2,16","2,16","3,16","3,13","3,13","2,13","2,13","2,13","4,13","4,13","4,13","4,13","3,15","2,17","2,21","3,24","3,26","3,26","3,26","3,24","3,20","3,20","6,20","9,21","9,21","9,22","10,22","10,24","10,26","10,26","9,25","9,24","9,20","10,18","11,17","13,17","13,17","14,17","15,20","15,22","14,25","14,27","15,27","19,27","21,27","24,29","24,30","24,35","24,35","20,37","18,37","14,37","14,37","14,34","14,32","15,32","16,32","19,29","21,29","23,29","24,27","25,25","25,25","22,25","18,25","17,25","17,23","17,21","18,21","22,21","26,20","30,19","33,19","36,20","36,20","36,22","36,22","32,23","29,24","29,25","29,29","29,31"],"rotationY":[0.0,0.0,0.0,57.828636169433597,75.34086608886719,24.43672752380371,359.8232421875,302.0968322753906,284.61224365234377,287.6493835449219,259.9674072265625,224.7628936767578,164.50950622558595,106.078857421875,156.79098510742188,180.3852081298828,240.7388153076172,231.0165557861328,170.96559143066407,110.26515197753906,105.97762298583985,107.98749542236328,47.75260925292969,347.08819580078127,336.7873840332031,0.11448905616998673,12.981311798095704,8.358942031860352,334.8289489746094,274.79315185546877,214.12400817871095,179.1682891845703,169.21217346191407,108.34918212890625,86.178955078125,68.28048706054688,7.525773048400879,54.34202575683594,44.480987548828128,3.1290407180786135,333.8471984863281,273.7834167480469,231.17933654785157,184.8014678955078,177.32054138183595,148.75445556640626,104.2658462524414,70.87193298339844,73.07206726074219,38.922271728515628,17.151243209838868,343.24639892578127,356.2953186035156,35.81082534790039,87.09699249267578,90.49662780761719,59.96564483642578,44.10898971557617,0.8843679428100586,359.8905029296875,302.02032470703127,297.1475524902344,270.31939697265627,259.5869140625,199.4047393798828,181.1787109375,144.6235809326172,96.671630859375,129.7267608642578,129.65908813476563,91.90469360351563,124.89793395996094,150.2118377685547,187.1921844482422,247.41525268554688,268.573974609375,270.5618896484375,217.1196746826172,182.45367431640626,145.69081115722657,94.32972717285156,91.34767150878906,101.43040466308594,107.68788146972656,91.1226577758789,70.91938781738281,9.977447509765625,337.7348327636719,280.36737060546877,288.89276123046877,309.16217041015627,357.01837158203127,359.98724365234377,38.75333786010742],"time":98.7890625,"mapName":"uffici2.map","timeDecision":4.0,"timeScan":0.30000001192092898,"penalty_cost":6.0,"ip":"","os":"Windows 10  (10.0.0) 64bit"}