{"position":["9,11","9,11","9,11","9,11","12,12","13,12","13,15","13,15","11,16","9,17","6,17","6,16","5,13","5,13","5,13","5,13","6,13","6,13","6,13","3,14","2,16","2,18","2,18","2,18","5,18","7,20","8,21","8,21","6,22","6,24","7,26","9,27","11,27","11,27","10,26","9,24","9,21","10,19","11,17","13,17","13,17","16,21","16,22","16,24","17,24","22,24","25,24","26,25","26,27","25,31","25,31","26,32","26,36","26,36","22,37","22,37","22,37","23,37","23,37","23,34","23,29","23,29","21,29","18,29","18,29","19,30","19,33","19,35","18,37","16,37","14,37","14,36","14,32","14,27","14,27","17,26","17,25","17,22","17,21","19,21","19,21","23,21","25,21","29,20","33,19","35,19","37,20","37,20","36,22","35,22","32,23","30,25","29,28","29,30"],"rotationY":[0.0,0.0,0.0,60.11740493774414,74.83251953125,22.22086524963379,359.06024169921877,298.8653259277344,299.3653869628906,274.3492431640625,247.78846740722657,202.9353790283203,179.58042907714845,128.75839233398438,67.83535766601563,52.79867935180664,52.34621047973633,351.9265441894531,291.87890625,308.8398132324219,337.78594970703127,20.574907302856447,81.4494857788086,85.25782012939453,65.42066192626953,46.88016891479492,2.799426317214966,302.1519775390625,333.2156982421875,10.351149559020996,42.37406539916992,74.01631164550781,108.60813903808594,169.28057861328126,218.76039123535157,194.91268920898438,179.93423461914063,148.15151977539063,115.16529846191406,82.54884338378906,30.50339698791504,40.31614303588867,3.7395315170288088,41.87968826293945,84.63793182373047,89.8712387084961,69.80520629882813,26.421998977661134,348.5125732421875,353.44677734375,45.981563568115237,3.2395713329315187,351.9393615722656,291.28717041015627,287.8247985839844,348.6116638183594,49.20106887817383,99.9626235961914,160.90560913085938,178.69407653808595,180.65640258789063,237.65664672851563,270.09759521484377,293.2730712890625,354.17706298828127,30.54566764831543,3.942591905593872,342.3090515136719,302.126220703125,272.2992248535156,234.84739685058595,183.30270385742188,180.12611389160157,180.12611389160157,124.46231842041016,116.85736846923828,166.14427185058595,180.475830078125,126.7646484375,91.05762481689453,80.14867401123047,89.00260162353516,114.33123016357422,104.40190887451172,95.25238037109375,68.54222869873047,28.904096603393556,328.06463623046877,324.6879577636719,291.85797119140627,303.090576171875,327.87286376953127,350.6669616699219,27.997793197631837],"time":99.3046875,"mapName":"uffici2.map","timeDecision":7.0,"timeScan":0.5,"penalty_cost":8.0,"ip":"","os":"Windows 10  (10.0.0) 64bit"}