{"position":["22,2","22,2","22,2","22,2","22,2","23,5","23,6","23,7","23,11","24,15","24,18","23,20","24,21","25,22","28,22","28,22","28,22","29,22","29,22","30,22","31,22","33,22","33,22","33,22","30,22","26,22","24,22","21,23","21,23","21,26","21,26","23,30","24,33","24,34","24,34","24,34","22,35","22,35","21,35","21,35","21,38","22,40","22,40","22,40","21,41","20,44","20,47","20,50","20,50","18,51","14,52","14,52","13,52","13,52","13,52","15,52","20,52","20,52","20,50","20,49","21,49","23,49","23,49","24,45","25,45","28,45","30,44","30,44","30,44","30,44","27,44","23,44","19,44","15,44","15,44","15,41","15,37","15,36","13,36","9,35","9,35","9,32","9,30","7,30","4,29","4,29","3,27","3,24","3,24","6,24","11,24","13,25","13,25"],"rotationY":[0.0,0.0,0.0,314.08685302734377,12.171754837036133,28.264131546020509,38.36262512207031,359.82135009765627,12.044248580932618,1.04898202419281,342.1093444824219,13.96416187286377,54.711769104003909,89.10858917236328,62.284278869628909,6.567865371704102,61.944618225097659,110.55487823486328,140.39703369140626,90.574462890625,100.91100311279297,123.7823486328125,184.6016845703125,244.76528930664063,267.32830810546877,270.3828125,291.44586181640627,299.4864196777344,359.06500244140627,23.915157318115236,33.4057731628418,22.367534637451173,7.482941150665283,56.17399215698242,4.974315166473389,304.65484619140627,298.19232177734377,320.7578125,298.5150146484375,357.68878173828127,11.593658447265625,53.34184265136719,15.898032188415528,315.48541259765627,342.4110107421875,356.45355224609377,13.0556640625,353.1431579589844,297.3758239746094,269.342529296875,281.22906494140627,333.91131591796877,296.1181335449219,356.8890686035156,57.76799392700195,90.1798324584961,90.1798324584961,148.48931884765626,177.16355895996095,133.28086853027345,80.44780731201172,111.51011657714844,163.56385803222657,146.64031982421876,99.98283386230469,101.2552719116211,99.26763916015625,124.22962951660156,184.5231170654297,244.73468017578126,270.4332580566406,268.19024658203127,270.2181701660156,260.3191833496094,200.1498565673828,176.15536499023438,176.15536499023438,219.03201293945313,253.97006225585938,258.97064208984377,198.60711669921876,179.66299438476563,217.43507385253907,251.00157165527345,271.8917236328125,218.77000427246095,186.17689514160157,165.52407836914063,104.9017562866211,92.1314697265625,90.14344787597656,64.28740692138672,9.958439826965332],"time":97.724853515625,"mapName":"open1.map","timeDecision":0.9000000953674316,"timeScan":0.08999999612569809,"penalty_cost":70.0,"ip":"","os":"Windows 10  (10.0.0) 64bit"}