{"position":["22,2","22,2","22,2","22,2","22,3","23,7","23,11","23,11","27,13","28,13","29,14","30,17","30,17","30,17","30,15","29,12","29,9","29,9","29,9","28,12","27,12","25,12","24,15","23,18","23,20","24,21","27,23","29,23","30,23","30,23","30,23","27,23","25,23","23,26","22,28","22,29","23,30","23,32","24,33","26,34","27,35","28,35","28,35","28,35","26,35","24,35","22,36","17,36","15,36","15,37","15,37","13,36","10,35","9,35","9,33","9,31","8,30","4,29","3,29","3,29","3,28","3,27","3,24","3,24","6,24","11,24","13,24","13,24","13,24","13,23","14,23","14,23","14,22","14,22","13,22","13,22","12,22","9,24","9,25","9,30","9,34","9,34","9,34","7,34","4,35","3,36","2,39","2,39","2,39","2,39","3,36","3,36","7,36","12,36","12,36","13,33"],"rotationY":[0.0,0.0,0.0,326.39141845703127,12.523765563964844,6.12459135055542,1.913849949836731,62.606258392333987,71.70002746582031,27.845224380493165,27.120136260986329,40.434425354003909,97.84550476074219,158.60227966308595,196.18943786621095,183.22837829589845,210.18516540527345,270.21380615234377,331.1352844238281,325.02923583984377,276.8287353515625,311.8082580566406,332.7015686035156,354.8056945800781,21.657224655151368,61.024593353271487,70.00102233886719,98.82322692871094,50.45114517211914,349.5665588378906,288.96441650390627,269.7056579589844,309.57733154296877,322.59844970703127,353.1735534667969,34.51328659057617,30.524229049682618,1.0435986518859864,44.77968215942383,76.63416290283203,35.88002014160156,59.71392059326172,359.022216796875,298.858642578125,269.442626953125,302.222412109375,277.154052734375,272.1567077636719,302.9707946777344,344.9443664550781,284.1880187988281,245.83050537109376,260.7042236328125,210.02882385253907,179.01364135742188,206.84571838378907,258.29608154296877,252.30215454101563,263.7449951171875,203.73300170898438,156.9508819580078,186.5281524658203,167.75001525878907,107.39848327636719,93.21455383300781,89.77127075195313,58.24838638305664,84.63693237304688,149.19859313964845,151.9676055908203,102.40696716308594,136.1520233154297,185.7991943359375,245.8782958984375,226.61952209472657,256.6798095703125,302.1054992675781,320.00457763671877,359.7574768066406,359.7574768066406,7.774411678314209,28.008771896362306,327.1906433105469,289.6328125,284.6226806640625,331.2093200683594,346.1326904296875,41.81147003173828,101.96935272216797,162.8833465576172,153.00534057617188,92.83879089355469,89.57781219482422,90.56165313720703,150.9339599609375,168.8244171142578],"time":100.875,"mapName":"open1.map","timeDecision":0.8000000715255737,"timeScan":0.03999999910593033,"penalty_cost":90.0,"ip":"","os":"Windows 10  (10.0.0) 64bit"}