{"position":["9,11","9,11","9,11","9,11","12,12","13,12","13,15","13,15","10,16","7,15","5,15","5,14","5,10","5,10","5,10","4,12","3,15","2,17","1,18","3,22","3,25","3,27","3,27","3,27","3,24","3,21","3,20","5,20","7,20","7,21","7,22","6,22","6,22","7,24","8,26","8,26","9,25","9,22","9,20","11,17","12,17","14,17","14,18","16,22","16,24","18,24","22,25","25,25","25,25","26,29","26,32","25,34","26,37","26,37","23,37","19,37","19,37","19,34","19,29","19,29","20,29","20,29","20,29","17,30","14,31","14,31","14,36","14,37","14,37","17,36","17,35","17,31","17,27","17,22","17,21","19,20","20,20","23,22","24,21","28,20","31,19","35,19","35,20","36,21","37,21","37,21","35,22","31,23","28,24","28,24","29,28","30,30"],"rotationY":[0.0,0.0,0.0,60.608516693115237,74.70162963867188,20.840192794799806,357.7865905761719,297.5179443359375,284.0081481933594,259.2812194824219,225.25685119628907,179.88209533691407,187.62271118164063,248.05421447753907,308.2686767578125,333.04486083984377,355.8858337402344,330.51373291015627,19.67870330810547,23.575326919555665,2.1407625675201418,327.4756774902344,266.96087646484377,206.2719268798828,182.88546752929688,177.48289489746095,124.70939636230469,89.53551483154297,55.711490631103519,5.084418296813965,321.1724853515625,290.73089599609377,350.8926086425781,24.111541748046876,55.74782943725586,115.91850280761719,158.14688110351563,180.62716674804688,149.8131866455078,135.897216796875,93.99104309082031,63.3940544128418,16.83443260192871,16.83443260192871,58.071834564208987,85.88052368164063,76.16419219970703,73.21118927001953,17.465892791748048,4.540567874908447,342.6617431640625,12.939820289611817,351.47442626953127,290.7210693359375,273.41748046875,258.8375549316406,198.6291046142578,179.7903594970703,179.7903594970703,123.15946960449219,76.57794952392578,15.921622276306153,314.98541259765627,292.75811767578127,300.27801513671877,355.8870544433594,0.02455812506377697,44.68405532836914,104.34305572509766,124.7304458618164,170.72116088867188,180.3334503173828,180.3334503173828,180.3334503173828,133.09420776367188,101.32489013671875,57.27739715576172,73.15531921386719,113.44878387451172,107.20405578613281,89.69239044189453,76.77207946777344,31.689393997192384,74.79268646240235,23.471189498901368,323.166259765625,284.74664306640627,286.05401611328127,303.4588623046875,3.7112913131713869,11.566387176513672,34.029022216796878],"time":96.828125,"mapName":"uffici2.map","timeDecision":7.0,"timeScan":0.4000000059604645,"penalty_cost":3.0,"ip":"","os":"Windows 10  (10.0.0) 64bit"}