{"position":["9,11","9,11","9,11","9,11","12,12","13,12","13,14","13,14","13,14","13,14","13,15","11,15","8,17","6,17","6,17","5,14","5,10","5,10","5,10","5,10","5,14","5,15","1,18","1,18","1,18","4,18","6,19","8,22","9,23","9,23","8,24","8,25","8,25","9,25","9,24","9,20","11,17","11,17","13,17","14,17","14,19","15,19","17,19","17,20","17,22","17,24","18,24","22,24","22,24","22,25","24,26","26,26","26,27","25,31","25,35","25,35","25,35","25,35","21,37","19,38","19,38","19,38","19,38","15,37","14,37","14,37","14,37","14,33","14,32","15,32","18,30","20,29","21,29","21,29","19,28","17,27","16,27","16,27","17,25","17,21","17,21","19,21","22,21","25,20","29,20","33,20","36,20","36,20","36,23","36,26","36,31","36,33","36,33"],"rotationY":[0.0,0.0,0.0,60.80884552001953,74.31285858154297,20.26918601989746,343.347412109375,282.69378662109377,268.15228271484377,328.8039245605469,320.6342468261719,283.74713134765627,296.1422119140625,258.951171875,201.5959014892578,178.14186096191407,180.13414001464845,235.95291137695313,296.3742980957031,357.0408020019531,0.028005650267004968,309.1225891113281,310.09210205078127,10.54340648651123,71.10176849365235,87.03118896484375,48.887725830078128,35.871131896972659,74.93732452392578,14.805058479309082,335.07666015625,23.966941833496095,84.40797424316406,133.22743225097657,179.72850036621095,168.79470825195313,150.4136962890625,94.41930389404297,61.654388427734378,57.226951599121097,17.547279357910158,71.17149353027344,78.65640258789063,25.5388126373291,0.44867557287216189,39.18916320800781,88.65409088134766,89.05948638916016,28.24372100830078,41.73383331298828,72.26797485351563,34.486053466796878,348.3143310546875,357.578857421875,2.7460777759552,307.89471435546877,247.83193969726563,283.5762939453125,290.9521179199219,319.4532470703125,258.5220947265625,198.01939392089845,245.7410888671875,255.6556854248047,308.101318359375,247.47109985351563,189.34722900390626,179.08531188964845,129.4115753173828,119.6209716796875,132.84384155273438,98.60365295410156,146.76614379882813,207.42041015625,242.42166137695313,270.30267333984377,224.3578643798828,164.3486328125,174.7850799560547,172.2109375,111.83613586425781,76.51214599609375,94.9242935180664,107.8589096069336,92.588623046875,85.02404022216797,77.65801239013672,17.17000389099121,355.7004699707031,0.5687896013259888,359.2843017578125,327.92071533203127,287.60296630859377],"time":98.04296875,"mapName":"uffici2.map","timeDecision":2.0,"timeScan":1.0000001192092896,"penalty_cost":8.0,"ip":"","os":"Windows 10  (10.0.0) 64bit"}