{"position":["22,2","22,2","22,2","22,2","22,4","23,4","23,4","23,4","24,3","27,3","28,3","28,3","28,3","25,3","25,3","25,3","25,3","28,3","28,4","29,7","29,12","29,16","29,19","29,19","30,19","30,19","29,18","28,16","28,13","28,10","28,10","28,10","28,12","28,12","26,12","24,12","24,12","23,15","23,19","24,19","24,20","24,22","24,22","19,23","16,24","15,24","15,24","15,24","14,21","14,18","14,15","13,14","12,14","8,13","4,13","4,12","2,9","2,6","3,2","3,1","3,1","3,2","3,2","4,2","4,2","4,2","4,2","3,2","3,3","3,7","3,11","3,16","2,19","2,21","3,22","6,22","7,22","7,24","7,28","7,33","7,35","6,35","3,36","3,38","2,40","2,40","2,40","2,36","2,31","2,29","3,29","7,29","9,28","9,27","9,24","10,24","12,24","13,25"],"rotationY":[0.0,0.0,0.0,54.26861572265625,15.587888717651368,70.39302062988281,15.966429710388184,76.71754455566406,115.4437255859375,93.44220733642578,46.238555908203128,346.065673828125,285.5235290527344,267.0346374511719,206.81321716308595,146.17132568359376,93.47541809082031,66.34871673583985,15.927239418029786,0.276744544506073,0.276744544506073,357.2987976074219,19.4769287109375,78.04667663574219,122.72899627685547,183.41390991210938,226.23963928222657,193.54986572265626,179.139892578125,158.777099609375,98.36088562011719,37.40252685546875,1.7824846506118775,301.58294677734377,271.86749267578127,280.8023681640625,340.8948059082031,356.17578125,16.61858558654785,53.705223083496097,2.31986665725708,344.2209777832031,286.2265625,286.2265625,274.3199768066406,325.9333190917969,282.71026611328127,221.83767700195313,202.1847381591797,179.85142517089845,198.59445190429688,241.1229248046875,257.9127502441406,265.8368225097656,260.2568359375,212.7002716064453,198.70709228515626,179.6243896484375,166.86837768554688,121.1761245727539,60.98599624633789,9.292207717895508,46.05634307861328,92.69911193847656,30.816354751586915,330.4582824707031,269.68115234375,306.56402587890627,355.2831726074219,1.057753324508667,358.1767578125,0.1930047869682312,344.39215087890627,21.16733169555664,70.01751708984375,90.36898040771485,40.593841552734378,7.548409938812256,359.2464294433594,359.2464294433594,327.9538269042969,283.9331970214844,311.5227355957031,341.1866455078125,306.9237060546875,246.04937744140626,185.9300994873047,179.68849182128907,179.68849182128907,142.875,93.59976959228516,101.53759002685547,136.0719451904297,177.0268096923828,149.63954162597657,99.04122924804688,65.92872619628906,26.727014541625978],"time":103.37890625,"mapName":"open1.map","timeDecision":1.0000001192092896,"timeScan":0.059999994933605197,"penalty_cost":20.0,"ip":"","os":"Windows 10  (10.0.0) 64bit"}