{"position":["22,2","22,2","22,2","22,4","23,6","23,9","24,12","24,12","24,12","23,12","22,14","22,16","21,17","21,17","22,18","21,19","20,19","20,20","20,22","20,22","23,23","23,23","23,26","23,26","23,29","23,31","23,32","24,34","24,34","24,35","23,35","23,37","23,39","23,41","24,43","23,44","23,46","22,48","22,48","24,49","24,49","24,49","23,49","23,49","22,49","22,49","20,51","17,52","14,52","14,52","14,52","16,52","19,51","20,51","20,48","20,45","19,45","17,44","15,44","15,43","15,41","15,41","15,41","15,43","15,43","19,43","20,43","20,41","20,37","20,36","20,36","23,36","25,36","27,36","28,36","28,36","28,36","24,34","24,33","24,30","24,25","24,24","25,24","29,23","29,23","29,23","27,23","23,23","19,23","17,23","16,23","15,24"],"rotationY":[0.0,0.0,0.0,10.611642837524414,25.256990432739259,12.216992378234864,19.025678634643556,3.5635452270507814,303.0568542480469,315.5100402832031,346.6334228515625,351.3401794433594,327.9765319824219,20.344600677490236,345.6788024902344,294.1098327636719,341.8436584472656,353.8689880371094,352.41448974609377,53.08803176879883,70.90406799316406,15.458111763000489,354.5967712402344,12.525041580200196,357.53570556640627,332.5112609863281,20.708290100097658,46.20755386352539,4.117508411407471,316.06268310546877,346.676025390625,18.063751220703126,344.4517517089844,17.06807518005371,4.1010518074035648,323.200439453125,358.6995544433594,332.4549560546875,33.096153259277347,59.01913070678711,357.59405517578127,297.485595703125,297.0250244140625,304.3199462890625,254.71287536621095,311.1103515625,297.0787658691406,278.6192626953125,283.41192626953127,347.4548645019531,47.59635543823242,86.40116882324219,104.23140716552735,157.699951171875,181.48623657226563,203.2561492919922,255.34100341796876,262.1450500488281,226.95953369140626,181.35623168945313,223.4153289794922,283.81475830078127,346.3109130859375,24.972850799560548,80.2623291015625,91.2408447265625,141.06248474121095,175.91754150390626,180.68544006347657,169.01870727539063,108.92105865478516,93.10905456542969,106.4554443359375,101.24726867675781,117.78417205810547,178.73919677734376,241.0809326171875,242.95010375976563,190.69668579101563,179.44134521484376,179.44134521484376,130.2753143310547,89.1947250366211,103.68276977539063,160.72415161132813,220.8105926513672,264.3086853027344,271.51763916015627,275.5337219238281,282.0994873046875,282.6832275390625,328.75640869140627],"time":97.919921875,"mapName":"open1.map","timeDecision":0.4000000059604645,"timeScan":0.029999999329447748,"penalty_cost":20.0,"ip":"","os":"Windows 10  (10.0.0) 64bit"}