{"position":["22,2","22,2","22,2","22,3","21,6","22,7","21,9","20,12","20,12","21,12","23,13","23,13","23,15","23,16","23,20","24,22","24,22","21,23","21,23","21,26","22,27","21,28","22,31","21,33","20,34","20,34","21,37","21,38","21,40","21,40","20,40","20,43","20,43","17,43","15,43","15,43","15,43","17,43","19,43","21,45","22,46","22,48","21,50","19,51","17,51","17,51","17,51","17,51","22,51","24,50","24,49","24,45","24,41","24,36","24,36","26,36","30,36","31,36","32,36","33,36","33,36","33,36","33,36","29,36","25,36","20,36","16,36","15,36","15,36","15,36","16,36","20,34","20,34","20,30","20,27","20,25","19,25","18,25","16,24","13,24","10,23","7,22","4,22","2,22","1,23","1,23","1,23","2,21","2,22","3,22","6,22","9,22","11,23","14,24","14,26"],"rotationY":[0.0,0.0,0.0,344.1497497558594,15.905673027038575,347.8597106933594,350.1731872558594,341.1498718261719,31.252483367919923,74.66468811035156,33.91804504394531,20.977088928222658,1.1881746053695679,7.863302230834961,11.173310279846192,356.3466796875,295.47271728515627,298.5367736816406,358.0445251464844,11.539230346679688,326.81451416015627,6.759797096252441,354.4351806640625,326.1481018066406,307.86346435546877,8.896464347839356,28.62462615966797,17.387706756591798,2.6947438716888429,302.5276794433594,335.6785888671875,343.4162902832031,291.7052001953125,276.40618896484377,245.16912841796876,184.95933532714845,124.72941589355469,89.38923645019531,54.69103240966797,51.16371536254883,7.885080337524414,335.3460693359375,303.2854919433594,275.28985595703127,284.4488830566406,222.2541046142578,160.84967041015626,100.60857391357422,101.74369049072266,136.53062438964845,182.61337280273438,175.1967010498047,179.7266387939453,175.88034057617188,115.34722137451172,93.65646362304688,95.24014282226563,124.3770751953125,73.75655364990235,74.84597778320313,131.11077880859376,194.39645385742188,255.85440063476563,267.2666931152344,271.3551025390625,271.3551025390625,268.572998046875,249.5514373779297,187.3294677734375,125.63846588134766,117.19441986083985,114.49295806884766,172.07501220703126,179.95742797851563,198.5408477783203,264.3329772949219,252.99713134765626,239.33065795898438,341.1339416503906,224.4359130859375,29.677871704101564,258.79498291015627,57.88758850097656,48.496917724609378,46.964324951171878,86.53539276123047,125.52591705322266,130.19671630859376,57.236995697021487,86.11947631835938,89.57801818847656,92.83415985107422,59.90888214111328,40.47877502441406,355.92041015625],"time":100.79736328125,"mapName":"open1.map","timeDecision":0.5,"timeScan":0.04999999701976776,"penalty_cost":0.0,"ip":"","os":"Windows 10  (10.0.0) 64bit"}