{"position":["9,11","9,11","9,11","9,11","9,11","12,12","12,12","13,14","13,15","14,19","15,23","15,26","15,26","15,26","15,26","14,26","14,28","14,32","14,32","14,33","14,35","17,37","17,38","18,38","21,37","25,37","25,37","26,36","25,34","25,30","25,26","24,25","22,25","19,25","19,26","18,28","18,28","16,27","14,26","14,24","14,21","13,17","13,17","11,17","11,17","9,19","9,22","9,24","10,25","10,25","8,25","7,24","7,22","7,20","6,20","3,20","3,20","3,23","3,26","3,26","2,25","2,24","2,20","2,17","3,13","3,10","3,10","5,11","5,11","5,14","5,15","7,15","12,15","15,15","18,17","18,17","20,21","21,21","21,21","21,21","23,21","23,21","25,20","28,20","32,19","35,20","36,20","36,21","35,22","31,24","30,24","29,25","29,28","29,30"],"rotationY":[0.0,0.0,0.0,40.703765869140628,101.16046142578125,77.29479217529297,25.197460174560548,359.55609130859377,9.340193748474121,7.432080268859863,14.112955093383789,17.994112014770509,51.796321868896487,349.2145690917969,288.4862060546875,322.73516845703127,357.6987609863281,8.303181648254395,48.0947151184082,2.360762119293213,35.3721923828125,56.857933044433597,105.26484680175781,80.23760223388672,100.52488708496094,97.05757904052735,151.4548797607422,159.41773986816407,188.3616180419922,179.91273498535157,188.520263671875,228.4805145263672,272.7567138671875,291.3824768066406,339.69366455078127,343.62823486328127,281.8614501953125,249.4971923828125,218.86570739746095,180.1689453125,191.93373107910157,202.05601501464845,262.91326904296877,297.6590576171875,321.4071960449219,333.2377624511719,359.22607421875,32.54328536987305,350.322265625,294.92303466796877,256.1731872558594,215.90875244140626,181.0036163330078,213.80575561523438,266.9420471191406,284.3570251464844,344.6488342285156,0.015836548060178758,333.1015319824219,272.82977294921877,228.24774169921876,180.33702087402345,177.03126525878907,165.28695678710938,175.38619995117188,170.16201782226563,106.36083221435547,69.8303451538086,12.724557876586914,0.15889322757720948,55.39051055908203,87.33711242675781,90.31827545166016,72.31753540039063,60.13124465942383,24.317981719970704,39.381141662597659,54.00645065307617,26.35272979736328,86.54969787597656,102.93605041503906,130.9312286376953,105.55448150634766,104.12384033203125,90.96399688720703,72.50236511230469,26.157316207885743,339.7458801269531,298.6828918457031,295.93194580078127,289.97808837890627,334.164306640625,356.881103515625,24.711084365844728],"time":99.359375,"mapName":"uffici2.map","timeDecision":1.0,"timeScan":0.5,"penalty_cost":8.0,"ip":"","os":"Windows 10  (10.0.0) 64bit"}