{"position":["9,11","9,11","9,11","9,11","12,12","13,12","13,15","13,15","10,16","7,15","5,15","5,14","5,13","6,13","6,13","6,13","5,13","4,12","3,9","3,9","3,9","3,13","3,15","1,18","2,21","3,25","3,25","3,25","3,24","3,20","3,20","6,20","7,20","7,21","7,22","6,22","6,22","7,25","7,26","10,26","11,26","11,26","10,25","9,24","9,21","10,19","11,17","13,17","14,18","15,19","15,23","15,26","15,26","14,26","14,27","14,27","16,27","18,27","21,25","25,24","25,24","25,25","25,30","25,34","25,37","25,37","21,37","16,37","14,37","14,37","14,32","14,32","17,31","17,31","17,27","17,23","17,21","18,21","22,21","26,21","26,21","26,20","28,20","32,19","36,19","36,19","36,21","36,22","34,22","30,23","29,23","29,25","29,29","30,30"],"rotationY":[0.0,0.0,0.0,58.1106071472168,74.511962890625,23.978307723999025,0.13847598433494569,299.7895202636719,283.985595703125,259.10382080078127,226.38116455078126,179.2417755126953,132.1648712158203,120.04647827148438,180.0736846923828,240.2273712158203,249.8794708251953,209.82635498046876,233.44534301757813,294.3653564453125,354.6882019042969,0.652152955532074,329.6641845703125,348.7598876953125,10.621306419372559,18.59238052368164,73.97920989990235,134.3080291748047,180.7469940185547,172.78448486328126,112.64144134521485,90.07772827148438,42.928531646728519,0.042984675616025928,309.3866271972656,295.5054931640625,356.2765197753906,10.684086799621582,65.73722076416016,86.90203857421875,132.71559143066407,193.0978240966797,236.48570251464845,196.49053955078126,179.31298828125,147.51028442382813,119.47502136230469,85.5047607421875,48.459434509277347,1.6390190124511719,358.9963073730469,335.02984619140627,281.6607666015625,336.3412780761719,19.281919479370118,79.98241424560547,93.14967346191406,117.14737701416016,114.18634033203125,107.76475524902344,47.20205307006836,2.7921745777130129,0.6666854619979858,359.1685791015625,336.1560363769531,275.8867492675781,270.39501953125,269.1446533203125,238.63424682617188,184.61338806152345,177.69058227539063,121.50354766845703,109.5382080078125,169.08157348632813,180.4722900390625,180.4722900390625,142.72511291503907,92.7215576171875,87.48348999023438,96.35919952392578,156.37142944335938,136.83566284179688,104.4165267944336,93.63262939453125,90.86237335205078,30.016937255859376,0.5410993099212647,309.327880859375,284.54248046875,273.7282409667969,321.08978271484377,0.2539553642272949,0.2539553642272949,40.01400375366211],"time":98.71484375,"mapName":"uffici2.map","timeDecision":3.0,"timeScan":0.20000000298023225,"penalty_cost":10.0,"ip":"","os":"Windows 10  (10.0.0) 64bit"}