{"position":["9,11","9,11","9,11","9,11","12,12","13,12","13,15","13,15","11,15","8,16","6,16","5,14","5,11","5,10","5,10","4,11","3,15","2,18","2,22","2,27","2,27","2,27","3,26","3,23","3,20","4,20","7,20","8,20","8,20","6,23","7,24","8,27","8,27","9,26","9,24","9,20","10,18","11,17","13,17","14,18","15,22","15,23","13,27","13,31","13,31","16,32","17,32","17,33","17,33","17,33","17,32","15,32","14,32","14,33","14,35","15,35","18,36","21,37","25,37","25,37","25,35","25,30","25,25","25,24","24,24","21,24","19,26","18,27","17,26","17,25","17,21","18,21","19,20","19,20","17,20","15,19","13,18","13,18","14,18","18,18","20,18","23,21","23,21","27,20","30,18","31,18","35,20","36,20","36,22","35,23","32,24","29,26","29,26","29,31","30,31"],"rotationY":[0.0,0.0,0.0,56.12068557739258,74.90206909179688,27.769512176513673,1.5704612731933594,305.598876953125,284.49365234375,273.97125244140627,232.35049438476563,197.17042541503907,179.406982421875,229.4575958251953,289.88037109375,331.2041931152344,342.585205078125,359.0303955078125,1.7256659269332886,0.27396050095558169,58.48996353149414,119.12873077392578,159.95372009277345,180.740966796875,155.2618408203125,102.37195587158203,88.15371704101563,37.59618377685547,336.94964599609377,337.6172790527344,22.77851104736328,41.48297882080078,101.9979019165039,145.38870239257813,181.58702087402345,176.64163208007813,148.6473846435547,100.95609283447266,68.64286041259766,29.775381088256837,18.583559036254884,339.7518310546875,343.5090026855469,359.1252136230469,59.66339874267578,72.69898223876953,18.281999588012697,59.98231887817383,120.09061431884766,181.24819946289063,230.6710205078125,265.9032287597656,311.8578186035156,357.47344970703127,33.05122375488281,83.79663848876953,66.51219940185547,85.89100646972656,92.29580688476563,152.36712646484376,178.48995971679688,181.10986328125,181.10986328125,224.370849609375,269.1379699707031,293.0808410644531,313.90399169921877,266.782470703125,222.0382843017578,178.71820068359376,167.44805908203126,121.56340789794922,167.62957763671876,227.870361328125,268.355224609375,245.58657836914063,208.15234375,147.0261688232422,96.33477783203125,88.62340545654297,54.30092239379883,47.73061752319336,103.20750427246094,115.13658142089844,118.02848052978516,76.18171691894531,70.94943237304688,18.169172286987306,343.39056396484377,301.8702392578125,294.0133972167969,306.5694885253906,359.8132629394531,4.520007133483887,50.33032989501953],"time":100.314453125,"mapName":"uffici2.map","timeDecision":5.0,"timeScan":0.30000001192092898,"penalty_cost":2.0,"ip":"","os":"Windows 10  (10.0.0) 64bit"}