{"position":["9,11","9,11","9,11","9,11","12,12","14,13","14,13","13,15","12,15","9,17","6,17","6,17","5,14","5,10","5,10","4,10","3,11","3,14","2,15","1,17","2,19","3,22","3,26","3,26","3,26","3,25","3,23","4,20","4,20","6,20","8,21","8,21","7,25","6,27","6,27","9,27","11,27","11,27","10,26","9,24","9,20","10,18","11,17","13,17","14,19","15,21","15,24","16,25","18,26","17,28","17,30","16,30","15,31","13,33","13,33","14,33","14,33","14,32","15,32","17,32","17,33","17,35","17,35","16,35","16,35","17,35","21,37","22,36","23,36","24,34","25,31","25,28","25,27","23,27","19,27","17,26","17,25","17,21","17,21","19,21","20,22","22,21","25,21","27,20","30,19","33,19","36,19","37,20","38,22","38,22","35,22","33,23","30,24","30,24","30,28","30,31"],"rotationY":[0.0,0.0,0.0,60.464420318603519,74.08152770996094,37.7506217956543,338.813232421875,306.02496337890627,296.7868957519531,289.6212158203125,266.82965087890627,206.68832397460938,188.5908966064453,180.52944946289063,241.26089477539063,291.8006591796875,336.2284240722656,357.6887512207031,320.9562683105469,354.1628112792969,23.126827239990236,1.2476235628128052,357.385986328125,57.88733673095703,118.74908447265625,168.13258361816407,161.37791442871095,175.14112854003907,114.2855224609375,79.01021575927735,46.97552490234375,346.31878662109377,342.3759460449219,10.379253387451172,70.88235473632813,90.90270233154297,125.77204895019531,186.4188690185547,220.87664794921876,181.90878295898438,175.36459350585938,149.5777130126953,101.31878662109375,67.63459014892578,31.634052276611329,7.192422389984131,12.981860160827637,51.85236358642578,16.540931701660158,339.2952880859375,335.69171142578127,281.1131591796875,311.1024169921875,342.40155029296877,42.44404983520508,89.88932800292969,150.5771026611328,141.2813720703125,94.01789093017578,57.265750885009769,4.804815769195557,336.1943359375,280.6053771972656,332.8108825683594,33.00591278076172,76.03954315185547,68.0921401977539,108.83552551269531,160.28549194335938,150.69131469726563,165.2194061279297,180.34805297851563,233.33206176757813,268.00836181640627,258.0648193359375,228.25978088378907,180.92527770996095,176.3759765625,115.44287872314453,78.40581512451172,63.46814727783203,103.79409790039063,104.55691528320313,134.04925537109376,107.1809310913086,90.63121032714844,67.03670501708985,27.77838706970215,357.8395690917969,297.3075256347656,272.8046569824219,294.0287170410156,296.1857604980469,356.79290771484377,359.8518371582031,30.761878967285158],"time":100.8671875,"mapName":"uffici2.map","timeDecision":3.0,"timeScan":0.7000000476837158,"penalty_cost":9.0,"ip":"","os":"Windows 10  (10.0.0) 64bit"}