{"position":["22,2","22,2","22,2","22,3","21,4","22,6","22,9","21,9","20,11","20,12","20,12","20,13","21,13","22,14","22,14","21,15","21,16","21,17","22,18","21,19","20,22","19,22","17,22","14,22","14,23","14,23","11,23","9,23","9,23","9,26","8,27","6,28","3,28","3,28","3,25","3,23","3,23","2,24","2,26","2,29","2,29","6,29","6,29","7,31","7,33","6,34","6,34","5,34","4,34","4,34","3,37","3,39","3,39","3,39","3,36","3,36","5,36","9,36","13,36","13,36","13,35","14,35","15,35","15,34","15,34","19,34","19,34","20,36","20,36","20,36","20,36","21,37","21,37","22,37","25,36","28,36","30,36","30,36","30,36","27,36","25,36","24,35","24,34","23,32","23,30","24,28","24,25","24,24","25,24","25,24","25,24","24,24","19,24","15,24","15,24","15,26"],"rotationY":[0.0,0.0,0.0,345.25372314453127,359.1535949707031,4.476526260375977,343.97906494140627,327.36053466796877,329.0520324707031,315.9720458984375,16.609525680541993,62.885005950927737,32.56583786010742,29.69297981262207,335.7476501464844,340.36492919921877,9.70909309387207,52.71147537231445,5.830921173095703,338.18426513671877,307.22894287109377,278.72308349609377,268.12237548828127,286.8172912597656,338.6104431152344,282.7310485839844,282.5323181152344,275.51275634765627,338.3273620605469,346.1194763183594,311.9772033691406,273.1883544921875,251.99664306640626,190.0015411376953,181.38693237304688,217.91043090820313,278.71337890625,326.52313232421877,0.43159133195877077,24.029071807861329,84.49231719970703,86.48211669921875,35.599491119384769,2.18308162689209,328.88525390625,312.56732177734377,280.2627258300781,270.69329833984377,274.9425354003906,333.2557678222656,354.51611328125,338.0131530761719,273.7976379394531,211.13275146484376,181.08782958984376,126.37381744384766,89.97943115234375,88.55519104003906,92.73419952392578,140.9034881591797,142.69952392578126,91.73204803466797,127.26791381835938,153.3278350830078,92.00778198242188,86.7428207397461,23.44364356994629,32.2171516418457,93.03160095214844,54.53562545776367,25.67119598388672,50.94969940185547,111.50977325439453,99.45353698730469,104.69872283935547,88.49232482910156,123.42240905761719,186.4046173095703,248.2103271484375,270.893310546875,240.69915771484376,194.5198211669922,199.71900939941407,199.90286254882813,166.22544860839845,160.90838623046876,181.35923767089845,133.50473022460938,83.00152587890625,22.49195098876953,318.835205078125,268.52032470703127,268.52032470703127,271.7844543457031,331.0709228515625,349.48114013671877],"time":101.9638671875,"mapName":"open1.map","timeDecision":0.10000000149011612,"timeScan":0.09999998658895493,"penalty_cost":0.0,"ip":"","os":"Windows 10  (10.0.0) 64bit"}