{"position":["9,11","9,11","9,11","9,11","12,12","13,12","13,15","13,15","10,16","7,16","5,15","5,14","5,13","6,13","6,13","6,13","5,13","4,11","3,9","3,9","3,9","3,13","3,16","1,18","2,21","3,25","3,25","3,25","3,24","3,20","3,20","7,20","8,20","8,20","7,22","7,25","7,26","9,27","11,27","11,27","10,26","9,24","9,21","10,19","11,17","13,17","13,18","15,21","15,23","14,26","14,31","14,31","15,31","18,30","19,29","23,29","23,29","24,32","24,34","23,36","22,36","19,36","19,35","19,35","17,36","15,36","15,36","15,36","19,36","23,36","25,35","26,34","26,30","26,26","26,25","23,24","20,24","17,24","17,24","17,21","17,21","21,21","24,21","28,20","33,20","36,20","36,20","36,22","36,22","33,23","30,25","29,28","29,30","30,32"],"rotationY":[0.0,0.0,0.0,60.753597259521487,74.45376586914063,20.809236526489259,356.961669921875,295.5304260253906,284.974365234375,259.22125244140627,227.41673278808595,180.27638244628907,131.8782958984375,122.45610046386719,182.50460815429688,242.76075744628907,247.35841369628907,209.24513244628907,234.70823669433595,295.04229736328127,354.84747314453127,0.5539496541023254,329.0531005859375,351.485595703125,11.29196548461914,17.535144805908204,78.34517669677735,138.74014282226563,180.1280517578125,164.71681213378907,103.4102783203125,89.59288024902344,45.412723541259769,344.68603515625,342.31463623046877,0.38997432589530947,45.9876594543457,72.9337158203125,111.92920684814453,172.72796630859376,219.61180114746095,193.7635498046875,179.4368438720703,148.2680206298828,112.79939270019531,79.43184661865235,29.80754280090332,18.806486129760743,342.6706848144531,355.8702697753906,0.21429768204689027,55.710880279541019,101.60314178466797,122.5175552368164,96.70601654052735,88.05608367919922,27.314376831054689,14.395419120788575,345.6890563964844,314.849365234375,269.5785827636719,246.68545532226563,193.95809936523438,250.5165252685547,281.3876953125,319.64251708984377,20.223169326782228,81.24384307861328,90.18656921386719,98.7624740600586,121.48878479003906,172.20831298828126,180.29566955566407,180.29566955566407,234.4818115234375,253.86770629882813,270.625732421875,245.3094940185547,185.2475128173828,161.0464630126953,100.9516830444336,90.29584503173828,100.4859390258789,93.67434692382813,89.3490982055664,70.75968170166016,14.27588176727295,335.3503723144531,282.1833190917969,299.5122375488281,320.60430908203127,341.4784851074219,10.197638511657715,47.34127426147461],"time":99.0146484375,"mapName":"uffici2.map","timeDecision":9.0,"timeScan":0.30000001192092898,"penalty_cost":1.0,"ip":"","os":"Windows 10  (10.0.0) 64bit"}