{"position":["22,2","22,2","22,2","22,2","23,6","23,8","23,10","23,11","25,12","28,13","28,13","29,10","29,10","29,8","28,6","29,3","30,3","33,2","33,2","33,2","32,2","28,3","23,3","20,3","19,3","19,3","19,3","20,3","20,3","20,5","20,9","20,12","19,12","19,12","20,14","21,16","21,17","21,20","20,22","20,22","20,22","21,22","21,23","21,26","22,30","22,33","20,33","17,35","16,35","15,37","15,39","15,43","15,43","15,43","15,42","15,42","15,42","15,43","16,43","18,43","19,43","23,41","23,41","24,43","25,43","26,43","26,43","26,43","24,43","24,43","23,46","23,49","23,50","21,51","21,51","21,51","21,51","23,51","24,50","24,49","24,44","24,40","24,36","24,36","27,36","28,36","28,36","28,36","27,35","24,35","20,35","16,35","16,34","14,31"],"rotationY":[0.0,0.0,0.0,14.635153770446778,3.8569412231445314,32.75349044799805,1.7352514266967774,43.99033737182617,71.91024780273438,97.10092163085938,157.63548278808595,148.87857055664063,168.16677856445313,198.12525939941407,185.286865234375,158.3900146484375,104.62228393554688,111.96885681152344,175.90127563476563,236.2945556640625,278.4408874511719,275.3629150390625,269.537109375,278.97479248046877,271.6031494140625,211.47911071777345,150.1571502685547,100.14016723632813,39.850250244140628,0.5438836216926575,0.5438836216926575,333.9859313964844,294.17498779296877,355.2947998046875,17.647611618041993,41.633426666259769,3.1282410621643068,336.32086181640627,3.9776272773742677,2.5312883853912355,63.4482421875,34.880653381347659,351.373046875,11.749671936035157,6.251706123352051,335.361328125,298.88714599609377,289.1201171875,298.0758056640625,331.715087890625,0.6770336627960205,15.3289155960083,75.75108337402344,136.84510803222657,163.95652770996095,102.11284637451172,41.775394439697269,15.339505195617676,65.90322875976563,77.27515411376953,116.12789154052735,112.29718780517578,51.19772720336914,42.39991760253906,78.8170394897461,117.82769012451172,178.1035919189453,238.69485473632813,274.60430908203127,335.11749267578127,348.7598571777344,3.9586286544799806,323.1702880859375,311.5125732421875,299.62615966796877,359.8108825683594,60.82322311401367,98.86539459228516,139.84519958496095,182.12005615234376,179.59512329101563,179.59512329101563,168.60794067382813,107.68763732910156,89.0701675415039,74.0001449584961,134.49659729003907,198.63519287109376,240.78244018554688,270.7053527832031,270.7053527832031,260.16143798828127,210.32650756835938,194.16744995117188],"time":99.578125,"mapName":"open1.map","timeDecision":0.6000000238418579,"timeScan":0.03999999910593033,"penalty_cost":30.0,"ip":"","os":"Windows 10  (10.0.0) 64bit"}