{"position":["9,11","9,11","9,11","9,11","12,12","13,13","13,15","13,15","11,16","8,17","5,17","2,16","2,16","2,16","3,16","3,13","3,13","2,13","2,13","2,13","4,13","4,13","4,13","4,13","3,14","2,17","2,21","3,24","3,24","3,24","3,22","3,20","4,20","7,20","9,22","10,24","10,25","10,25","9,24","9,23","9,20","11,17","12,17","13,17","14,17","14,17","16,21","17,24","18,24","22,24","25,25","25,25","25,29","25,33","25,35","23,36","20,36","19,36","19,35","19,35","15,36","15,36","14,34","14,32","14,32","16,32","19,30","19,30","19,30","16,30","14,30","14,30","14,30","17,30","17,30","17,27","17,23","17,21","18,21","20,22","23,21","26,20","30,19","33,19","36,19","36,19","36,22","36,22","32,23","28,23","28,23","28,23","30,27","30,30"],"rotationY":[0.0,0.0,0.0,61.00722122192383,73.07648468017578,20.998428344726564,353.87835693359377,293.55426025390627,297.3992004394531,274.1874694824219,257.33740234375,238.81631469726563,178.58975219726563,118.27735900878906,148.4291229248047,175.84744262695313,232.5054168701172,234.48907470703126,173.86387634277345,113.30064392089844,102.45121002197266,115.78571319580078,55.5843620300293,354.9165954589844,336.8822021484375,358.83868408203127,5.084801197052002,24.066478729248048,84.0983657836914,144.963623046875,176.5398712158203,137.61529541015626,93.4013671875,66.22981262207031,42.800167083740237,18.36599349975586,323.6519470214844,263.0723876953125,219.52108764648438,181.28785705566407,152.86669921875,139.97206115722657,93.87347412109375,46.444576263427737,76.22005462646485,17.26203727722168,28.244421005249025,30.42238998413086,80.40225982666016,90.24101257324219,73.79037475585938,13.279784202575684,1.2409677505493165,359.1915283203125,323.65594482421877,292.24615478515627,270.5042724609375,223.4371337890625,209.11769104003907,269.55609130859377,280.52685546875,223.35302734375,190.80735778808595,156.4496612548828,103.11510467529297,116.73678588867188,132.1193389892578,192.1314697265625,253.56358337402345,270.470947265625,229.20962524414063,168.28546142578126,107.78892517089844,96.08491516113281,157.02841186523438,177.61019897460938,180.5970458984375,139.75924682617188,89.3860092163086,76.46717071533203,100.38836669921875,115.26531982421875,105.72776794433594,89.9481201171875,69.07359313964844,8.601227760314942,347.5281677246094,287.33502197265627,282.02825927734377,272.0667419433594,329.4748840332031,25.26113510131836,18.049169540405275,12.162467002868653],"time":98.8203125,"mapName":"uffici2.map","timeDecision":2.0,"timeScan":0.20000000298023225,"penalty_cost":3.0,"ip":"","os":"Windows 10  (10.0.0) 64bit"}