{"position":["22,2","22,2","22,2","22,2","22,4","23,8","23,11","24,12","24,12","23,12","22,16","21,19","21,22","21,22","21,25","22,28","21,31","22,33","24,34","26,35","29,35","29,35","29,35","27,35","25,35","24,35","24,35","23,38","23,41","24,43","24,43","24,43","24,43","23,43","21,47","20,50","20,51","20,51","19,51","19,51","19,51","16,51","15,52","15,51","14,51","14,51","14,51","15,51","19,51","20,51","20,49","20,45","20,45","20,43","20,43","15,44","15,44","15,44","15,44","19,44","20,44","20,42","20,38","20,36","18,36","16,36","15,36","15,37","14,36","11,36","6,36","3,36","3,36","3,37","3,37","2,36","2,34","2,34","2,32","3,28","3,24","3,20","3,15","3,14","3,14","3,14","3,18","3,22","3,22","6,22","10,22","12,22","12,22","12,22","13,25"],"rotationY":[0.0,0.0,0.0,45.827735900878909,10.672385215759278,1.2226160764694214,20.333166122436525,351.69976806640627,291.29486083984377,334.91943359375,342.7654724121094,359.32525634765627,333.5888366699219,339.4277038574219,-0.005291904788464308,16.914871215820314,350.59503173828127,24.158002853393556,56.59548568725586,82.70730590820313,60.79899978637695,359.9783935546875,299.8913269042969,271.38177490234377,309.153564453125,271.7012939453125,328.0674133300781,351.14959716796877,9.25818157196045,42.23147201538086,49.51602554321289,348.8331298828125,288.4266052246094,328.9154968261719,337.2713317871094,350.7398986816406,311.0915832519531,250.1325225830078,285.06072998046877,331.11138916015627,270.78240966796877,275.1513671875,275.8804626464844,223.0418243408203,234.62631225585938,200.74392700195313,140.64804077148438,89.83900451660156,89.83900451660156,143.9996337890625,180.2509002685547,188.35302734375,181.9651336669922,220.1217498779297,279.5982666015625,279.5982666015625,223.45448303222657,162.58218383789063,101.72860717773438,90.51519775390625,137.31060791015626,176.06515502929688,181.14381408691407,216.41822814941407,252.76202392578126,278.11749267578127,332.4697570800781,285.76361083984377,245.04840087890626,267.8643798828125,270.6627197265625,288.5802001953125,345.9557800292969,313.4581298828125,253.02215576171876,209.56149291992188,178.4874267578125,137.21124267578126,168.70005798339845,175.2962188720703,181.2962188720703,180.0896759033203,180.0896759033203,132.07467651367188,71.72023010253906,11.501351356506348,1.7453601360321046,3.3316855430603029,63.84987258911133,90.21949005126953,90.21949005126953,127.45465087890625,98.75208282470703,37.959495544433597,17.878103256225587],"time":99.9228515625,"mapName":"open1.map","timeDecision":0.9000000953674316,"timeScan":0.10999999195337296,"penalty_cost":50.0,"ip":"","os":"Windows 10  (10.0.0) 64bit"}