{"position":["22,2","22,2","22,2","22,3","23,6","23,7","23,8","23,11","24,12","24,12","23,12","22,13","22,13","24,14","24,15","24,15","25,14","27,14","28,15","30,17","30,17","31,17","31,17","30,17","28,14","27,14","27,14","27,14","27,14","28,14","28,13","29,12","29,11","29,10","29,8","29,8","29,8","28,12","28,12","26,12","24,14","23,14","23,15","23,19","23,21","24,22","24,22","23,23","22,24","22,27","22,29","23,31","24,33","25,34","25,34","24,36","23,39","23,40","24,42","25,43","25,43","25,43","24,44","23,48","23,50","23,51","21,51","20,52","17,52","15,52","14,52","14,52","14,52","18,52","20,51","20,50","20,45","20,44","19,44","16,44","16,43","14,40","15,37","15,36","14,36","10,35","8,35","8,35","8,35","8,35","8,35","13,35","14,35","14,34"],"rotationY":[0.0,0.0,0.0,12.709244728088379,40.535945892333987,4.017915725708008,2.070563554763794,25.00592803955078,12.344551086425782,311.37518310546877,310.3525695800781,352.3878479003906,53.07284927368164,48.286407470703128,28.525754928588868,88.7222900390625,92.8377685546875,82.93485260009766,37.98477554321289,51.62363052368164,112.61305236816406,156.09561157226563,216.862548828125,236.15151977539063,218.00006103515626,259.7949523925781,228.387451171875,167.10813903808595,107.08242797851563,112.47479248046875,162.82635498046876,174.7493438720703,188.99163818359376,177.2913055419922,219.07456970214845,279.70623779296877,340.7832336425781,342.0226745605469,283.5623474121094,291.3616027832031,305.16558837890627,305.101806640625,355.8712158203125,0.6029962301254273,35.70744705200195,353.1943664550781,293.0694885253906,317.23095703125,1.7348215579986573,13.746781349182129,28.558597564697267,15.721197128295899,45.84406661987305,31.72718620300293,333.97314453125,342.05712890625,330.0534973144531,16.612197875976564,37.3717155456543,79.25357818603516,37.87766647338867,337.0431823730469,335.3858947753906,341.37738037109377,6.491466999053955,318.47052001953127,285.223876953125,275.32965087890627,271.380859375,274.5331115722656,326.4887390136719,26.978199005126954,87.00182342529297,104.20545196533203,133.88961791992188,180.991455078125,180.991455078125,221.5148162841797,273.00714111328127,253.00656127929688,204.5367889404297,184.64736938476563,169.02081298828126,209.7703857421875,254.02383422851563,256.2972412109375,261.10552978515627,260.0325927734375,199.79959106445313,139.48184204101563,86.4492416381836,88.61448669433594,132.03237915039063,179.41119384765626],"time":99.255859375,"mapName":"open1.map","timeDecision":0.5,"timeScan":0.029999999329447748,"penalty_cost":70.0,"ip":"","os":"Windows 10  (10.0.0) 64bit"}