{"position":["9,11","9,11","9,11","9,11","12,12","13,12","13,12","13,12","13,12","11,12","9,10","8,8","8,7","8,7","9,3","9,2","8,2","3,2","3,2","3,3","3,3","5,3","9,3","13,2","17,2","17,2","17,3","16,4","17,6","17,9","17,9","20,9","22,9","22,9","21,5","20,4","20,4","20,4","22,5","22,7","22,11","22,15","22,15","22,15","22,15","22,15","26,14","29,15","33,15","34,15","34,15","36,15","40,14","42,15","44,17","45,18","47,18","48,18","48,18","48,18","50,21","50,24","50,27","50,28","48,28","45,29","44,29","44,32","44,33","47,34","49,35","50,36","50,36","48,36","45,36","45,36","43,34","43,33","43,29","43,25","43,23","43,18","43,18","41,18","40,18","40,19","39,22","39,22","39,22","38,24","37,27","37,31","36,33","36,33"],"rotationY":[0.0,0.0,0.0,60.531227111816409,74.26307678222656,80.79425048828125,19.853866577148439,319.2218017578125,266.6830749511719,228.83258056640626,208.5233917236328,180.4248504638672,129.74163818359376,163.628662109375,169.23123168945313,224.01828002929688,270.4933776855469,270.4933776855469,325.92669677734377,13.32103443145752,67.12144470214844,101.47505950927735,90.35890197753906,101.78388214111328,95.82567596435547,39.13427734375,347.5998229980469,344.9334716796875,19.169830322265626,8.230759620666504,69.20735168457031,87.13923645019531,127.79576110839844,187.8910675048828,194.16921997070313,193.01300048828126,132.8286590576172,71.99813842773438,37.49409103393555,359.68829345703127,359.68829345703127,352.4529113769531,291.55157470703127,335.0812683105469,35.15702819824219,90.85380554199219,103.29753875732422,78.0504150390625,85.12659454345703,135.95509338378907,78.86740112304688,108.4857177734375,91.74566650390625,64.88933563232422,44.4839973449707,93.84318542480469,86.94683074951172,134.6704559326172,94.39978790283203,33.428985595703128,23.07310676574707,351.1731262207031,358.7187194824219,307.95208740234377,272.2665100097656,284.91510009765627,339.0289001464844,357.7458190917969,47.73537826538086,71.44024658203125,54.11874771118164,4.908023834228516,304.76934814453127,270.09820556640627,291.32476806640627,250.89151000976563,228.45010375976563,181.41592407226563,179.53802490234376,189.6094970703125,179.8780059814453,180.89154052734376,241.12039184570313,275.31353759765627,295.5122375488281,336.7461853027344,11.929939270019532,56.2085075378418,355.40606689453127,332.65545654296877,356.1662292480469,2.4282960891723635,330.6182861328125,272.2798767089844],"time":99.6015625,"mapName":"uffici2.map","timeDecision":1.0,"timeScan":1.0000001192092896,"penalty_cost":7.0,"ip":"","os":"Windows 10  (10.0.0) 64bit"}