{"position":["9,11","9,11","9,11","9,11","12,12","13,12","13,15","13,15","10,16","7,16","5,16","5,15","5,11","5,10","5,10","4,11","3,14","3,16","1,18","1,18","3,18","5,18","8,20","9,23","9,24","9,24","9,24","9,22","7,20","5,20","3,20","3,21","3,25","3,26","3,26","3,26","3,24","3,24","3,24","3,25","3,25","3,23","3,20","3,20","7,20","8,20","11,17","13,17","13,17","15,20","15,22","14,25","14,29","15,31","18,33","18,33","17,35","16,35","16,35","16,35","19,36","23,37","23,37","23,35","24,32","23,29","23,29","22,29","22,27","22,25","21,25","17,25","17,25","17,22","17,21","18,21","22,21","26,21","26,21","26,20","29,20","33,19","36,19","37,20","38,23","38,26","37,29","38,30","39,30","39,30","39,30","37,31","35,31"],"rotationY":[0.0,0.0,0.0,54.15972137451172,74.33319091796875,26.811649322509767,0.47890254855155947,303.5631103515625,284.37066650390627,272.3780212402344,235.12228393554688,187.02500915527345,179.8319549560547,227.9358367919922,288.3863220214844,331.67559814453127,353.5608825683594,330.8811950683594,354.00579833984377,54.650047302246097,89.61955261230469,59.62745666503906,40.77663803100586,19.101329803466798,337.82647705078127,277.4328308105469,216.53024291992188,213.4988250732422,237.32064819335938,268.4261474609375,305.1501159667969,356.16363525390627,0.3607807457447052,48.4806022644043,108.82009887695313,166.24908447265626,206.4515380859375,266.9986572265625,327.66998291015627,277.93829345703127,217.37449645996095,179.97122192382813,160.09249877929688,99.51905059814453,91.51295471191406,131.81678771972657,123.83126068115235,89.420166015625,31.0858211517334,18.015132904052736,342.9639892578125,358.04327392578127,10.822565078735352,42.47582244873047,55.248558044433597,357.7777404785156,322.77508544921877,285.7350158691406,346.5559387207031,47.338382720947269,75.34014129638672,77.24329376220703,137.5032958984375,172.33847045898438,176.08853149414063,194.51832580566407,254.58575439453126,222.61541748046876,183.0626678466797,214.40744018554688,264.125,268.25238037109377,207.25732421875,182.78062438964845,136.89532470703126,93.28642272949219,89.45169830322266,103.26769256591797,163.5626678466797,123.81343841552735,101.01453399658203,94.2546615600586,71.8387222290039,28.034679412841798,5.33882474899292,341.88970947265627,0.9169948697090149,43.727474212646487,78.83560943603516,18.81613540649414,318.3348388671875,284.8331298828125,319.6573791503906],"time":98.0859375,"mapName":"uffici2.map","timeDecision":10.0,"timeScan":0.20000000298023225,"penalty_cost":8.0,"ip":"","os":"Windows 10  (10.0.0) 64bit"}