{"position":["9,11","9,11","9,11","9,11","12,12","13,12","13,14","13,15","10,16","6,17","6,17","5,15","5,13","5,13","6,13","6,13","6,13","5,13","3,10","3,9","3,9","3,11","3,15","2,16","1,17","1,17","4,17","6,17","7,19","9,21","10,22","10,22","7,25","7,25","7,25","7,21","7,20","5,20","3,20","3,21","3,24","4,26","4,26","3,25","3,25","3,20","3,20","5,20","8,20","10,18","12,17","13,17","15,19","16,23","17,24","20,26","21,26","23,26","26,29","26,29","25,33","25,37","25,38","24,38","20,37","16,37","14,37","14,37","14,37","17,37","17,37","18,33","18,32","17,30","15,30","14,30","14,28","14,27","17,26","17,26","17,22","17,21","18,21","20,22","23,21","26,20","29,19","33,19","36,20","36,20","36,22","35,22","32,24","32,25","31,28","31,32"],"rotationY":[0.0,0.0,0.0,55.403289794921878,74.23050689697266,25.8817138671875,353.28924560546877,301.6031494140625,285.12939453125,287.88665771484377,227.00616455078126,202.46572875976563,161.70774841308595,101.68942260742188,144.70799255371095,204.88623046875,265.3596496582031,220.79554748535157,210.49664306640626,262.326416015625,323.2056579589844,1.1932274103164673,355.25958251953127,318.5293884277344,5.718183994293213,66.00856018066406,90.3780288696289,55.8135871887207,29.557674407958986,57.63128662109375,17.725685119628908,317.7580261230469,308.1762390136719,248.07733154296876,194.9054718017578,179.8488311767578,227.66835021972657,266.64739990234377,302.7286376953125,354.6986389160156,13.890134811401368,343.6473388671875,283.1953125,231.44313049316407,183.6758575439453,179.68450927734376,123.04808807373047,93.12496185302735,112.1951904296875,130.94287109375,97.59834289550781,48.47857666015625,25.006044387817384,16.953039169311525,56.99354934692383,48.668392181396487,87.0372543334961,48.945228576660159,40.54802322387695,346.4059753417969,356.0047607421875,358.59368896484377,303.7118225097656,256.2010498046875,267.13330078125,268.222900390625,308.3157043457031,9.141132354736329,69.33282470703125,92.4966812133789,153.23240661621095,164.10855102539063,197.4674072265625,237.02120971679688,267.26300048828127,217.58294677734376,176.3516387939453,133.41531372070313,112.8272933959961,169.75155639648438,180.9134063720703,133.20291137695313,86.00450897216797,82.86904907226563,100.38304901123047,114.31878662109375,96.5566635131836,88.25723266601563,66.3339614868164,12.152993202209473,333.2012634277344,283.12652587890627,299.200439453125,342.8741455078125,359.1544494628906,4.481757164001465],"time":101.0390625,"mapName":"uffici2.map","timeDecision":6.0,"timeScan":0.30000001192092898,"penalty_cost":8.0,"ip":"","os":"Windows 10  (10.0.0) 64bit"}