{"position":["9,11","9,11","9,11","9,11","12,12","15,12","15,12","15,12","13,12","12,12","9,10","8,8","8,6","9,4","8,3","6,3","4,3","4,3","5,4","5,4","5,3","5,3","8,3","12,2","14,2","16,4","17,5","17,9","17,9","20,9","20,9","21,6","21,3","21,3","21,3","21,4","21,8","21,13","21,13","23,14","23,14","23,14","23,14","23,14","23,14","27,14","30,15","34,15","37,15","41,14","41,14","41,15","42,15","44,16","47,16","49,16","49,15","49,15","49,15","50,16","50,20","50,23","49,26","47,26","44,27","44,27","44,25","44,25","44,25","44,26","45,26","48,26","49,26","49,24","49,22","49,22","45,22","45,21","43,18","41,18","41,18","41,20","41,20","39,20","39,21","39,22","40,22","40,22","40,22","39,22","39,23","37,26","37,29","37,31","35,32","33,32"],"rotationY":[0.0,0.0,0.0,60.5964469909668,74.456787109375,101.69218444824219,162.41766357421876,223.4886474609375,263.29248046875,240.1138916015625,218.29525756835938,188.11148071289063,162.2125701904297,201.50611877441407,244.56317138671876,270.43365478515627,310.9343566894531,11.051186561584473,53.93085861206055,114.63467407226563,165.4259796142578,108.54009246826172,92.31560516357422,101.77362060546875,62.22111892700195,46.929771423339847,0.3011096715927124,9.719267845153809,69.7223892211914,93.66753387451172,154.60760498046876,164.7349853515625,190.0335693359375,250.4530792236328,310.6522521972656,359.91607666015627,359.91607666015627,1.3369017839431763,58.62589645385742,91.40274047851563,146.62054443359376,206.65115356445313,217.40415954589845,156.58946228027345,95.90143585205078,89.63431549072266,72.77334594726563,90.93228149414063,106.90258026123047,96.90423583984375,39.229183197021487,29.079734802246095,78.72616577148438,75.8078384399414,86.65637969970703,119.40287017822266,168.75132751464845,110.4097671508789,49.59963607788086,4.495403289794922,359.4746398925781,343.8936462402344,316.7381591796875,285.63525390625,270.18658447265627,209.82769775390626,175.92730712890626,115.4928970336914,55.050384521484378,25.044795989990236,74.65442657470703,90.40771484375,142.4927520751953,177.31312561035157,210.66795349121095,267.50244140625,255.210693359375,210.06222534179688,227.93223571777345,264.0534362792969,324.2793273925781,348.32293701171877,287.62518310546877,300.3207702636719,349.9634094238281,38.105281829833987,73.09959411621094,12.837483406066895,312.03363037109377,279.8934326171875,330.166015625,342.86920166015627,1.465789794921875,324.86444091796877,292.9623718261719,268.0628662109375],"time":101.01513671875,"mapName":"uffici2.map","timeDecision":7.0,"timeScan":0.7000000476837158,"penalty_cost":0.0,"ip":"","os":"Windows 10  (10.0.0) 64bit"}