{"position":["22,2","22,2","22,2","22,2","23,5","23,9","24,12","24,12","23,12","22,13","22,13","24,14","24,14","24,16","23,20","23,21","25,22","26,22","26,22","26,22","25,22","24,23","23,24","23,26","23,27","23,30","23,31","24,33","24,34","23,34","22,34","20,35","18,35","15,36","15,37","15,39","15,43","15,43","18,43","19,44","19,44","20,42","20,42","23,43","23,43","23,44","23,49","23,51","21,52","18,52","17,52","17,52","17,52","19,52","19,51","20,50","20,45","20,45","17,45","14,45","14,44","13,41","13,37","13,36","12,36","9,35","9,34","8,31","8,31","4,29","3,29","3,27","3,24","3,24","3,24","3,25","3,30","3,34","3,34","4,34","4,34","3,36","3,41","3,42","2,43","2,43","2,44","2,44","2,44","3,41","3,37","3,36","5,36","9,36","13,35","13,35","13,32"],"rotationY":[0.0,0.0,0.0,354.0152282714844,10.49685287475586,3.5919995307922365,23.143972396850587,330.7461242675781,286.625,338.3895263671875,38.45038604736328,49.688026428222659,349.2984924316406,348.1062316894531,341.02239990234377,29.94525718688965,56.695343017578128,99.12815856933594,160.20211791992188,220.5420379638672,268.064453125,312.8882141113281,326.4651794433594,358.3611755371094,4.574004173278809,20.116357803344728,0.13586153090000153,23.779766082763673,335.7850341796875,286.341064453125,294.8611755371094,293.7357177734375,283.5960693359375,304.5351867675781,353.0932312011719,1.5402052402496338,14.08211612701416,75.01378631591797,77.07810974121094,63.52432632446289,124.44734954833985,130.01564025878907,69.85009002685547,76.35846710205078,49.19350051879883,358.9039001464844,358.9039001464844,322.3647766113281,293.58526611328127,274.7651672363281,304.57012939453127,4.72211217880249,66.37631225585938,97.44182586669922,147.9789581298828,181.92190551757813,184.34011840820313,245.98336791992188,267.2767333984375,250.5946044921875,197.71539306640626,181.2310791015625,179.26953125,231.8905487060547,269.52435302734377,247.04600524902345,197.78720092773438,186.28248596191407,247.74066162109376,250.55142211914063,230.09249877929688,196.34915161132813,171.8046112060547,108.55650329589844,46.829158782958987,0.4245745837688446,358.5871887207031,6.254077434539795,67.56137084960938,42.33232498168945,341.4259338378906,357.7961730957031,358.4905700683594,13.126551628112793,325.6085205078125,334.8287658691406,24.36153221130371,87.99534606933594,150.70822143554688,171.7862548828125,180.6315460205078,133.0714569091797,95.80118560791016,89.8322982788086,106.13282775878906,166.6205291748047,165.3108367919922],"time":102.59375,"mapName":"open1.map","timeDecision":0.5,"timeScan":0.07999999076128006,"penalty_cost":40.0,"ip":"","os":"Windows 10  (10.0.0) 64bit"}