{"position":["22,2","22,2","22,2","22,2","22,3","23,4","23,4","23,4","24,3","28,3","33,3","37,3","38,3","40,3","40,3","41,3","43,3","44,4","45,6","45,10","45,11","45,12","45,12","45,12","44,11","44,6","44,6","42,6","40,5","38,3","35,3","31,3","28,3","28,3","28,3","29,5","29,5","29,5","28,3","27,3","25,3","23,4","23,5","23,10","23,14","24,17","24,21","24,23","24,23","22,23","22,24","22,25","23,27","23,30","22,33","22,33","25,34","28,34","29,35","29,34","30,34","30,34","30,34","28,34","25,34","24,36","23,38","23,41","24,43","24,43","23,46","23,50","23,50","22,51","20,51","19,51","17,51","15,51","15,51","16,51","17,51","20,51","20,51","20,47","20,45","19,44","15,44","15,44","14,40","14,37","13,36","13,36","13,36","13,34"],"rotationY":[0.0,0.0,0.0,45.28993225097656,25.528512954711915,56.26782989501953,47.45816421508789,108.57014465332031,96.37237548828125,92.52289581298828,89.42127227783203,88.29290008544922,58.42896270751953,91.0047836303711,76.12251281738281,103.77945709228516,73.24507141113281,29.54763412475586,7.522042274475098,0.47196292877197268,313.730224609375,345.720458984375,284.28509521484377,229.9649658203125,179.5967559814453,179.5967559814453,234.9803009033203,266.0833740234375,227.41415405273438,249.25621032714845,270.78265380859377,270.99090576171877,292.6729736328125,354.42877197265627,47.947566986083987,11.335945129394532,310.7286376953125,249.845458984375,212.91603088378907,260.87432861328127,291.88787841796877,320.5436706542969,1.5596094131469727,358.6639709472656,4.910953044891357,6.850086688995361,359.743408203125,325.9996032714844,270.2693176269531,313.7843933105469,355.23797607421877,44.17557907104492,9.880698204040528,356.46124267578127,2.1299898624420168,62.794342041015628,87.3208236694336,66.339111328125,97.44119262695313,152.63710021972657,119.72846221923828,172.77877807617188,233.94992065429688,272.4231872558594,292.3008728027344,330.80303955078127,355.9269104003906,15.403268814086914,48.44768142700195,8.189109802246094,349.28192138671877,347.83612060546877,288.80206298828127,292.9166259765625,259.8055725097656,261.2418212890625,288.3814697265625,248.386474609375,186.53878784179688,132.6830291748047,88.8839111328125,114.4652328491211,176.13311767578126,179.1260986328125,214.6587677001953,259.03302001953127,260.7738342285156,199.2808837890625,193.13352966308595,192.4595489501953,233.392333984375,247.62103271484376,187.391357421875,168.05776977539063],"time":99.609375,"mapName":"open1.map","timeDecision":0.9000000953674316,"timeScan":0.019999999552965165,"penalty_cost":40.0,"ip":"","os":"Windows 10  (10.0.0) 64bit"}