{"position":["22,2","22,2","22,2","22,2","23,4","23,7","23,10","24,12","24,12","27,12","28,12","28,12","28,12","28,12","29,16","30,17","32,18","33,18","34,18","34,18","34,18","32,18","30,17","28,14","28,14","29,12","29,10","29,10","29,10","28,12","26,12","25,12","24,14","23,17","23,21","23,21","25,22","27,23","28,23","28,23","28,23","26,23","24,23","24,24","23,28","23,29","23,30","23,32","24,34","24,34","24,34","22,34","22,34","22,34","23,35","23,37","23,41","24,43","24,43","23,43","23,44","23,46","23,50","23,52","21,52","19,52","18,52","18,52","18,52","20,51","20,50","20,45","20,45","17,44","16,44","15,42","15,38","15,36","15,36","14,36","11,35","9,34","9,33","9,30","9,30","9,29","8,26","9,24","10,24","13,23","13,23","14,27"],"rotationY":[0.0,0.0,0.0,353.87005615234377,21.226633071899415,356.45928955078127,21.005598068237306,42.95428466796875,105.5544204711914,92.96573638916016,73.35992431640625,129.37188720703126,68.13636016845703,14.411589622497559,6.345309734344482,56.055076599121097,76.24471282958985,124.23426055908203,129.99053955078126,190.59957885742188,250.73471069335938,258.7860107421875,222.82614135742188,218.8395538330078,164.2183837890625,175.4674072265625,205.7956085205078,266.53533935546877,327.91351318359377,311.4010925292969,272.9022216796875,318.7229919433594,350.8241271972656,351.1212463378906,346.8212890625,47.4216423034668,70.68328857421875,83.40322875976563,127.69447326660156,188.3101043701172,248.91017150878907,271.406005859375,317.1928405761719,353.82330322265627,349.77996826171877,6.9454498291015629,27.022424697875978,358.5247497558594,36.64765930175781,10.046121597290039,310.0072021484375,301.1088562011719,2.690147638320923,62.852699279785159,25.790485382080079,359.8743896484375,16.421659469604493,19.497222900390626,318.3382263183594,310.371826171875,342.5933837890625,3.464832305908203,2.295743227005005,315.99493408203127,277.34820556640627,266.4255065917969,265.2580871582031,204.637939453125,143.4698944091797,135.67530822753907,179.76866149902345,182.53114318847657,238.326904296875,261.27593994140627,214.63040161132813,186.9194793701172,178.7765655517578,172.8704833984375,235.19992065429688,234.0267333984375,257.65521240234377,221.21194458007813,181.08326721191407,204.1085968017578,190.65748596191407,181.9133758544922,180.53622436523438,145.59835815429688,106.24837493896485,80.3753890991211,19.669689178466798,9.359925270080567],"time":97.1875,"mapName":"open1.map","timeDecision":0.6000000238418579,"timeScan":0.08999998867511749,"penalty_cost":20.0,"ip":"","os":"Windows 10  (10.0.0) 64bit"}