{"position":["9,11","9,11","9,11","9,11","12,12","13,12","13,15","13,15","12,15","9,17","5,17","2,16","2,16","2,16","3,16","3,16","3,13","3,13","2,13","2,13","2,13","4,13","5,10","6,9","6,9","6,9","5,10","5,14","5,15","7,15","11,15","12,15","13,18","15,22","15,25","15,26","15,26","15,26","14,26","14,26","14,28","14,30","15,30","17,30","17,29","18,28","20,26","23,25","23,26","25,28","26,32","26,35","25,36","22,37","18,37","14,37","14,37","14,34","14,30","14,26","14,21","13,17","13,17","10,17","9,17","8,19","8,23","8,24","11,27","11,27","11,27","9,26","9,26","9,22","10,19","11,17","11,17","11,17","11,17","14,17","18,18","19,19","20,21","23,21","26,20","30,19","33,20","36,20","36,20","36,22","36,22","32,23","29,24","29,25","29,29","29,30"],"rotationY":[0.0,0.0,0.0,57.46870040893555,74.98906707763672,25.916576385498048,0.8170664310455322,301.7947692871094,299.7719421386719,280.72967529296877,273.0794982910156,252.18280029296876,193.2855987548828,132.75082397460938,114.9117431640625,175.57066345214845,198.48085021972657,258.0245361328125,208.05467224121095,147.24691772460938,89.33946228027344,127.0560302734375,152.30113220214845,191.26914978027345,252.1874542236328,306.7239685058594,355.1440124511719,359.9781188964844,48.39282989501953,86.95223999023438,90.69231414794922,47.85605239868164,24.935644149780275,20.299142837524415,359.4151916503906,323.6737060546875,263.0765380859375,211.72592163085938,261.8591613769531,324.0352783203125,359.2173767089844,32.575992584228519,84.67882537841797,118.77507781982422,168.50123596191407,136.02679443359376,108.3226089477539,86.86988067626953,34.86025619506836,17.078083038330079,1.0637925863265992,342.14093017578127,299.80462646484377,282.19683837890627,269.5113220214844,266.52630615234377,205.6837921142578,179.98141479492188,179.31394958496095,179.31394958496095,182.5695343017578,192.73085021972657,248.5721893310547,269.34307861328127,315.9537048339844,344.3716735839844,358.7274169921875,43.57004165649414,37.531578063964847,337.1146240234375,277.0887451171875,243.65322875976563,186.65243530273438,179.3351287841797,153.75643920898438,180.2987518310547,221.94569396972657,161.46832275390626,101.19007110595703,80.99668884277344,74.68083953857422,36.01918029785156,69.48086547851563,88.36003112792969,106.40237426757813,99.31996154785156,79.55851745605469,70.90857696533203,9.801894187927246,334.6686706542969,278.380615234375,288.70916748046877,307.95892333984377,359.3150634765625,359.3150634765625,44.085968017578128],"time":101.455078125,"mapName":"uffici2.map","timeDecision":8.0,"timeScan":0.20000000298023225,"penalty_cost":2.0,"ip":"","os":"Windows 10  (10.0.0) 64bit"}