{"position":["9,11","9,11","9,11","9,11","12,12","13,12","13,15","13,15","10,16","6,17","4,16","2,16","2,16","2,16","3,16","3,13","3,13","3,13","3,13","3,13","4,13","6,10","6,9","6,9","5,10","5,10","5,14","5,15","5,15","5,15","2,17","2,18","2,21","3,24","3,24","3,24","3,20","3,20","6,20","7,20","7,20","7,22","7,22","6,22","6,22","8,26","8,26","9,25","9,24","9,20","10,18","11,17","13,17","14,19","15,22","14,24","14,27","14,30","14,30","18,30","18,30","18,33","19,36","19,36","23,37","23,37","24,35","25,30","25,30","23,29","22,29","22,25","22,25","19,25","17,25","17,25","17,21","17,21","18,21","20,22","23,21","26,21","26,20","26,20","29,20","34,20","36,20","36,21","36,22","35,22","31,23","29,24","29,26","29,30","29,32"],"rotationY":[0.0,0.0,0.0,60.361995697021487,74.80229949951172,21.16819190979004,358.78143310546877,298.40118408203127,284.38970947265627,286.3786926269531,259.91156005859377,219.79591369628907,159.46311950683595,104.85179138183594,159.74697875976563,183.2054901123047,243.96380615234376,215.90145874023438,155.50296020507813,94.67341613769531,133.48867797851563,150.20095825195313,196.60975646972657,256.847900390625,302.81683349609377,358.4447326660156,0.42451855540275576,55.093963623046878,19.24445915222168,318.8828125,311.75384521484377,357.0322265625,17.91374397277832,41.05170440673828,101.72335052490235,162.59786987304688,176.7428741455078,120.09249877929688,93.68982696533203,83.63519287109375,25.601966857910158,349.44512939453127,289.0270690917969,323.28289794921877,23.805429458618165,28.54425811767578,88.9329605102539,130.7705535888672,176.62615966796876,176.36691284179688,149.29049682617188,100.66387176513672,66.98648071289063,31.109405517578126,18.069171905517579,343.46649169921877,354.91455078125,21.734283447265626,79.40282440185547,90.07624053955078,29.30230140686035,2.621702194213867,21.242897033691408,77.87969207763672,76.19911193847656,134.1475830078125,163.62034606933595,163.62034606933595,222.61180114746095,247.92111206054688,193.03717041015626,183.286376953125,244.0047607421875,270.8088684082031,240.02935791015626,182.7699432373047,169.8308868408203,109.58985137939453,64.6529541015625,97.76207733154297,93.96482849121094,111.15796661376953,164.9643096923828,108.28827667236328,89.43678283691406,89.43678283691406,57.05791091918945,8.577075004577637,321.49676513671877,284.5015563964844,288.097900390625,325.6346435546875,357.36346435546877,359.829833984375,36.69518280029297],"time":99.876953125,"mapName":"uffici2.map","timeDecision":6.0,"timeScan":0.30000001192092898,"penalty_cost":0.0,"ip":"","os":"Windows 10  (10.0.0) 64bit"}