{"position":["9,11","9,11","9,11","9,11","12,12","13,13","13,15","13,15","11,16","9,17","5,17","2,16","2,16","2,16","3,16","3,14","3,13","2,13","2,13","2,13","4,13","4,13","4,13","4,13","3,14","2,17","2,21","2,25","2,25","2,25","3,24","3,20","3,20","5,20","8,20","11,18","12,17","13,17","14,17","14,18","16,22","17,24","18,24","21,25","24,26","26,27","26,28","26,32","25,35","24,36","21,36","19,36","19,35","19,35","16,36","14,35","14,35","14,35","16,35","17,35","17,33","17,32","15,32","15,32","14,29","14,25","14,21","13,17","13,17","13,17","13,17","18,17","18,17","19,20","19,21","22,21","26,21","26,21","26,20","28,20","32,20","36,20","36,20","36,22","36,22","33,23","30,26","30,26","30,27","30,27","30,27","30,27","29,28","29,28","29,31","29,31"],"rotationY":[0.0,0.0,0.0,60.075653076171878,73.87577819824219,22.15058708190918,354.8664245605469,294.728515625,299.04736328125,273.5838928222656,265.18792724609377,246.779541015625,185.93319702148438,125.82479095458985,136.0628662109375,175.23974609375,219.005126953125,253.75,193.22607421875,132.53094482421876,89.875732421875,127.82714080810547,67.53910064697266,6.86669397354126,328.8988037109375,349.2008972167969,359.58636474609377,3.1329853534698488,63.2120361328125,125.2315444946289,167.9375762939453,179.5446319580078,123.8714370727539,91.95790100097656,117.61717224121094,131.41647338867188,97.02594757080078,57.67906951904297,51.559669494628909,25.72979736328125,30.661577224731447,20.92367935180664,74.62029266357422,64.50318145751953,83.28600311279297,48.567623138427737,0.7143126130104065,354.5994873046875,334.03607177734377,294.7889404296875,270.0729675292969,240.56845092773438,197.07122802734376,257.0934753417969,278.9549865722656,248.61093139648438,187.972412109375,127.31403350830078,94.38194274902344,147.2972869873047,177.05897521972657,232.31588745117188,261.52752685546877,202.68736267089845,180.61643981933595,178.48931884765626,191.7457733154297,197.67808532714845,211.9490203857422,151.92677307128907,93.36146545410156,91.40953063964844,33.96448516845703,16.575525283813478,63.792964935302737,87.72492980957031,95.79457092285156,156.19268798828126,128.2010498046875,92.890380859375,90.97940063476563,75.0567855834961,14.653265953063965,340.2940368652344,282.2449951171875,299.2660217285156,314.25677490234377,25.27249526977539,65.56210327148438,125.81940460205078,186.70907592773438,247.63839721679688,290.4533996582031,347.3558044433594,1.0535008907318116,59.495086669921878],"time":101.337890625,"mapName":"uffici2.map","timeDecision":2.0,"timeScan":0.6000000238418579,"penalty_cost":10.0,"ip":"","os":"Windows 10  (10.0.0) 64bit"}