{"position":["9,11","9,11","9,11","9,11","12,12","13,12","13,15","13,15","11,16","9,17","5,17","2,16","2,16","2,18","2,21","3,25","3,25","3,25","3,25","3,20","3,16","3,12","4,9","4,9","5,10","5,11","5,15","5,15","8,15","12,15","13,15","13,15","13,16","15,20","16,23","18,24","18,24","18,24","18,24","18,24","18,24","22,25","25,25","26,26","26,28","26,32","25,35","25,37","24,37","20,37","18,37","18,37","19,35","19,35","18,35","14,36","14,36","14,36","16,36","17,36","17,34","17,32","16,32","14,32","14,32","14,29","14,29","14,29","14,30","15,30","17,29","21,29","21,29","21,29","20,29","20,29","17,26","17,24","17,21","17,21","21,21","23,20","26,19","29,20","33,20","36,20","36,21","36,22","35,22","32,24","30,25","29,28","29,30"],"rotationY":[0.0,0.0,0.0,60.90847396850586,74.80744171142578,21.358177185058595,358.3261413574219,297.7015380859375,299.5244140625,274.0437316894531,265.8598937988281,261.7906799316406,322.40069580078127,357.22796630859377,16.975421905517579,6.994631767272949,63.28199768066406,123.4439468383789,180.63616943359376,181.6491241455078,180.62864685058595,170.71151733398438,152.1589813232422,92.14398956298828,49.4454460144043,3.0469841957092287,3.881079912185669,64.5428237915039,88.75615692138672,91.52071380615235,118.41706848144531,57.5294189453125,15.87731647491455,21.249589920043947,43.85125732421875,72.73958587646485,129.2918701171875,189.34613037109376,207.12301635742188,146.73410034179688,89.35488891601563,76.43110656738281,68.41259765625,26.07294464111328,0.5655730366706848,343.52081298828127,-0.0018830907065421343,325.0869445800781,272.43524169921877,269.2945251464844,233.623046875,173.1354522705078,175.72470092773438,236.2313995361328,284.00384521484377,293.45654296875,354.2435607910156,54.61396408081055,85.14253997802735,139.2246856689453,177.12457275390626,206.923828125,257.9983215332031,255.1883544921875,194.60643005371095,171.10009765625,110.5759048461914,50.06550979614258,27.494558334350587,77.05818939208985,104.2396240234375,88.67554473876953,27.968753814697267,327.865234375,278.2233581542969,226.6204071044922,213.66285705566407,179.74598693847657,159.34036254882813,98.69768524169922,90.0003662109375,113.45858001708985,94.9295883178711,79.33556365966797,89.34803771972656,65.39842224121094,13.984850883483887,328.83538818359377,281.22845458984377,299.28338623046877,326.8090515136719,344.7135314941406,14.719293594360352],"time":97.8515625,"mapName":"uffici2.map","timeDecision":4.0,"timeScan":0.6000000238418579,"penalty_cost":5.0,"ip":"","os":"Windows 10  (10.0.0) 64bit"}