{"position":["22,2","22,2","22,2","22,2","22,4","22,8","21,11","21,12","21,14","21,17","22,19","22,20","19,22","19,22","20,23","21,24","21,27","21,28","22,31","21,33","20,34","20,34","21,38","22,40","23,42","25,43","27,43","27,43","28,43","31,43","32,43","34,43","34,43","34,43","34,43","30,43","25,43","24,44","23,45","23,48","23,49","23,50","22,50","18,52","16,52","16,52","16,52","18,52","19,52","19,52","20,50","20,46","20,45","19,45","18,45","16,45","16,45","15,43","14,39","14,38","14,37","10,35","10,34","9,33","9,31","8,30","8,30","8,30","9,32","8,33","6,34","3,34","3,34","3,35","3,35","3,36","2,36","2,36","3,38","3,41","3,41","3,41","2,39","2,37","2,33","3,30","3,28","3,25","3,24","5,24","9,24","9,24","11,24","13,24","13,24"],"rotationY":[0.0,0.0,0.0,355.0765075683594,6.877725124359131,0.7463794350624085,332.9671325683594,327.190673828125,3.0343663692474367,20.67792320251465,11.317093849182129,324.40936279296877,301.30731201171877,356.5308532714844,44.07263946533203,5.407444953918457,33.765750885009769,9.076825141906739,348.19879150390627,325.65533447265627,314.5907287597656,12.064985275268555,5.753381252288818,32.966678619384769,51.45958709716797,89.9884033203125,57.36592483520508,100.49984741210938,105.27395629882813,81.88265991210938,89.66569519042969,106.20100402832031,145.08839416503907,206.35015869140626,267.6116027832031,269.4766845703125,269.4766845703125,313.54437255859377,353.9335632324219,8.488076210021973,353.1144104003906,307.20562744140627,291.8949279785156,288.9934387207031,255.65167236328126,192.1756591796875,130.03897094726563,104.53369903564453,79.89521026611328,139.9547576904297,173.8262176513672,181.23643493652345,181.42857360839845,235.49420166015626,274.3127136230469,283.55755615234377,222.62730407714845,193.9759063720703,185.6480255126953,196.03517150878907,241.05482482910157,250.59983825683595,207.5623779296875,228.05845642089845,190.31101989746095,151.98968505859376,91.05406188964844,30.841108322143556,6.291329860687256,311.3775939941406,293.25341796875,269.1372985839844,329.9454345703125,315.3428039550781,327.3328857421875,308.65789794921877,337.0079345703125,37.32313919067383,13.325115203857422,356.51910400390627,294.7234191894531,233.68316650390626,207.3447265625,177.98141479492188,177.864990234375,170.2835235595703,154.1392822265625,177.27272033691407,123.1993637084961,88.82127380371094,103.44609069824219,99.07332611083985,83.80136108398438,87.06613159179688,37.67239761352539],"time":100.65625,"mapName":"open1.map","timeDecision":0.5,"timeScan":0.009999999776482582,"penalty_cost":50.0,"ip":"","os":"Windows 10  (10.0.0) 64bit"}