{"position":["22,2","22,2","22,2","22,3","21,4","21,6","22,9","21,11","19,12","19,12","20,13","21,15","21,16","21,18","20,19","20,21","20,22","20,22","22,22","22,22","22,23","21,23","21,25","22,27","22,31","22,31","22,31","24,34","25,34","26,34","26,34","26,34","25,34","24,34","24,36","23,38","23,39","23,41","24,43","24,44","23,46","23,47","23,49","23,50","21,50","19,51","18,51","18,51","18,51","20,51","23,49","24,48","24,45","25,45","26,45","26,45","26,45","25,45","21,45","21,45","21,44","20,41","20,38","20,37","20,36","20,36","18,35","16,35","16,35","15,37","15,37","14,36","11,36","10,35","9,32","8,31","6,30","3,30","3,30","3,30","3,30","3,28","3,28","5,28","7,28","7,27","7,24","8,24","9,24","11,24","12,24","13,24","14,27"],"rotationY":[0.0,0.0,0.0,347.6130065917969,330.404052734375,8.626029968261719,349.53619384765627,311.19366455078127,302.5621032714844,3.3815741539001467,38.73919677734375,27.91135025024414,359.4600830078125,326.212890625,344.2497863769531,350.3800354003906,17.224367141723634,73.45381164550781,45.24418258666992,344.486328125,289.7884216308594,345.63665771484377,13.988082885742188,2.8692822456359865,10.821324348449707,71.29806518554688,23.725269317626954,45.58891296386719,75.63700103759766,101.78498840332031,162.4293670654297,222.8242645263672,270.287109375,321.15130615234377,350.9028015136719,349.94744873046877,356.11590576171877,28.3988037109375,0.4508238136768341,318.31536865234377,356.11090087890627,343.1033630371094,4.15532922744751,318.32464599609377,292.5233154296875,287.7061462402344,240.18283081054688,179.30125427246095,118.977294921875,113.92446899414063,128.58807373046876,171.1777801513672,147.4004669189453,103.09332275390625,81.78036499023438,26.701292037963868,326.24725341796877,275.07098388671877,268.4010314941406,207.50906372070313,208.77737426757813,194.3672637939453,212.2142333984375,184.60037231445313,201.71995544433595,258.7236328125,274.6512451171875,268.4119567871094,329.0480041503906,332.1202697753906,271.67047119140627,253.15216064453126,245.27532958984376,210.44175720214845,192.9453582763672,237.08352661132813,262.9554138183594,282.3392333984375,330.7364501953125,270.64910888671877,210.37661743164063,182.7575225830078,121.75682830810547,92.06991577148438,129.70693969726563,174.1291961669922,154.26107788085938,106.7811050415039,89.78459930419922,92.95403289794922,81.61520385742188,42.50999450683594,14.310922622680664],"time":97.87646484375,"mapName":"open1.map","timeDecision":0.20000000298023225,"timeScan":0.09999999403953552,"penalty_cost":70.0,"ip":"","os":"Windows 10  (10.0.0) 64bit"}