{"position":["22,2","22,2","22,2","22,2","21,5","21,6","22,9","22,11","25,12","27,12","28,12","28,12","29,11","29,11","29,11","29,11","27,12","25,12","24,13","23,15","23,18","23,21","24,22","25,22","28,22","29,22","30,22","30,22","30,22","29,22","24,22","22,22","22,22","23,23","24,24","24,24","23,27","22,27","23,28","24,28","23,30","24,33","25,34","25,34","24,35","23,35","22,36","22,36","24,37","24,38","23,40","24,43","24,44","23,45","23,50","23,50","21,51","19,51","18,51","18,51","18,51","20,51","20,51","20,49","20,45","20,45","16,44","16,44","15,41","15,41","15,41","15,41","15,43","15,43","18,43","20,43","20,42","20,37","20,34","19,34","18,34","15,34","15,34","15,34","16,34","20,34","20,34","20,31","20,26","20,23","20,23","18,23","17,23","15,23","15,24"],"rotationY":[0.0,0.0,0.0,352.74359130859377,327.76336669921877,8.362268447875977,14.813141822814942,56.24869918823242,69.35899353027344,114.15379333496094,76.79098510742188,74.14388275146485,123.77808380126953,186.25563049316407,246.64434814453126,304.1448669433594,272.51885986328127,309.8001708984375,327.27783203125,345.74468994140627,4.6997904777526859,20.608991622924806,67.40824127197266,75.34547424316406,101.81124114990235,93.14031219482422,74.59615325927735,13.773186683654786,312.6388244628906,269.25238037109377,272.2540283203125,307.2474060058594,7.744153022766113,42.76228713989258,44.546607971191409,348.8084716796875,321.63372802734377,12.12134838104248,64.07861328125,14.635555267333985,359.25830078125,19.84331512451172,36.125450134277347,334.85748291015627,286.8203125,319.9202880859375,350.92950439453127,51.41672897338867,39.75828170776367,347.23193359375,0.012712531723082066,15.323630332946778,348.9503173828125,356.5440979003906,359.1484069824219,299.13287353515627,290.7639465332031,260.1018371582031,292.89654541015627,353.44952392578127,54.357608795166019,90.31342315673828,151.65130615234376,181.57382202148438,195.14395141601563,250.88690185546876,254.83001708984376,205.49822998046876,208.21566772460938,167.5089111328125,106.23846435546875,43.37828826904297,14.500682830810547,72.95388793945313,90.80858612060547,134.36708068847657,176.11683654785157,181.03953552246095,191.4074249267578,244.81365966796876,279.297119140625,260.3578186035156,197.60491943359376,137.43931579589845,89.52306365966797,98.62627410888672,163.30006408691407,182.5313720703125,179.489990234375,194.0788116455078,255.51046752929688,295.2705383300781,270.8228759765625,302.8338623046875,345.1893615722656],"time":100.515625,"mapName":"open1.map","timeDecision":0.4000000059604645,"timeScan":0.09999998658895493,"penalty_cost":40.0,"ip":"","os":"Windows 10  (10.0.0) 64bit"}