{"position":["9,11","9,11","9,11","9,11","12,12","13,12","13,15","13,15","10,16","6,16","5,16","5,14","5,13","6,13","6,13","6,13","5,13","5,12","3,9","3,9","3,9","3,13","3,15","2,15","2,16","2,19","3,22","4,26","4,26","4,26","3,25","3,22","3,20","4,20","7,20","8,20","8,20","6,23","7,24","8,27","8,27","9,26","9,24","9,20","11,17","11,17","13,17","14,19","15,22","15,25","15,25","14,25","14,27","14,30","14,30","17,31","18,32","17,35","17,36","14,37","13,37","13,37","13,37","18,37","22,37","22,36","24,33","24,31","23,29","22,29","22,29","23,26","23,25","22,25","17,25","17,25","17,23","17,21","18,21","20,22","22,21","25,20","28,20","32,20","36,20","36,20","36,23","36,27","37,29","39,30","39,30","39,30","35,31"],"rotationY":[0.0,0.0,0.0,60.25617599487305,74.94856262207031,21.937580108642579,358.9789733886719,298.0408935546875,284.2503356933594,272.77227783203127,223.73194885253907,185.88790893554688,141.98141479492188,111.7301025390625,172.7057342529297,233.01217651367188,255.52444458007813,210.37619018554688,227.9792022705078,287.99102783203127,348.2444763183594,0.4271842837333679,327.66302490234377,290.28717041015627,344.69012451171877,0.7524896264076233,16.487932205200197,13.013678550720215,312.7466735839844,252.48565673828126,207.4882354736328,180.11279296875,151.28675842285157,101.02936553955078,89.70765686035156,36.028934478759769,336.0198059082031,339.5619812011719,22.88517189025879,41.954776763916019,102.20149230957031,146.1922607421875,180.04302978515626,170.10304260253907,150.38449096679688,95.92597198486328,62.96918869018555,30.617996215820314,13.222919464111329,352.1297912597656,291.3619689941406,321.580078125,357.2732849121094,19.4622802734375,76.1107177734375,60.428096771240237,11.165226936340332,348.34857177734377,305.23565673828127,286.4844970703125,333.0364074707031,33.74089431762695,89.67033386230469,90.68989562988281,99.47093200683594,147.9149627685547,160.74691772460938,197.65968322753907,228.4654083251953,243.18136596679688,183.07949829101563,168.8893280029297,224.08277893066407,270.0955810546875,270.0955810546875,211.1931915283203,182.4488525390625,140.27577209472657,93.92222595214844,66.37944793701172,100.43287658691406,115.1299819946289,94.63740539550781,88.07942199707031,75.48089599609375,15.065464973449707,359.5515441894531,11.24916934967041,46.61684799194336,43.152034759521487,343.0835876464844,285.08245849609377,296.0323486328125],"time":97.7578125,"mapName":"uffici2.map","timeDecision":6.0,"timeScan":0.10000000149011612,"penalty_cost":5.0,"ip":"","os":"Windows 10  (10.0.0) 64bit"}