{"position":["22,2","22,2","22,2","22,2","23,4","23,5","23,7","24,11","24,12","24,12","22,12","22,12","22,12","24,13","24,15","23,19","23,21","24,22","24,22","23,22","23,23","23,26","22,26","22,26","24,27","24,27","23,32","23,33","24,34","24,37","23,37","24,38","24,39","24,42","24,43","24,45","23,49","23,51","22,51","21,51","21,50","21,49","21,49","20,51","18,51","15,52","11,53","7,53","3,53","3,53","3,53","4,53","9,53","13,53","17,53","20,52","20,51","20,47","20,44","19,44","16,44","16,44","14,41","14,38","15,36","15,36","15,36","12,35","10,35","9,35","9,32","8,28","7,24","7,24","3,24","2,24","2,24","2,23","3,22","3,22","3,22","3,22","2,24","3,25","3,27","3,27","3,27","3,26","3,24","4,24","8,24","10,23","13,24","13,25"],"rotationY":[0.0,0.0,0.0,341.7663879394531,12.670668601989746,37.48542404174805,6.719021320343018,13.571944236755371,6.205178260803223,306.0276184082031,305.1120910644531,6.540526390075684,67.33124542236328,31.412996292114259,355.6642761230469,349.74786376953127,22.54347801208496,26.220809936523439,324.9156188964844,295.5589904785156,343.456298828125,3.6622660160064699,355.6095275878906,56.26473617553711,45.46927261352539,348.239990234375,351.62017822265627,35.36564254760742,356.90875244140627,330.4299621582031,356.63494873046877,30.9599609375,348.86767578125,15.38624095916748,26.452674865722658,349.79193115234377,358.9117431640625,333.01678466796877,282.82659912109377,241.18858337402345,195.40292358398438,247.2304229736328,307.52984619140627,323.8711853027344,287.3235778808594,271.77386474609377,279.08966064453127,272.5848388671875,263.2514953613281,202.311767578125,139.08071899414063,93.04820251464844,88.5982894897461,88.5982894897461,104.04764556884766,119.37306213378906,169.40394592285157,181.34915161132813,200.39569091796876,249.5206756591797,270.14849853515627,212.325439453125,198.1261749267578,175.0266571044922,138.56057739257813,170.10079956054688,230.59030151367188,253.31564331054688,254.06405639648438,198.37948608398438,187.40769958496095,189.21490478515626,198.92135620117188,259.6192932128906,267.47344970703127,290.7265930175781,230.125732421875,182.8108673095703,155.1690673828125,215.71275329589845,275.96258544921877,330.6523132324219,9.94193172454834,25.47824478149414,351.9423522949219,53.585243225097659,114.55579376220703,168.48464965820313,135.71153259277345,89.8697738647461,101.18506622314453,85.28256225585938,60.560508728027347,17.71224594116211],"time":99.1708984375,"mapName":"open1.map","timeDecision":0.7000000476837158,"timeScan":0.08999998867511749,"penalty_cost":0.0,"ip":"","os":"Windows 10  (10.0.0) 64bit"}