{"position":["9,11","9,11","9,11","9,11","12,12","13,12","13,15","13,15","10,16","6,16","6,16","5,13","5,13","6,12","6,12","6,12","3,14","2,17","2,20","3,23","4,26","4,26","4,26","3,24","3,22","3,20","4,20","8,20","8,20","8,23","7,26","7,27","7,27","8,26","9,25","9,21","10,19","11,17","13,17","14,18","16,21","16,23","17,24","18,24","21,24","21,24","21,24","19,24","17,24","17,23","17,21","18,21","20,22","20,22","20,22","19,21","18,21","17,21","17,23","17,23","14,24","14,24","14,29","14,33","14,36","14,36","18,36","21,37","24,36","24,35","25,33","25,29","26,27","26,27","22,27","20,27","18,29","18,29","17,26","17,23","17,21","18,21","22,21","26,20","29,19","32,19","35,19","37,20","37,20","35,23","35,23","31,24","30,24","29,27","29,30","30,31"],"rotationY":[0.0,0.0,0.0,57.69108581542969,74.59290313720703,23.7669734954834,0.15235362946987153,299.7967529296875,284.0260009765625,270.11212158203127,212.4807586669922,196.14642333984376,138.35121154785157,181.92002868652345,242.58047485351563,303.36279296875,317.44915771484377,338.7212829589844,0.07736548781394959,17.622905731201173,0.8873795866966248,299.96466064453127,239.7568359375,207.05618286132813,179.7050018310547,138.95086669921876,91.77002716064453,84.95997619628906,24.86971664428711,1.7887520790100098,343.3625793457031,29.895566940307618,90.59734344482422,133.8208770751953,175.09246826171876,180.60581970214845,150.78599548339845,115.9959716796875,83.11754608154297,47.3566780090332,27.089839935302736,5.412239074707031,47.69452667236328,90.57032775878906,114.94544982910156,175.71054077148438,236.35934448242188,267.5794982910156,227.77352905273438,184.08840942382813,144.72181701660157,96.78253936767578,65.62035369873047,123.99581909179688,184.4430389404297,227.81393432617188,268.5198974609375,321.459228515625,356.2977600097656,300.0120849609375,297.8936767578125,357.5715026855469,359.6789245605469,359.6789245605469,23.43855857849121,83.68921661376953,80.97943878173828,89.76435852050781,109.91539764404297,158.22366333007813,179.58518981933595,165.15591430664063,198.53897094726563,258.75738525390627,268.3170166015625,302.7949523925781,277.0040588378906,216.29872131347657,194.10133361816407,180.02859497070313,139.274658203125,93.32910919189453,89.92311096191406,104.45389556884766,112.83969116210938,92.80105590820313,71.97565460205078,41.07728576660156,340.7366638183594,327.44708251953127,274.0943298339844,284.2936096191406,333.2015075683594,350.5070495605469,8.074481964111329,44.33256530761719],"time":100.78125,"mapName":"uffici2.map","timeDecision":6.0,"timeScan":0.4000000059604645,"penalty_cost":4.0,"ip":"","os":"Windows 10  (10.0.0) 64bit"}