{"position":["22,2","22,2","22,2","22,4","23,5","23,9","24,11","24,12","25,12","27,12","28,12","29,10","29,9","29,8","29,8","29,8","29,10","29,13","29,15","31,18","31,18","29,18","29,18","28,15","28,14","25,14","24,14","24,16","23,18","24,21","24,22","24,22","22,22","22,22","23,22","23,23","23,24","22,25","23,25","23,26","23,28","23,29","23,31","22,32","24,34","25,34","28,35","30,35","31,35","31,35","31,35","26,35","25,35","24,36","23,37","24,38","23,40","24,43","24,44","24,45","23,47","23,50","23,50","20,51","16,52","14,53","13,53","13,53","13,53","17,53","19,52","20,51","20,47","20,45","19,45","16,44","15,43","15,42","15,42","15,42","15,43","16,43","20,43","20,43","20,40","20,36","20,36","18,36","18,36","16,35","15,34","14,31"],"rotationY":[0.0,0.0,0.0,23.459922790527345,7.876238822937012,5.702922821044922,18.104747772216798,21.287935256958009,71.83660125732422,92.63968658447266,143.05323791503907,164.9659881591797,143.95948791503907,196.14492797851563,256.8827819824219,318.5182189941406,357.80657958984377,2.0546815395355226,33.72093963623047,9.5256929397583,309.4183044433594,270.276611328125,213.369873046875,194.4782257080078,242.13296508789063,267.53033447265627,311.9393310546875,347.998291015625,355.4598693847656,15.365767478942871,12.258255958557129,312.20001220703127,307.5863342285156,7.842266082763672,62.25627899169922,11.056506156921387,325.4612121582031,15.795066833496094,35.04922103881836,348.59991455078127,5.473864555358887,0.12721706926822663,330.3044738769531,14.369283676147461,48.82013702392578,89.67030334472656,70.12845611572266,93.76720428466797,146.8001251220703,207.0091552734375,265.8238525390625,269.78253173828127,313.5814208984375,323.8827819824219,11.506651878356934,20.350860595703126,349.57183837890627,13.949210166931153,348.48187255859377,348.42437744140627,336.8631591796875,353.36175537109377,300.36962890625,283.8099060058594,286.52667236328127,294.7888488769531,324.24041748046877,24.727935791015626,84.96322631835938,96.56649780273438,121.29330444335938,171.25811767578126,182.4859161376953,208.68756103515626,253.9088592529297,246.12747192382813,202.96365356445313,153.9607696533203,93.82888793945313,31.01641845703125,43.631690979003909,90.9011001586914,103.54647827148438,163.74859619140626,181.4955291748047,193.9685821533203,253.36984252929688,250.57191467285157,251.43150329589845,251.48529052734376,199.61473083496095,195.01040649414063],"time":97.1796875,"mapName":"open1.map","timeDecision":0.4000000059604645,"timeScan":0.10999998450279236,"penalty_cost":40.0,"ip":"","os":"Windows 10  (10.0.0) 64bit"}