{"position":["9,11","9,11","9,11","9,11","12,12","13,13","13,15","13,15","9,16","6,16","2,16","2,16","2,16","3,16","3,16","3,13","3,13","3,13","3,13","4,13","5,10","5,10","5,10","5,11","5,15","5,15","8,16","8,17","8,21","10,25","10,26","10,26","7,25","7,25","7,21","7,20","5,20","3,20","3,20","3,22","3,23","3,26","3,26","3,26","3,24","3,20","3,20","6,20","8,20","11,18","12,17","14,17","14,17","15,21","16,25","16,26","15,26","14,26","14,28","14,30","15,31","16,30","17,30","17,31","17,34","17,36","17,36","21,37","23,37","23,37","24,34","25,32","24,30","23,29","23,25","23,25","20,25","17,25","17,25","17,21","17,21","18,21","20,22","24,22","25,21","28,20","31,19","35,19","35,19","36,21","36,22","34,22","30,23","29,23","29,24","29,29","30,30"],"rotationY":[0.0,0.0,0.0,58.01371383666992,74.17105865478516,23.27274513244629,354.1766357421875,293.4059753417969,284.6335754394531,272.2173767089844,259.9217224121094,199.5737762451172,139.51248168945313,119.46835327148438,174.98934936523438,203.8314971923828,240.51010131835938,179.74070739746095,119.27193450927735,142.75875854492188,138.3530731201172,77.96273040771485,17.172191619873048,351.4674072265625,359.65960693359377,60.394718170166019,54.72929763793945,6.867912292480469,13.829899787902832,17.857275009155275,329.1355895996094,268.3671875,245.03903198242188,191.1753387451172,179.63833618164063,229.33839416503907,267.091796875,299.9128723144531,353.6060791015625,34.406585693359378,2.860269069671631,340.4512939453125,279.7039794921875,219.46815490722657,179.53634643554688,174.5522918701172,114.48993682861328,93.72413635253906,118.32124328613281,132.3505859375,95.56881713867188,76.30610656738281,17.21512222290039,6.961944580078125,13.869979858398438,329.7060852050781,274.9096374511719,318.8911437988281,356.3421630859375,24.573591232299806,72.77286529541016,111.96442413330078,60.90412139892578,16.178157806396486,353.0915832519531,29.15404510498047,85.80343627929688,77.49114990234375,116.50326538085938,173.41346740722657,150.52154541015626,182.54391479492188,209.4793701171875,192.99278259277345,183.26974487304688,240.8172607421875,269.9748229980469,254.07080078125,193.35186767578126,182.61248779296876,122.14722442626953,75.46245574951172,86.40645599365235,95.09903717041016,132.2740936279297,107.149169921875,91.48542785644531,85.87747955322266,30.483196258544923,358.3017272949219,308.82135009765627,284.572021484375,274.1674499511719,318.740478515625,0.8425658345222473,0.8425658345222473,40.84999084472656],"time":101.91015625,"mapName":"uffici2.map","timeDecision":2.0,"timeScan":0.20000000298023225,"penalty_cost":4.0,"ip":"","os":"Windows 10  (10.0.0) 64bit"}