{"position":["9,11","9,11","9,11","9,11","12,12","13,12","13,15","13,15","10,16","6,16","5,16","5,14","5,13","6,13","6,13","6,13","5,13","5,13","3,9","3,9","3,9","3,12","3,15","1,18","1,18","2,18","5,18","8,20","8,20","8,24","8,24","8,24","7,22","7,20","5,20","3,20","3,21","3,22","4,22","4,22","3,25","3,26","3,26","3,25","3,21","3,20","4,20","8,20","10,18","11,17","13,17","14,19","15,22","15,25","14,28","14,30","15,30","17,30","17,29","17,29","20,29","23,29","23,30","24,34","25,37","25,37","23,37","18,37","14,37","14,37","14,37","15,37","20,37","23,37","24,36","24,34","24,30","24,26","24,25","22,25","18,25","17,25","17,23","17,21","17,21","22,21","25,20","29,19","33,19","35,19","36,21","36,23","36,28","36,31","35,32"],"rotationY":[0.0,0.0,0.0,60.51564025878906,74.90959930419922,20.941082000732423,357.4004211425781,296.53857421875,284.2587585449219,272.44451904296877,222.1168975830078,186.95455932617188,141.66773986816407,102.38956451416016,163.06398010253907,223.19090270996095,266.83984375,209.78509521484376,215.570068359375,275.5771179199219,336.3675537109375,0.3724041283130646,339.54534912109377,337.5995788574219,38.587928771972659,86.31368255615235,69.8258285522461,55.71862030029297,2.5251832008361818,347.5556335449219,287.01361083984377,226.9901580810547,196.82510375976563,234.65274047851563,266.5784912109375,304.116455078125,354.9056701660156,39.66291427612305,66.27769470214844,5.910589694976807,347.7191467285156,295.9635925292969,235.431396484375,184.68258666992188,180.03848266601563,131.31130981445313,91.15115356445313,106.45209503173828,132.05120849609376,97.97502136230469,57.43736267089844,27.689958572387697,8.762235641479493,348.60711669921877,353.1036376953125,30.570213317871095,79.12574768066406,113.09845733642578,164.34518432617188,106.56172943115235,89.78219604492188,62.73768615722656,11.507444381713868,14.362548828125,0.39806997776031496,299.769287109375,269.7288818359375,269.7288818359375,259.3985900878906,198.54049682617188,137.8749237060547,93.01333618164063,89.99110412597656,108.01716613769531,142.42483520507813,188.78372192382813,180.57492065429688,180.57492065429688,229.4102325439453,265.59552001953127,270.37579345703127,219.0761260986328,182.7188720703125,148.91783142089845,94.07642364501953,90.45001220703125,100.72476196289063,107.9817123413086,93.335693359375,62.3680419921875,30.677217483520509,359.48431396484377,359.48431396484377,343.5963439941406,298.6231689453125],"time":99.904296875,"mapName":"uffici2.map","timeDecision":6.0,"timeScan":0.10000000149011612,"penalty_cost":11.0,"ip":"","os":"Windows 10  (10.0.0) 64bit"}