{"position":["9,11","9,11","9,11","9,11","12,12","13,12","13,15","13,15","10,16","7,16","6,16","5,14","5,13","6,13","6,13","5,11","4,9","4,9","3,10","3,13","2,16","1,21","1,23","2,25","2,25","3,24","3,22","3,20","4,20","8,20","8,20","8,20","7,22","7,26","7,26","11,27","11,27","11,27","9,25","9,24","9,20","11,17","11,17","13,17","15,19","16,22","17,24","19,24","23,25","25,25","25,27","26,30","25,33","25,36","25,36","21,37","18,37","18,37","19,35","18,33","18,31","18,31","15,32","15,32","15,32","17,32","17,32","17,35","17,35","14,37","14,37","14,36","14,32","14,27","14,27","17,26","17,25","17,21","17,21","20,21","23,21","26,19","28,19","32,20","36,20","36,20","36,22","36,22","32,23","30,24","28,27","28,27","29,30"],"rotationY":[0.0,0.0,0.0,57.4002685546875,74.4935531616211,23.886577606201173,1.528689980506897,301.2894287109375,284.4573974609375,271.7879638671875,220.0740203857422,190.7164764404297,143.01246643066407,113.84397888183594,173.97528076171876,203.5407257080078,238.82093811035157,299.0105895996094,340.51397705078127,359.3363037109375,345.4377136230469,345.4377136230469,18.355180740356447,48.78054428100586,109.06177520751953,150.43165588378907,179.36106872558595,140.64527893066407,90.7891616821289,83.47570037841797,23.218124389648439,323.1684265136719,355.1352844238281,2.8861732482910158,63.71305847167969,73.57769775390625,130.70249938964845,190.90110778808595,219.25682067871095,179.52230834960938,166.6002655029297,148.7653350830078,93.80974578857422,60.354400634765628,37.30439758300781,20.62203598022461,52.412986755371097,75.83879852294922,87.95479583740235,55.15280532836914,16.187644958496095,1.778014063835144,341.89874267578127,344.6796569824219,286.7021484375,275.716796875,254.80130004882813,194.22506713867188,159.20281982421876,190.39617919921876,224.37010192871095,284.6711120605469,296.1729431152344,356.40594482421877,57.18537521362305,86.48143005371094,26.083858489990236,2.4520323276519777,306.9645080566406,290.07891845703127,229.3570098876953,184.53823852539063,179.260498046875,179.260498046875,118.93053436279297,123.38523864746094,173.21734619140626,179.10328674316407,118.15362548828125,93.77120208740235,106.96754455566406,117.43382263183594,79.81640625,85.20159149169922,90.81672668457031,30.54265022277832,353.67608642578127,292.97296142578127,283.9748840332031,311.0810546875,325.8039855957031,16.349363327026368,18.56455421447754],"time":97.8359375,"mapName":"uffici2.map","timeDecision":7.0,"timeScan":0.4000000059604645,"penalty_cost":6.0,"ip":"","os":"Windows 10  (10.0.0) 64bit"}