{"position":["9,11","9,11","9,11","9,11","12,12","13,12","13,15","13,15","11,16","9,17","7,16","5,16","5,16","5,12","6,9","6,9","6,9","5,10","5,12","5,15","5,15","5,15","5,15","4,15","2,17","1,18","2,21","2,24","3,26","3,26","3,25","3,22","3,20","3,20","8,20","9,19","11,17","13,17","13,18","15,21","15,24","14,26","14,28","14,28","14,28","14,27","14,27","18,27","18,27","18,27","17,30","17,30","15,30","15,30","14,33","14,36","15,38","15,38","18,37","19,35","19,32","19,29","20,29","22,28","25,29","25,29","25,34","25,36","25,36","25,36","26,33","26,29","26,25","26,24","24,24","20,24","17,24","17,24","17,21","17,21","19,21","20,22","23,21","26,19","29,19","32,20","36,20","36,20","36,22","36,22","34,22","32,22","30,23","29,26","29,29","29,31"],"rotationY":[0.0,0.0,0.0,60.81449508666992,74.32151794433594,19.41521644592285,355.6898498535156,294.7234191894531,300.3927307128906,273.12701416015627,254.2171630859375,249.51388549804688,188.6766357421875,177.92762756347657,166.79869079589845,227.44895935058595,287.8551025390625,333.44549560546877,0.5471956133842468,27.679655075073243,72.53355407714844,12.417234420776368,312.3833923339844,296.73541259765627,312.0849609375,2.5254533290863039,12.3087797164917,14.795021057128907,47.98834991455078,108.47281646728516,163.07754516601563,181.61984252929688,151.77903747558595,90.9244155883789,90.9244155883789,132.11143493652345,113.90403747558594,77.7645034790039,30.685014724731447,15.80850887298584,354.34124755859377,347.9577941894531,321.7462463378906,260.6094665527344,200.35952758789063,150.06488037109376,91.24078369140625,82.59452819824219,21.046932220458986,325.1221008300781,351.8892517089844,295.30694580078127,277.2586364746094,338.36016845703127,359.1477966308594,19.60947608947754,50.97550964355469,105.60308837890625,130.048095703125,158.7463836669922,180.68548583984376,157.80551147460938,111.14710998535156,76.4477310180664,57.252445220947269,1.885932207107544,359.02874755859377,29.108610153198243,89.21402740478516,150.249267578125,172.45057678222657,181.31451416015626,181.31451416015626,233.86471557617188,268.134521484375,269.8850402832031,240.89678955078126,184.70367431640626,157.04098510742188,99.02781677246094,64.0536880493164,103.5307846069336,123.46177673339844,106.46223449707031,84.26483917236328,76.14193725585938,90.43258666992188,35.74007797241211,357.9656982421875,302.4956970214844,264.4495849609375,287.6693420410156,327.3360595703125,345.3092346191406,6.197851181030273,43.96354293823242],"time":101.25390625,"mapName":"uffici2.map","timeDecision":6.0,"timeScan":0.5,"penalty_cost":2.0,"ip":"","os":"Windows 10  (10.0.0) 64bit"}