{"position":["9,11","9,11","9,11","9,11","12,12","13,12","13,15","13,15","11,15","6,17","4,18","2,20","2,23","2,27","2,27","2,27","3,25","3,22","3,20","4,20","6,20","8,21","8,21","7,22","6,22","6,22","7,23","7,26","7,27","7,27","9,25","9,24","9,20","11,17","11,17","13,17","14,19","15,22","14,24","14,27","14,31","14,31","16,30","18,30","20,29","23,29","23,29","24,32","25,34","25,37","25,37","25,37","23,34","23,31","23,29","23,29","19,29","19,29","19,32","19,36","19,38","19,38","15,37","15,37","15,37","17,37","21,37","23,37","26,34","26,33","26,29","26,25","26,25","22,24","18,24","17,24","17,22","17,21","18,21","19,21","19,22","19,22","22,21","26,20","30,20","34,20","36,20","36,21","36,22","35,22","31,22","30,22","29,25","29,28","29,30"],"rotationY":[0.0,0.0,0.0,57.71070861816406,74.7730484008789,24.72653579711914,0.44945666193962099,301.8033142089844,284.0151672363281,288.127685546875,313.5069885253906,336.4176330566406,357.56640625,4.649633407592773,64.78304290771485,125.0998764038086,157.44227600097657,180.56072998046876,148.65573120117188,94.33633422851563,65.43965148925781,34.82603073120117,333.9344177246094,292.23992919921877,304.35357666015627,4.526236057281494,28.666479110717775,3.4889681339263918,49.74873733520508,110.56781768798828,135.8143310546875,179.9696502685547,170.02967834472657,150.81314086914063,96.931640625,63.72962188720703,31.230289459228517,16.405746459960939,342.5199279785156,355.1812438964844,10.654275894165039,71.3758773803711,100.62454223632813,130.87838745117188,94.32801818847656,73.6358642578125,13.003551483154297,29.124313354492189,3.520705223083496,339.8185729980469,279.8033142089844,219.27923583984376,204.3647003173828,179.731689453125,208.66702270507813,267.5350341796875,279.45440673828127,340.0091857910156,0.28259387612342837,0.28259387612342837,318.0380554199219,259.1310729980469,249.72767639160157,189.00302124023438,128.40576171875,93.2855453491211,90.10902404785156,128.8653106689453,133.9640350341797,180.59490966796876,180.59490966796876,195.88441467285157,253.0694580078125,262.007568359375,269.7333984375,222.0283660888672,184.62689208984376,137.91583251953126,96.55502319335938,43.80253601074219,26.113210678100587,86.6447982788086,101.6966781616211,104.50080108642578,90.73511505126953,88.49881744384766,54.273372650146487,4.321602821350098,318.2110290527344,270.1231689453125,267.2122497558594,318.0299072265625,342.9927978515625,0.13581322133541108,31.25641441345215],"time":99.860107421875,"mapName":"uffici2.map","timeDecision":10.0,"timeScan":0.30000001192092898,"penalty_cost":0.0,"ip":"","os":"Windows 10  (10.0.0) 64bit"}