{"position":["22,2","22,2","22,2","22,2","23,6","23,6","23,8","24,12","24,12","24,12","23,12","23,12","20,13","20,13","20,15","20,15","22,19","21,20","21,22","21,24","22,27","22,31","22,31","23,31","24,34","24,38","24,40","24,43","24,44","23,48","23,49","23,49","23,49","22,49","20,51","19,51","18,51","17,51","15,51","13,52","13,52","12,52","12,52","12,52","16,52","20,51","20,51","20,47","20,45","19,45","19,45","20,42","20,38","20,36","18,36","16,35","16,36","14,39","14,40","15,42","15,42","13,41","13,41","13,37","13,36","12,36","9,36","9,35","9,31","9,30","8,30","8,30","4,29","3,29","3,28","3,28","2,29","2,29","3,30","3,33","3,36","3,36","3,36","6,36","10,36","14,35","15,35","15,35","14,35","12,35","12,35","12,35","13,35","13,35","13,33"],"rotationY":[0.0,0.0,0.0,18.818050384521486,7.0638017654418949,33.440303802490237,359.1075744628906,16.598209381103517,19.751182556152345,318.7431640625,301.7990417480469,289.49755859375,290.558349609375,352.10064697265627,19.622045516967775,28.493898391723634,17.94007682800293,335.31182861328127,5.489259243011475,26.015769958496095,8.718496322631836,4.749313831329346,65.30944061279297,28.165821075439454,10.248760223388672,357.32159423828127,3.8930931091308595,28.910633087158204,347.87249755859377,356.8993225097656,26.634689331054689,336.0702209472656,274.6741943359375,277.96893310546877,310.2526550292969,275.9309997558594,225.71649169921876,258.60296630859377,285.9088439941406,283.7751159667969,303.67578125,330.2682189941406,30.543472290039064,91.3436050415039,101.01612091064453,108.55335998535156,167.48580932617188,181.37615966796876,210.88330078125,250.4885711669922,189.2447967529297,166.7926483154297,180.9325408935547,218.5244903564453,251.9415740966797,283.3716735839844,333.13787841796877,344.71136474609377,11.579008102416993,343.2769775390625,281.56610107421877,241.5778350830078,186.21286010742188,179.59812927246095,226.50218200683595,270.3852233886719,241.12002563476563,188.0204315185547,180.2186279296875,225.40625,233.06307983398438,254.9029541015625,258.5240478515625,243.687255859375,200.14398193359376,260.5116271972656,307.6571044921875,8.330315589904786,20.741622924804689,359.2922668457031,333.2378234863281,6.000504493713379,66.78727722167969,88.51451110839844,91.88646697998047,100.79399108886719,144.55654907226563,206.46084594726563,264.0227355957031,239.47415161132813,179.39341735839845,117.20184326171875,85.3290023803711,146.0086212158203,170.42884826660157],"time":100.54296875,"mapName":"open1.map","timeDecision":0.7000000476837158,"timeScan":0.009999999776482582,"penalty_cost":30.0,"ip":"","os":"Windows 10  (10.0.0) 64bit"}