{"position":["9,11","9,11","9,11","9,11","12,12","12,13","13,15","13,15","11,16","8,17","5,17","2,16","2,16","2,16","3,16","3,14","3,13","2,13","2,13","2,13","4,13","4,13","4,13","4,13","3,14","2,17","2,21","2,25","2,26","2,26","3,25","3,23","3,20","3,20","6,20","9,21","10,23","10,25","10,25","9,24","9,24","9,20","11,17","11,17","13,17","13,17","14,17","15,21","15,22","13,25","14,27","14,30","15,30","18,30","18,30","19,27","20,26","24,24","25,24","25,24","25,28","25,33","25,37","25,37","22,37","18,37","16,37","16,37","17,36","17,33","17,28","17,23","17,21","19,20","20,20","24,21","26,22","26,22","26,20","28,19","31,19","35,19","36,20","36,22","36,22","34,22","29,22","29,22","29,24","29,25","30,25","29,28","29,30"],"rotationY":[0.0,0.0,0.0,57.91311264038086,74.43755340576172,23.136600494384767,355.3779296875,295.05859375,297.46990966796877,273.8198547363281,257.3911437988281,238.24758911132813,178.1911163330078,117.25498962402344,146.42733764648438,176.78440856933595,231.4792938232422,232.9199981689453,172.68861389160157,112.13685607910156,105.02770233154297,165.99183654785157,226.71131896972657,287.5406799316406,329.4361572265625,348.54901123046877,0.38234657049179079,1.4595452547073365,50.209877014160159,110.65253448486328,154.07730102539063,180.05271911621095,151.0149688720703,94.02190399169922,67.28401947021485,48.52996826171875,18.368213653564454,336.5794982910156,276.2279968261719,233.6012420654297,180.3492431640625,166.41378784179688,147.61578369140626,94.55601501464844,59.75553512573242,79.09855651855469,25.423221588134767,12.906514167785645,329.9700012207031,338.67059326171877,10.96702766418457,31.839954376220704,81.27973175048828,101.86347198486328,161.98631286621095,156.0592803955078,121.4771957397461,108.85381317138672,64.65424346923828,4.005964279174805,0.46109870076179507,0.46109870076179507,354.58447265625,293.9200134277344,271.554931640625,269.5241394042969,229.4417724609375,169.3439483642578,164.6233367919922,180.15292358398438,180.15292358398438,180.15292358398438,150.8830108642578,119.39535522460938,72.35106658935547,74.42363739013672,110.85692596435547,171.3229522705078,137.38497924804688,107.76978302001953,90.870849609375,75.01646423339844,31.54892349243164,358.5937805175781,298.5065612792969,269.9571228027344,269.9571228027344,330.7818298339844,0.4600842297077179,57.43889236450195,7.301801681518555,349.370361328125,26.055225372314454],"time":97.91796875,"mapName":"uffici2.map","timeDecision":2.0,"timeScan":0.20000000298023225,"penalty_cost":5.0,"ip":"","os":"Windows 10  (10.0.0) 64bit"}