{"position":["22,2","22,2","22,2","22,4","23,6","23,8","24,9","24,12","24,13","23,15","23,18","23,20","24,22","24,22","23,22","23,23","23,23","24,24","24,24","24,26","23,27","23,31","23,32","24,34","25,34","24,35","24,35","23,35","23,37","23,39","24,42","24,43","24,43","23,43","23,45","23,48","23,49","23,49","22,49","22,50","19,51","18,51","15,52","15,52","15,52","16,52","20,51","20,50","20,47","20,44","20,44","16,44","16,43","15,42","14,41","14,41","15,40","15,36","15,34","14,34","13,34","10,34","6,34","4,34","3,34","3,34","3,35","3,36","4,36","6,36","8,34","8,34","7,33","7,32","6,30","7,27","7,24","7,24","3,24","3,24","3,23","3,22","2,21","2,21","2,22","2,25","3,28","3,28","6,28","8,29","9,30","9,34","9,34","12,34","14,34","14,33"],"rotationY":[0.0,0.0,0.0,11.424490928649903,4.6236724853515629,41.346168518066409,15.417726516723633,2.5465247631073,320.6430358886719,355.7687072753906,359.2716064453125,18.19294548034668,4.23048734664917,304.2238464355469,331.01373291015627,329.94793701171877,14.985787391662598,56.661842346191409,3.521965742111206,323.7362365722656,3.7065320014953615,3.070037603378296,23.232540130615236,61.624263763427737,26.404022216796876,340.91241455078127,284.93194580078127,331.2393493652344,0.5929886102676392,358.3462829589844,18.073251724243165,350.3427734375,290.32220458984377,329.10235595703127,5.50973653793335,4.056149482727051,337.17523193359377,276.79071044921877,301.3673095703125,315.4087829589844,290.2569274902344,280.33111572265627,294.7181701660156,355.58807373046877,55.755611419677737,106.42422485351563,115.57418060302735,169.57669067382813,181.86737060546876,208.2718505859375,263.9847412109375,254.7898406982422,210.45327758789063,209.14830017089845,199.1904754638672,146.18499755859376,191.59475708007813,175.8772735595703,206.6491241455078,256.97137451171877,281.45166015625,266.528076171875,276.58447265625,268.0218505859375,234.10491943359376,294.9221496582031,343.38201904296877,33.383338928222659,79.63377380371094,111.29136657714844,134.89511108398438,189.032958984375,201.71678161621095,181.41998291015626,190.8613739013672,176.18763732910157,201.5846405029297,255.86810302734376,273.03082275390627,227.16065979003907,185.19029235839845,209.21438598632813,241.22755432128907,301.46197509765627,353.1958312988281,16.166362762451173,29.13304901123047,91.81402587890625,74.54387664794922,40.108455657958987,358.88824462890627,7.179870128631592,67.35435485839844,94.19396209716797,121.99888610839844,173.78395080566407],"time":101.4375,"mapName":"open1.map","timeDecision":0.20000000298023225,"timeScan":0.06999999284744263,"penalty_cost":40.0,"ip":"","os":"Windows 10  (10.0.0) 64bit"}