{"position":["9,11","9,11","9,11","9,11","12,12","13,12","13,15","13,15","10,16","6,16","6,16","5,14","5,13","6,13","6,13","6,13","5,13","4,12","3,9","3,9","3,9","3,13","2,16","1,21","2,23","2,25","2,25","3,24","3,22","3,20","4,20","8,20","8,20","8,20","6,23","6,23","7,23","8,25","9,27","9,27","9,26","9,22","9,19","11,17","13,17","14,17","14,19","15,21","14,25","14,29","14,30","16,30","18,31","18,33","18,35","19,36","22,37","23,37","23,36","24,32","23,30","23,29","22,29","22,28","22,25","22,25","17,25","15,25","15,26","14,29","14,34","14,36","14,36","17,36","17,36","17,32","17,28","17,23","17,21","18,21","19,21","19,22","19,22","22,21","26,20","30,20","34,20","36,20","36,21","36,22","35,22","31,24","31,24","31,28","30,30"],"rotationY":[0.0,0.0,0.0,60.5333251953125,74.53170013427735,21.182249069213868,358.3684387207031,297.64697265625,282.2864074707031,270.6363830566406,211.27383422851563,180.8183135986328,132.80506896972657,118.87701416015625,178.96707153320313,239.359375,252.90780639648438,209.9517822265625,229.36465454101563,289.6190490722656,349.8433837890625,0.46261724829673769,345.5356750488281,345.5356750488281,10.628317832946778,48.70695877075195,109.5934829711914,151.5543212890625,179.98483276367188,140.21958923339845,91.011474609375,83.9641342163086,23.89801025390625,328.64056396484377,349.6468505859375,50.48455810546875,55.540374755859378,30.273303985595704,67.89897918701172,128.68556213378907,180.239501953125,180.239501953125,149.43618774414063,124.5413589477539,91.33869934082031,57.26219940185547,17.663026809692384,349.1753234863281,349.12884521484377,357.2864990234375,44.554203033447269,74.5452651977539,42.562747955322269,3.0421411991119386,32.240047454833987,74.97924041748047,76.24759674072266,124.69974517822266,173.56211853027345,165.28334045410157,194.2533721923828,245.39402770996095,227.5586700439453,182.17340087890626,207.7632293701172,267.300048828125,269.2789306640625,299.37933349609377,338.49139404296877,0.5666675567626953,0.5666675567626953,28.34195327758789,89.23139190673828,110.74021911621094,167.12144470214845,180.0222930908203,181.01638793945313,181.01638793945313,147.0543212890625,96.02003479003906,51.70111083984375,23.049516677856447,83.32352447509766,100.62464141845703,106.04717254638672,93.44606018066406,89.25135040283203,55.97328567504883,7.309447288513184,319.38134765625,290.18548583984377,295.75091552734377,353.41143798828127,347.5845031738281,23.383939743041993],"time":99.8984375,"mapName":"uffici2.map","timeDecision":7.0,"timeScan":0.10000000149011612,"penalty_cost":6.0,"ip":"","os":"Windows 10  (10.0.0) 64bit"}