{"position":["22,2","22,2","22,2","22,2","23,5","23,9","24,12","24,16","23,19","24,21","24,22","24,22","22,23","18,23","15,23","15,23","15,23","14,21","14,18","15,16","15,14","15,14","15,14","11,13","7,13","5,13","4,13","3,15","3,16","3,16","3,17","3,17","3,17","3,13","3,11","2,11","2,11","3,10","3,9","2,9","2,9","2,9","3,8","3,8","3,7","2,7","2,7","2,7","3,9","3,12","4,12","7,12","11,13","13,13","13,14","13,18","12,22","12,22","8,23","7,24","8,26","7,28","7,28","3,29","3,29","2,30","3,31","3,33","3,34","4,34","6,35","7,35","7,35","7,35","5,35","3,35","3,36","2,39","3,40","3,40","2,42","2,42","2,42","3,40","3,37","3,32","3,30","2,29","2,26","3,24","4,24","8,24","12,24","13,24","14,24","15,24"],"rotationY":[0.0,0.0,0.0,33.085262298583987,10.66421890258789,0.4559711515903473,13.414155006408692,0.2187875658273697,344.3042907714844,12.151021003723145,17.131454467773439,316.64459228515627,286.93511962890627,270.9986572265625,291.87274169921877,284.0381774902344,225.60107421875,196.10763549804688,175.7167205810547,163.77293395996095,132.958984375,193.1107940673828,253.2030029296875,258.1732177734375,270.1355895996094,274.16680908203127,297.5418701171875,330.02813720703127,14.034635543823243,19.460508346557618,49.5159797668457,110.12191009521485,170.70864868164063,180.60134887695313,219.38555908203126,214.67591857910157,154.3905792236328,173.6300506591797,226.96746826171876,273.77703857421877,213.61839294433595,153.19024658203126,109.98332977294922,150.90005493164063,205.1564483642578,259.30072021484377,319.53558349609377,23.245281219482423,2.9506757259368898,28.902013778686525,78.26751708984375,90.1311264038086,79.1641616821289,42.536590576171878,359.0759582519531,347.8717041015625,343.966552734375,287.1914367675781,294.1453552246094,344.8485412597656,353.9550476074219,350.3382873535156,293.69189453125,288.9934997558594,321.6835632324219,349.7210693359375,36.4117546081543,2.257683515548706,45.408164978027347,78.07267761230469,43.16523361206055,70.40550231933594,9.893781661987305,309.3995666503906,269.9286804199219,301.8988037109375,346.5108642578125,7.392477035522461,25.180316925048829,326.2108154296875,4.942501068115234,65.2150650024414,125.22186279296875,165.27996826171876,180.72903442382813,180.72903442382813,208.6117401123047,194.70693969726563,180.01327514648438,145.3465576171875,95.62773895263672,89.66372680664063,89.66372680664063,70.36947631835938,56.30548095703125,4.985878944396973],"time":100.8515625,"mapName":"open1.map","timeDecision":0.8000000715255737,"timeScan":0.08999998867511749,"penalty_cost":90.0,"ip":"","os":"Windows 10  (10.0.0) 64bit"}