{"position":["22,2","22,2","22,2","22,4","21,5","22,7","22,9","20,12","19,12","17,13","16,14","15,15","12,14","11,14","11,14","11,14","15,14","19,14","20,14","20,16","21,17","21,18","21,20","20,21","19,22","19,22","19,22","21,22","21,23","21,25","21,27","22,31","22,31","21,32","20,34","20,34","21,35","21,37","21,39","21,39","21,40","20,42","20,43","20,43","22,43","22,44","22,44","21,46","21,46","22,47","22,48","23,49","23,49","22,49","22,50","19,51","17,51","17,51","17,51","19,51","20,51","20,48","20,45","20,45","18,45","17,45","15,42","15,41","15,40","14,40","15,38","14,37","12,36","10,35","9,34","9,33","8,34","6,34","3,34","3,34","3,32","3,30","3,30","4,30","5,30","6,30","7,28","7,25","7,24","8,24","10,24","13,24","13,25"],"rotationY":[0.0,0.0,0.0,353.779296875,356.8669128417969,4.258902072906494,337.86163330078127,317.2051696777344,290.2534484863281,288.97845458984377,325.3148193359375,283.5434875488281,260.613525390625,222.4954071044922,161.42095947265626,99.600830078125,91.283447265625,81.9378433227539,28.692594528198243,19.19561004638672,56.22344207763672,12.547615051269532,340.5265808105469,303.31072998046877,323.09423828125,23.357698440551759,83.36528778076172,44.365257263183597,1.6863404512405396,359.3307800292969,10.096270561218262,3.252243757247925,308.2055358886719,341.5029602050781,324.1788024902344,16.94959831237793,28.920442581176759,13.964738845825196,6.272350788116455,306.14764404296877,334.8719177246094,339.1585388183594,357.4556884765625,59.02077102661133,66.07376098632813,11.410141944885254,326.7705993652344,6.967068195343018,30.75188636779785,56.86823272705078,9.262975692749024,328.0721130371094,266.2530822753906,293.7666320800781,311.90362548828127,286.7917175292969,301.13433837890627,1.958873987197876,65.25806427001953,98.49933624267578,153.71104431152345,180.81539916992188,198.79188537597657,256.0484924316406,274.5590515136719,226.5928497314453,206.10479736328126,178.4252166748047,234.21258544921876,178.39051818847657,178.04269409179688,219.67616271972657,256.9797058105469,245.3859100341797,208.5179901123047,241.37176513671876,292.7643127441406,269.6322021484375,277.2610168457031,215.75144958496095,185.25021362304688,167.65780639648438,106.5978012084961,85.59798431396485,81.20402526855469,120.6867904663086,151.59042358398438,180.49566650390626,141.1810302734375,114.63569641113281,88.1728286743164,67.71598815917969,13.590082168579102],"time":98.8681640625,"mapName":"open1.map","timeDecision":0.10000000149011612,"timeScan":0.10999998450279236,"penalty_cost":0.0,"ip":"","os":"Windows 10  (10.0.0) 64bit"}