{"position":["22,2","22,2","22,2","22,3","22,3","21,4","22,5","21,7","22,9","20,11","18,12","16,13","15,13","14,17","14,21","14,22","16,22","18,22","21,22","21,23","22,25","22,25","24,24","26,24","29,24","31,24","32,24","32,24","32,24","29,24","24,24","23,25","23,26","23,26","23,27","23,27","23,29","24,30","24,30","24,32","24,34","24,34","24,35","23,35","23,38","23,39","24,43","24,44","23,45","22,45","21,45","21,45","21,46","22,48","21,49","20,51","18,51","18,51","18,51","19,51","23,50","24,49","24,47","24,44","25,44","25,44","25,44","25,44","24,44","24,43","24,39","24,36","24,36","27,36","29,36","30,36","30,36","30,36","26,36","23,36","23,36","20,36","19,36","19,36","19,35","20,32","20,28","20,24","20,24","17,24","15,24","15,25"],"rotationY":[0.0,0.0,0.0,350.6351013183594,318.360107421875,6.676077365875244,335.9119567871094,9.98573112487793,347.25994873046877,318.6267395019531,284.2770690917969,292.242919921875,344.2711486816406,350.7364807128906,357.60498046875,49.180885314941409,90.3259506225586,92.56250762939453,75.50110626220703,27.103622436523439,27.44576644897461,89.86229705810547,85.08076477050781,106.10749053955078,89.47901916503906,88.02063751220703,53.553016662597659,352.6248779296875,288.05035400390627,269.6412048339844,269.6412048339844,313.50128173828127,355.8345947265625,3.2969858646392824,51.12837219238281,355.24737548828127,347.5653991699219,35.5474967956543,348.07305908203127,4.890387058258057,16.53243064880371,315.97076416015627,301.7276611328125,342.9122314453125,358.1955871582031,12.722090721130371,6.80367374420166,318.831298828125,306.4411315917969,254.16354370117188,268.844970703125,329.63629150390627,3.8935608863830568,20.29663848876953,340.8226318359375,318.1032409667969,278.13140869140627,217.17214965820313,153.7374267578125,106.21115112304688,112.54449462890625,149.87362670898438,180.56307983398438,153.94297790527345,102.53097534179688,42.625877380371097,342.0894775390625,284.5113830566406,232.80580139160157,181.3955078125,181.3955078125,158.47935485839845,97.88390350341797,98.39319610595703,79.64279174804688,40.577640533447269,339.5918884277344,279.05596923828127,268.4808654785156,244.22393798828126,286.8163146972656,260.61285400390627,268.5960693359375,206.80850219726563,157.60586547851563,181.30738830566407,181.30738830566407,193.60914611816407,255.26568603515626,270.68719482421877,311.575439453125,349.40130615234377],"time":97.640625,"mapName":"open1.map","timeDecision":0.30000001192092898,"timeScan":0.04999999701976776,"penalty_cost":20.0,"ip":"","os":"Windows 10  (10.0.0) 64bit"}