{"position":["13,10","13,10","13,10","13,10","13,10","13,10","13,10","12,10","12,10","12,10","12,11","12,13","12,13","12,13","12,13","12,13","11,13","11,13","11,13","11,13","11,13","11,13","11,13","11,13","13,13","14,13","14,13","14,13","14,13","14,11","14,7","14,7","14,7","14,7","13,7","12,7","12,7","12,7","12,7","12,7","12,7","12,7","12,7","12,7","14,7","14,7","14,7","14,7","14,7","14,7","14,7","14,7","14,7","13,7","12,7","12,7","12,7","12,7","12,8","12,13","12,13","12,13","12,13","11,13","11,13","10,13","9,12","9,12","9,12","9,12","9,12","9,12","9,12","9,12","8,12","8,12","8,12","8,11","8,9","8,7","8,7","8,7","8,7","7,7","7,7","6,7","6,7","6,7","6,7","6,8"],"rotationY":-0.17064425349235536,"time":95.83987426757813}