{"position":["9,11","9,11","9,11","9,11","12,12","13,12","13,15","13,15","12,15","9,17","5,17","2,16","2,16","2,16","3,16","3,14","3,13","2,13","2,13","2,13","4,13","4,13","6,9","6,9","6,9","5,10","5,11","5,15","5,15","5,15","4,15","2,17","2,20","2,24","2,25","2,25","3,24","3,21","3,20","4,20","7,20","9,22","10,25","10,25","8,27","7,27","7,27","8,26","9,24","9,21","10,19","11,17","13,17","13,18","16,22","17,25","17,25","20,24","23,24","26,25","26,25","25,28","25,32","25,35","23,36","20,38","19,38","16,37","13,37","13,37","14,36","14,34","14,32","15,32","18,30","18,30","17,26","17,22","17,21","19,21","23,21","27,20","31,19","34,19","35,19","36,21","37,21","37,21","35,22","32,23","30,24","29,27","29,29","30,31"],"rotationY":[0.0,0.0,0.0,57.38148498535156,74.54400634765625,24.122507095336915,1.0204704999923707,300.4874267578125,299.744873046875,278.9493103027344,268.34356689453127,249.89645385742188,189.85650634765626,129.6326141357422,136.44314575195313,175.1914520263672,220.91458129882813,247.9142608642578,187.05844116210938,126.96409606933594,91.60430145263672,149.8289031982422,156.8617706298828,217.82154846191407,278.8082580566406,322.5813293457031,0.591387927532196,15.52232551574707,55.40572738647461,355.2677307128906,307.3028259277344,334.1716003417969,356.5592041015625,0.5439279079437256,51.66285705566406,112.56298065185547,155.67189025878907,178.9241485595703,136.1976776123047,93.26754760742188,64.090087890625,42.50896453857422,18.7598934173584,324.3778381347656,305.4895935058594,251.4228973388672,191.3447723388672,140.8313446044922,164.8340301513672,180.35130310058595,150.4593963623047,114.66315460205078,80.75242614746094,32.19486999511719,32.19486999511719,17.343196868896486,75.89435577392578,101.70433807373047,85.51998138427735,68.29090881347656,7.50071907043457,348.70050048828127,357.57794189453127,341.7398376464844,308.192626953125,297.5411682128906,252.05682373046876,266.8407287597656,241.0938720703125,180.118408203125,147.39175415039063,176.74501037597657,136.42291259765626,118.97501373291016,133.84140014648438,192.63833618164063,191.644287109375,179.72218322753907,130.99171447753907,93.28630828857422,92.00090026855469,101.89324188232422,102.07089233398438,87.4888687133789,34.33472442626953,60.86370849609375,38.337379455566409,337.9376525878906,299.4271240234375,288.11810302734377,321.7729187011719,341.571044921875,15.841485023498536,39.1044921875],"time":98.921875,"mapName":"uffici2.map","timeDecision":6.0,"timeScan":0.30000001192092898,"penalty_cost":7.0,"ip":"","os":"Windows 10  (10.0.0) 64bit"}