{"position":["9,11","9,11","9,11","9,11","12,12","12,12","13,14","13,15","9,16","6,16","6,16","5,14","5,10","5,10","5,10","4,12","2,16","3,18","3,22","3,22","3,22","3,26","3,26","3,26","3,25","3,20","3,20","5,20","7,20","7,21","7,22","8,25","8,26","8,26","9,25","9,22","9,20","11,17","13,17","14,17","15,19","16,23","17,24","18,24","21,25","24,26","25,27","25,30","25,33","25,37","25,37","22,37","22,37","21,37","18,37","18,37","17,37","14,37","14,36","14,34","14,34","14,32","14,32","18,30","19,29","19,29","17,27","14,27","14,27","14,27","16,26","17,26","17,23","17,21","18,21","20,22","20,22","20,22","23,21","24,21","24,21","27,20","28,20","28,20","28,20","32,19","35,19","35,19","36,22","36,22","36,22","36,26","36,30","35,33"],"rotationY":[0.0,0.0,0.0,57.67592239379883,74.87542724609375,21.32354164123535,347.2891845703125,300.00299072265627,288.11212158203127,269.7960205078125,211.16787719726563,180.9033203125,185.42787170410157,245.8102264404297,306.50531005859377,331.85150146484377,345.8122863769531,9.094709396362305,6.330469131469727,59.29880905151367,359.72247314453127,350.66632080078127,289.8465576171875,229.12762451171876,180.4751739501953,179.4053955078125,122.91522216796875,94.12313842773438,56.0922966003418,2.3990776538848879,354.26312255859377,10.79994010925293,61.88984680175781,122.78811645507813,166.50357055664063,180.56417846679688,149.78915405273438,126.9319076538086,93.26808166503906,48.84117889404297,16.852582931518556,22.830049514770509,59.34469985961914,100.71538543701172,76.8488540649414,62.104164123535159,18.405969619750978,0.17881494760513307,357.9877014160156,348.03289794921877,287.61041259765627,261.9287109375,221.7726593017578,267.47686767578127,247.8985595703125,226.93405151367188,269.9169616699219,244.82928466796876,194.7885284423828,156.2584991455078,146.1784210205078,175.2027130126953,120.16478729248047,122.16035461425781,169.29115295410157,221.08116149902345,253.88304138183595,263.33953857421877,202.64244079589845,141.8437957763672,109.83548736572266,159.20272827148438,180.99603271484376,145.9844512939453,96.0460205078125,63.19969177246094,14.904502868652344,75.83494567871094,98.8514633178711,140.1968994140625,118.86652374267578,99.70694732666016,50.67393112182617,38.46156311035156,98.80986785888672,102.61433410644531,82.94511413574219,30.75349998474121,2.156679630279541,306.640625,354.2428283691406,0.5816907286643982,348.30108642578127,326.4319763183594],"time":98.814697265625,"mapName":"uffici2.map","timeDecision":1.0,"timeScan":0.6000000238418579,"penalty_cost":0.0,"ip":"","os":"Windows 10  (10.0.0) 64bit"}