{"position":["9,11","9,11","9,11","9,11","12,12","14,13","14,13","13,15","12,15","9,17","9,17","7,16","5,16","5,14","5,12","5,12","5,12","3,15","1,17","2,19","3,21","3,23","3,23","4,22","4,22","3,22","3,22","3,20","3,20","7,20","8,20","11,17","13,17","13,17","14,17","15,19","15,21","14,25","14,26","16,27","19,27","22,27","23,28","23,30","24,32","26,34","26,37","25,38","25,38","21,37","17,37","15,37","15,37","14,34","14,32","14,32","17,32","17,32","17,32","17,32","14,32","14,32","14,28","14,24","14,20","13,17","12,17","12,17","12,17","13,17","17,17","18,17","19,19","19,21","21,21","25,22","26,22","26,22","26,20","28,20","32,19","32,19","32,19","32,19","32,19","32,19","36,19","36,19","36,21","36,25","36,29","35,30","34,33","34,33"],"rotationY":[0.0,0.0,0.0,57.17425537109375,74.89793395996094,44.05756378173828,343.7344055175781,313.5015563964844,291.1309509277344,295.11004638671877,235.33023071289063,264.9096984863281,226.43907165527345,187.696533203125,202.44102478027345,262.8040771484375,323.3512878417969,320.0076904296875,352.32427978515627,29.98324966430664,5.040323734283447,40.25572204589844,100.87100982666016,145.8361053466797,205.94383239746095,251.9596405029297,191.31533813476563,154.3897247314453,94.17691802978516,90.46472930908203,132.8402862548828,119.88449096679688,83.82952117919922,68.83714294433594,45.49171829223633,16.692882537841798,343.0600891113281,354.7945251464844,41.5490837097168,73.1415023803711,90.41452026367188,64.5184097290039,24.45487403869629,6.212563514709473,39.00248336791992,16.588459014892579,356.02203369140627,315.7568359375,257.44232177734377,265.1777038574219,270.2119445800781,272.34063720703127,211.65084838867188,190.31878662109376,174.0887908935547,116.17533111572266,89.99088287353516,33.44462203979492,333.08062744140627,273.89862060546877,249.97109985351563,192.8262481689453,179.90492248535157,179.90492248535157,191.78160095214845,211.6481475830078,264.45465087890627,209.0580291748047,148.0469970703125,97.07942962646485,89.10932922363281,44.185176849365237,16.609960556030275,55.46601104736328,87.33673095703125,75.29681396484375,119.9266357421875,176.82872009277345,136.09796142578126,105.3805923461914,94.9142837524414,43.22857666015625,342.89642333984377,315.54095458984377,15.850481986999512,76.16302490234375,91.0500717163086,36.22564697265625,359.4152526855469,359.9772644042969,350.09027099609377,330.9197082519531,1.831637978553772,321.745361328125],"time":99.169921875,"mapName":"uffici2.map","timeDecision":10.0,"timeScan":0.9000000953674316,"penalty_cost":9.0,"ip":"","os":"Windows 10  (10.0.0) 64bit"}