{"position":["9,11","9,11","9,11","9,11","12,12","13,12","13,15","13,15","10,16","6,17","4,18","2,20","2,21","4,26","4,26","4,26","3,25","3,23","3,20","3,20","6,20","8,21","10,23","11,25","11,25","7,26","7,26","7,26","8,25","9,24","9,21","10,19","11,17","13,17","14,18","15,20","15,22","14,26","14,28","14,28","14,28","14,27","14,27","14,27","14,29","15,31","16,31","16,31","17,33","17,33","17,32","17,30","19,28","21,28","24,29","25,29","26,33","26,35","25,36","23,37","19,37","14,37","14,37","14,37","15,37","19,37","24,37","24,37","26,33","26,31","26,27","26,27","25,27","21,27","17,26","17,26","17,23","17,21","19,20","20,20","24,22","25,22","26,20","28,20","32,19","35,19","36,20","36,23","36,26","37,29","39,30","39,31","39,31","37,31","35,32"],"rotationY":[0.0,0.0,0.0,57.39059829711914,74.15350341796875,23.937334060668947,0.4349949061870575,300.24169921875,284.22210693359377,288.1973571777344,313.5348205566406,338.5747985839844,17.958011627197267,19.008560180664064,321.23907470703127,260.6138916015625,216.2950439453125,179.6142578125,161.72503662109376,101.12508392333985,79.9184341430664,49.59218978881836,32.89276123046875,356.2649841308594,296.1537780761719,286.52410888671877,229.59735107421876,169.47828674316407,122.56300354003906,159.25706481933595,179.8935546875,150.0736083984375,119.2511978149414,85.81697845458985,47.38819122314453,11.503458023071289,343.6463317871094,355.5347595214844,324.091796875,263.26031494140627,202.42642211914063,152.0733642578125,91.85553741455078,31.6536922454834,359.97039794921877,35.149085998535159,85.55097198486328,32.726829528808597,69.22146606445313,129.815185546875,179.89266967773438,144.8800811767578,122.37562561035156,90.7754135131836,73.54875946044922,22.771644592285158,15.704802513122559,343.7318420410156,306.76141357421877,271.87481689453127,269.6819152832031,269.6819152832031,209.47772216796876,148.55726623535157,91.97527313232422,89.99645233154297,89.99645233154297,148.58766174316407,152.125,180.8121337890625,186.738525390625,247.0330810546875,273.3464050292969,266.3260192871094,256.48895263671877,198.83578491210938,180.08448791503907,144.2630157470703,115.21170043945313,71.65229797363281,71.65229797363281,126.78919982910156,132.28297424316407,103.08976745605469,91.0557632446289,68.21221923828125,31.562501907348634,0.2155371904373169,11.437533378601075,31.33843231201172,58.842899322509769,8.332839012145996,307.5440979003906,270.80950927734377,301.8939208984375],"time":99.8515625,"mapName":"uffici2.map","timeDecision":3.0,"timeScan":0.30000001192092898,"penalty_cost":6.0,"ip":"","os":"Windows 10  (10.0.0) 64bit"}