{"position":["9,11","9,11","9,11","9,11","12,12","13,12","13,15","13,18","13,18","13,18","13,17","12,17","11,17","11,18","9,20","8,20","9,22","10,22","10,22","10,26","10,26","10,26","9,25","9,22","9,20","11,17","12,17","15,18","15,18","15,22","14,25","14,28","14,31","14,31","17,30","18,30","19,27","19,26","23,25","23,25","26,28","26,29","26,34","26,35","23,37","21,38","18,37","14,37","14,37","14,35","14,30","14,25","14,21","13,17","13,17","10,17","7,17","4,19","3,21","3,23","3,26","3,26","3,26","3,24","3,20","4,17","4,13","5,11","5,11","5,11","5,15","5,15","8,15","12,15","16,15","18,16","19,18","19,20","20,22","21,22","24,21","27,20","31,20","36,20","36,20","36,22","36,22","33,23","29,24","29,24","29,28","29,31"],"rotationY":[0.0,0.0,0.0,57.54808044433594,74.52293395996094,24.56352996826172,359.80511474609377,341.4866943359375,280.888427734375,220.35508728027345,218.0599822998047,263.5777282714844,315.29083251953127,330.22503662109377,308.50299072265627,0.8684205412864685,35.860191345214847,78.68253326416016,17.73647117614746,2.8544211387634279,307.1950378417969,246.67306518554688,204.14797973632813,179.33656311035157,150.30506896972657,136.67410278320313,89.89005279541016,71.72057342529297,11.583984375,1.9926509857177735,342.7035217285156,0.19969213008880616,20.749597549438478,81.67200469970703,100.33740997314453,149.84213256835938,163.7887420654297,112.1729965209961,104.6698226928711,46.42275619506836,40.77015686035156,0.8819902539253235,359.6642150878906,312.10015869140627,299.1728515625,268.8021545410156,256.0218200683594,266.8944396972656,209.84437561035157,179.48512268066407,179.48512268066407,179.48512268066407,181.5150146484375,192.58949279785157,249.26272583007813,270.20001220703127,289.08599853515627,302.9446105957031,331.9534606933594,0.5442016124725342,26.661863327026368,86.86625671386719,147.71484375,180.4847869873047,165.5473175048828,176.44676208496095,166.13766479492188,133.2134552001953,72.62418365478516,11.997437477111817,4.182469844818115,64.31192779541016,90.85157012939453,90.85157012939453,79.91764068603516,47.754695892333987,14.8816556930542,14.25552749633789,52.48240661621094,101.45269012451172,114.82418060302735,92.9942398071289,89.40384674072266,88.39554595947266,30.728662490844728,354.7239685058594,294.6501159667969,284.0838317871094,293.0279235839844,353.526123046875,0.018954064697027208,22.881004333496095],"time":96.80078125,"mapName":"uffici2.map","timeDecision":10.0,"timeScan":0.30000001192092898,"penalty_cost":5.0,"ip":"","os":"Windows 10  (10.0.0) 64bit"}