{"position":["9,11","9,11","9,11","9,11","12,12","13,12","13,15","13,15","11,16","9,17","6,17","6,16","5,14","5,13","5,13","5,13","5,14","5,14","5,13","5,10","5,9","5,9","5,10","5,13","5,15","6,15","10,15","13,15","13,15","13,17","15,20","17,24","18,24","22,24","24,24","25,26","26,28","26,31","25,35","25,37","24,37","20,37","18,37","18,37","19,35","18,31","18,31","17,32","16,32","16,32","17,32","17,33","17,35","15,36","14,37","14,37","14,34","14,29","14,29","14,29","14,30","14,30","16,30","19,29","21,29","21,29","21,29","20,29","17,26","17,26","17,21","17,21","19,21","20,22","21,22","25,21","28,19","32,19","35,19","36,20","36,21","35,22","35,22","35,22","36,21","36,21","38,23","39,24","38,26","36,29","36,31","36,31","35,32"],"rotationY":[0.0,0.0,0.0,60.683815002441409,74.59616088867188,21.857824325561525,357.8420715332031,297.1529235839844,299.7430725097656,274.199951171875,245.78916931152345,202.83251953125,166.25286865234376,118.56592559814453,56.91625213623047,356.0059814453125,305.41302490234377,245.05979919433595,195.32598876953126,180.0776824951172,127.82255554199219,66.42544555664063,15.110907554626465,358.3803405761719,34.7335319519043,86.62520599365235,90.11930084228516,113.01197052001953,56.52317810058594,16.918582916259767,30.486040115356447,30.486040115356447,78.0841064453125,90.17704010009766,60.54677963256836,29.82460594177246,0.9022586345672607,343.06622314453127,355.23388671875,321.4146423339844,272.77618408203127,269.3005676269531,231.00363159179688,170.68844604492188,181.0231475830078,190.39248657226563,249.01455688476563,291.4061279296875,340.01580810546877,40.76979064941406,55.81138610839844,3.5442841053009035,331.6396789550781,306.631103515625,259.9801330566406,199.65077209472657,179.3454132080078,179.3454132080078,123.48202514648438,63.268157958984378,8.977745056152344,65.9636459350586,102.8057861328125,96.27693939208985,132.88856506347657,193.1337890625,253.74160766601563,235.6416015625,228.0865020751953,176.78053283691407,175.32998657226563,114.75316619873047,83.1134262084961,58.41908645629883,99.94590759277344,115.23141479492188,107.24004364013672,90.61998748779297,71.92121124267578,31.629045486450197,333.9451904296875,293.9451904296875,233.41969299316407,172.39463806152345,128.72067260742188,68.18561553955078,48.60322189331055,2.8002827167510988,328.4417724609375,337.0176696777344,11.169824600219727,341.570068359375,294.5014953613281],"time":98.076171875,"mapName":"uffici2.map","timeDecision":8.0,"timeScan":0.5,"penalty_cost":1.0,"ip":"","os":"Windows 10  (10.0.0) 64bit"}