{"position":["9,11","9,11","9,11","9,11","12,12","14,13","14,13","13,15","10,16","7,16","6,16","5,14","5,10","5,10","5,10","5,10","5,14","5,15","2,17","1,18","1,18","4,18","6,19","7,20","7,22","7,22","6,22","6,23","7,25","9,27","11,27","11,27","11,27","9,25","9,22","9,20","11,17","13,17","13,17","13,19","15,21","15,24","14,27","14,29","15,31","15,31","16,30","17,30","17,29","19,26","21,25","21,25","24,26","25,28","26,32","25,33","25,35","25,37","25,37","20,37","16,37","14,37","14,37","14,37","17,36","17,35","17,31","17,26","17,22","17,21","19,21","19,21","19,22","19,22","23,21","26,20","30,19","31,19","35,19","35,20","36,21","36,21","36,21","36,22","36,22","36,24","36,27","37,30","37,30","39,30","39,30","39,30","36,32","33,32"],"rotationY":[0.0,0.0,0.0,57.06536865234375,74.80290985107422,42.74977111816406,342.4223937988281,313.0361022949219,285.00628662109377,273.6087951660156,223.03701782226563,191.7057647705078,179.59182739257813,234.83795166015626,295.5556640625,356.759765625,0.9399210214614868,307.8338623046875,308.08221435546877,359.4766845703125,59.957916259765628,85.726806640625,65.77139282226563,17.425817489624025,348.8220520019531,288.2253723144531,321.93890380859377,11.885334968566895,43.63576126098633,68.19570922851563,101.12554931640625,161.16712951660157,220.66976928710938,195.88925170898438,180.1426544189453,147.4309539794922,127.48784637451172,92.21839141845703,33.3834228515625,8.3720121383667,30.20537567138672,4.052955150604248,341.4334716796875,11.531732559204102,38.315277099609378,99.15408325195313,136.05674743652345,110.449951171875,164.53358459472657,149.4776611328125,119.22992706298828,65.20614624023438,45.449317932128909,14.100476264953614,5.856882095336914,321.54119873046877,357.8251037597656,327.61883544921877,272.6578369140625,270.8443603515625,269.4140625,238.89085388183595,176.8741455078125,116.53555297851563,124.47183990478516,174.87123107910157,181.39955139160157,181.39955139160157,179.1807861328125,129.31336975097657,94.54339599609375,34.461055755615237,40.95811462402344,102.00479888916016,99.03785705566406,107.6307373046875,98.87571716308594,82.07948303222656,82.96410369873047,32.96000289916992,354.0614929199219,293.596923828125,313.23846435546877,308.59674072265627,329.3716125488281,0.18245722353458405,25.37433433532715,6.586943626403809,63.1727409362793,72.4088134765625,12.376910209655762,311.898681640625,297.1331787109375,270.09173583984377],"time":99.08984375,"mapName":"uffici2.map","timeDecision":2.0,"timeScan":0.9000000953674316,"penalty_cost":2.0,"ip":"","os":"Windows 10  (10.0.0) 64bit"}