{"position":["9,11","9,11","9,11","9,11","12,12","13,12","13,15","13,17","13,17","11,17","11,18","8,20","7,20","2,20","2,20","2,20","3,22","3,25","3,25","3,25","3,24","3,20","3,20","6,20","7,20","7,21","9,25","10,26","10,26","9,26","9,25","9,21","10,19","11,17","14,17","15,17","16,19","16,21","18,21","20,21","20,21","20,21","17,21","17,21","17,24","17,24","21,25","24,25","24,26","26,29","26,29","24,31","24,34","24,35","22,36","21,36","17,36","15,36","15,36","16,36","17,35","17,32","17,31","15,31","14,31","14,32","14,34","14,34","14,34","14,31","14,26","14,22","13,18","13,17","13,17","13,17","13,17","17,17","22,17","23,17","24,19","24,21","25,21","29,20","32,19","36,20","36,20","36,23","36,26","38,30","38,30","39,30","39,30","38,30","35,31","34,32"],"rotationY":[0.0,0.0,0.0,56.99895095825195,74.79084014892578,25.181156158447267,0.32778942584991457,328.8446960449219,276.03076171875,317.7425231933594,323.625732421875,308.4218444824219,269.0722351074219,270.37451171875,330.590576171875,31.370006561279298,6.505462169647217,345.8231506347656,285.66815185546877,224.7349395751953,179.71795654296876,167.8208465576172,107.1252670288086,92.25511169433594,37.86634826660156,26.848834991455079,29.54848861694336,347.46661376953127,286.88861083984377,234.1574249267578,182.4889373779297,179.4904327392578,148.68348693847657,114.88748168945313,92.01937866210938,45.61924743652344,18.641019821166993,58.04959487915039,86.90079498291016,44.76495361328125,344.32879638671877,283.9833984375,280.2400817871094,341.1283874511719,4.662096977233887,65.54510498046875,75.0571060180664,81.89781188964844,29.80406951904297,19.130781173706056,319.0868835449219,337.239990234375,357.88128662109377,308.87103271484377,278.5096130371094,266.7947998046875,270.0731201171875,229.52310180664063,169.33018493652345,118.60627746582031,161.6702117919922,178.0111541748047,231.59523010253907,267.23162841796877,313.07061767578127,356.91558837890627,318.3807067871094,257.93603515625,197.4794464111328,179.747314453125,179.747314453125,179.747314453125,191.7829132080078,240.50640869140626,218.8374481201172,158.6059112548828,98.16841125488281,90.6448974609375,89.67929077148438,45.759178161621097,17.40254783630371,54.774051666259769,101.48989868164063,105.94845581054688,82.08343505859375,75.03363037109375,14.502224922180176,359.4966125488281,20.888477325439454,27.885906219482423,80.3271255493164,26.022865295410158,325.82073974609377,284.1444091796875,310.9773254394531,298.754150390625],"time":100.77734375,"mapName":"uffici2.map","timeDecision":8.0,"timeScan":0.4000000059604645,"penalty_cost":4.0,"ip":"","os":"Windows 10  (10.0.0) 64bit"}