{"position":["22,2","22,2","22,2","22,4","23,6","23,7","23,8","23,9","24,12","25,12","28,12","28,12","28,11","28,11","29,12","29,13","29,15","30,17","30,17","30,17","29,16","28,14","25,14","24,14","24,16","23,18","24,19","24,22","24,22","25,22","25,22","24,23","23,23","23,24","23,26","23,26","23,29","23,31","23,31","24,33","25,34","25,34","24,36","24,39","23,40","24,42","24,43","24,43","23,45","23,47","23,47","23,49","23,49","22,49","22,50","20,51","18,51","17,51","15,51","15,51","15,51","16,51","20,51","22,50","24,49","24,46","24,45","25,45","28,45","29,45","29,45","28,45","24,45","21,44","20,44","20,44","20,44","19,44","19,44","20,44","20,44","20,43","20,40","20,36","20,36","18,36","15,36","15,35","15,34","14,34","14,34","14,33"],"rotationY":[0.0,0.0,0.0,11.678781509399414,7.636421203613281,1.7872815132141114,50.07545852661133,16.121517181396486,23.473031997680665,72.20101165771485,88.59178924560547,139.67401123046876,137.13661193847657,75.1374740600586,23.319896697998048,0.04529867321252823,21.59242057800293,55.69952392578125,116.1296615600586,176.20758056640626,217.97898864746095,251.10166931152345,268.1483459472656,322.1564636230469,349.0172424316406,350.0154724121094,25.428937911987306,7.502391815185547,62.61977005004883,35.066307067871097,334.0655212402344,285.96575927734377,315.14794921875,359.32550048828127,347.2714538574219,1.3415800333023072,3.4859204292297365,337.4064025878906,12.68875789642334,38.85099792480469,43.77788543701172,342.3890380859375,347.7928466796875,327.2277526855469,3.9901537895202638,23.729915618896486,357.635498046875,346.0529479980469,348.857421875,338.7317810058594,7.1061224937438969,346.31243896484377,284.75286865234377,278.5269775390625,328.7520446777344,295.4645080566406,273.442138671875,255.6373748779297,273.3173828125,212.7734832763672,148.64537048339845,96.83645629882813,88.25297546386719,117.7967758178711,158.1822967529297,178.02301025390626,130.6748504638672,94.4109115600586,87.47752380371094,142.6356964111328,205.12965393066407,260.5740661621094,270.13623046875,259.32452392578127,240.41806030273438,190.77549743652345,251.9830322265625,295.4873046875,355.69952392578127,49.417537689208987,110.45404052734375,159.0460968017578,182.04751586914063,185.7288818359375,245.8705596923828,271.28106689453127,250.77313232421876,197.01954650878907,227.56578063964845,204.18614196777345,143.43556213378907,184.5881805419922],"time":97.5078125,"mapName":"open1.map","timeDecision":0.10000000149011612,"timeScan":0.03999999910593033,"penalty_cost":50.0,"ip":"","os":"Windows 10  (10.0.0) 64bit"}