{"position":["22,2","22,2","22,2","22,2","22,2","22,2","25,2","27,2","28,4","29,7","29,10","28,12","28,13","30,17","30,17","34,18","38,19","39,19","39,20","38,22","38,22","38,22","40,23","44,23","44,23","45,26","45,30","45,34","45,34","45,34","46,35","46,36","46,39","46,43","45,47","44,50","42,52","41,52","38,51","38,51","39,47","39,45","38,45","35,44","30,44","26,44","24,44","24,42","24,42","22,43","19,43","15,43","15,43","14,40","14,36","14,31"],"rotationY":[0.0,0.0,0.0,302.18798828125,2.960124969482422,63.53097152709961,90.45823669433594,61.632232666015628,29.439373016357423,11.508641242980957,350.98687744140627,337.6987609863281,18.399978637695314,29.738616943359376,75.3355712890625,72.31304931640625,82.25300598144531,36.13577651977539,345.486328125,313.0104675292969,343.66485595703127,43.730594635009769,72.26216125488281,90.10047912597656,33.42620086669922,16.63264274597168,0.703554630279541,356.6473083496094,300.6581115722656,358.2664794921875,40.777496337890628,349.6220703125,1.7967606782913209,348.8603210449219,342.0934143066406,326.2024841308594,298.3594970703125,259.1924743652344,233.04290771484376,172.67613220214845,171.84495544433595,204.72071838378907,253.4207763671875,265.9173583984375,268.9419860839844,269.96124267578127,233.15948486328126,198.50050354003907,259.3458251953125,294.07720947265627,270.62451171875,265.6983642578125,205.22998046875,192.6291046142578,180.41900634765626,179.45166015625],"time":60.453125,"mapName":"open1.map","timeDecision":0.0,"timeScan":0.0,"penalty_cost":0.0,"alpha":0.4000000059604645,"beta":0.20000000298023225,"delta":180,"ip":"","os":"Windows 10  (10.0.0) 64bit"}