{"position":["22,2","22,2","22,2","22,2","22,3","22,6","22,11","22,15","22,20","22,22","22,22","22,24","22,29","22,33","22,38","21,41","20,43","19,43","15,43","15,43","14,40","14,36","14,31"],"rotationY":[0.0,0.0,0.0,301.7442932128906,344.53167724609377,5.025112628936768,1.0075262784957886,359.91558837890627,359.91558837890627,329.0782165527344,330.3692626953125,357.5552062988281,359.5434265136719,1.5108979940414429,1.5108979940414429,342.5675354003906,314.7961730957031,270.826416015625,260.8868103027344,200.6971893310547,186.9237518310547,179.7664031982422,177.74365234375],"time":27.17724609375,"mapName":"open1.map","timeDecision":0.0,"timeScan":0.0,"penalty_cost":0.0,"alpha":0.0,"beta":0.20000000298023225,"delta":30,"ip":"","os":"Windows 10  (10.0.0) 64bit"}