{"position":["22,2","22,2","22,2","22,2","22,2","22,2","24,2","28,2","32,2","36,2","38,2","38,2","38,2","35,2","31,2","30,3","29,5","29,8","30,10","29,11","29,15","29,17","31,18","35,18","38,18","38,18","38,21","39,22","38,22","34,23","30,23","26,23","24,23","24,23","24,23","27,23","32,23","36,23","40,23","43,22","44,22","45,22","46,23","45,25","45,29","45,33","44,33","42,34","38,34","34,35","30,35","26,35","25,35","24,37","23,37","20,35","16,35","16,35","15,37","14,37","12,36","9,36","8,36","7,36","3,35","3,35","2,37","2,40","2,45","2,49","2,50","5,51","8,52","12,52","17,52","21,52","24,52","24,51","24,47","24,43","24,42","24,42","20,44","17,45","14,45","13,44","13,43","14,39","14,35","14,34","14,34"],"rotationY":[0.0,0.0,0.0,301.84307861328127,3.065420150756836,63.38431167602539,90.72801208496094,76.83255004882813,89.84977722167969,89.84977722167969,126.7545166015625,187.17135620117188,247.87649536132813,270.0917663574219,283.01605224609377,319.90570068359377,349.8940124511719,12.798620223999024,338.3282470703125,359.0721130371094,0.08298029005527497,42.21202087402344,73.07693481445313,87.02436828613281,77.09132385253906,16.841739654541017,16.705923080444337,332.9698486328125,287.3328552246094,277.802734375,269.13494873046877,269.13494873046877,309.9601745605469,10.031481742858887,70.136962890625,89.32450866699219,90.51984405517578,89.51763153076172,102.5992202758789,85.6912612915039,89.2274169921875,58.40809631347656,14.380087852478028,348.5928649902344,356.530517578125,350.52099609375,303.0599060058594,269.9890441894531,269.9890441894531,280.60302734375,270.5804748535156,270.5804748535156,324.8489990234375,296.3497314453125,246.50753784179688,259.4564514160156,270.3906555175781,328.9007263183594,296.7193603515625,245.86453247070313,276.1432189941406,256.0628662109375,271.0596008300781,260.36041259765627,253.3172607421875,310.96923828125,343.0472717285156,359.9321594238281,359.9321594238281,359.9321594238281,53.58016586303711,71.18492889404297,90.0572509765625,90.0572509765625,91.0176773071289,91.0176773071289,119.07674407958985,168.0487060546875,180.2928466796875,180.2928466796875,230.3131866455078,290.4822692871094,293.3208312988281,275.4247131347656,252.46151733398438,210.1480712890625,167.9479217529297,174.02537536621095,179.02783203125,233.96499633789063,184.49583435058595],"time":95.828125,"mapName":"open1.map","timeDecision":0.0,"timeScan":0.0,"penalty_cost":0.0,"alpha":0.6000000238418579,"beta":0.30000001192092898,"delta":180,"ip":"","os":"Windows 10  (10.0.0) 64bit"}