{"position":["22,2","22,2","22,2","22,2","22,2","22,2","24,2","28,2","31,2","36,2","41,2","44,2","44,2","45,6","45,10","45,14","46,16","44,16","43,17","43,17","44,17","44,17","45,21","45,25","45,29","45,34","45,35","44,35","41,35","37,35","32,35","29,34","26,34","25,35","24,37","24,37","22,36","18,36","15,36","15,37","14,40","14,43","14,43","18,44","19,44","19,44","20,46","20,48","22,49","24,50","24,50","23,50","21,51","18,51","13,51","9,51","4,51","3,51","2,49","2,45","2,41","2,37","3,37","6,35","9,35","13,35","13,35","14,35","18,35","20,35","21,37","21,40","21,42","19,43","16,44","16,44","15,42","15,38","15,36","15,36","14,32"],"rotationY":[0.0,0.0,0.0,301.9296875,2.158057451248169,62.320674896240237,90.50659942626953,76.54994201660156,90.06634521484375,90.06634521484375,90.06634521484375,72.78531646728516,17.621461868286134,1.7211103439331055,359.6853942871094,11.613419532775879,337.8376770019531,298.1637268066406,338.28369140625,39.002899169921878,79.5946273803711,19.430374145507814,12.882827758789063,359.97735595703127,359.97735595703127,358.976318359375,316.23431396484377,268.1124572753906,269.1017150878906,270.1073913574219,270.1073913574219,258.1316833496094,281.96722412109377,324.70916748046877,321.06951904296877,260.8008117675781,260.2010498046875,269.7486572265625,291.6596374511719,343.413330078125,357.68048095703127,19.53336524963379,73.31514739990235,83.26746368408203,89.21868133544922,34.885414123535159,359.1004943847656,34.902442932128909,59.615333557128909,21.750761032104493,321.4841003417969,274.663330078125,283.56976318359377,271.63140869140627,270.6072998046875,269.58148193359377,269.58148193359377,223.4683074951172,196.9771728515625,185.06808471679688,180.03005981445313,168.0902099609375,120.94739532470703,107.78555297851563,90.66524505615235,76.74531555175781,42.21829605102539,87.70523071289063,89.74047088623047,48.98641586303711,17.48731231689453,0.5892359614372253,320.8286437988281,289.3040771484375,270.958740234375,212.7120819091797,180.87350463867188,179.79722595214845,139.04263305664063,185.73284912109376,186.5743865966797],"time":85.5234375,"mapName":"open1.map","timeDecision":0.0,"timeScan":0.0,"penalty_cost":0.0,"alpha":0.30000001192092898,"beta":0.5,"delta":60,"ip":"","os":"Windows 10  (10.0.0) 64bit"}