{"position":["22,2","22,2","22,2","22,2","22,3","21,7","21,10","20,12","18,13","14,13","10,13","5,13","4,13","3,15","3,19","3,22","3,22","6,23","7,25","7,28","7,28","7,29","8,32","7,34","5,34","3,35","3,37","2,40","2,45","2,49","3,51","4,51","8,52","12,52","17,52","21,52","22,52","22,50","22,46","22,45","19,44","16,44","15,44","14,41","14,38","14,37","11,36","9,35","9,35","8,35","4,35","4,36","2,39","2,42","2,47","2,50","3,51","7,52","10,52","14,52","19,52","21,52","21,51","22,47","22,43","22,38","22,34","22,29","22,26","21,24","19,23","16,23","15,24"],"rotationY":[0.0,0.0,0.0,301.766357421875,344.8347473144531,356.9938659667969,340.1677551269531,308.3597717285156,281.7455139160156,269.8175048828125,269.8175048828125,269.8175048828125,318.8446350097656,350.63836669921877,0.330841064453125,19.2364501953125,72.61398315429688,42.79330825805664,16.19368553161621,356.34454345703127,329.9358825683594,11.339426040649414,345.4955749511719,314.21942138671877,282.76043701171877,310.72845458984377,344.8107604980469,358.68585205078127,359.67987060546877,4.631504058837891,35.0286750793457,77.21526336669922,86.72574615478516,90.29010009765625,90.29010009765625,90.29010009765625,143.03335571289063,176.32763671875,179.3096923828125,232.4770050048828,253.42355346679688,268.3327331542969,215.64259338378907,198.73367309570313,180.77676391601563,234.4263153076172,251.96585083007813,218.982421875,224.4642791748047,270.0707092285156,279.0992736816406,328.02593994140627,340.9480285644531,0.8252202272415161,0.8252202272415161,17.707563400268556,56.46060562133789,71.37059020996094,90.25645446777344,90.25645446777344,90.25645446777344,124.02483367919922,166.82022094726563,176.9324493408203,179.99021911621095,179.99021911621095,179.99021911621095,179.99021911621095,197.0875244140625,233.92901611328126,256.4609375,284.2473449707031,327.9573974609375],"time":77.546875,"mapName":"open1.map","timeDecision":0.0,"timeScan":0.0,"penalty_cost":0.0,"alpha":0.20000000298023225,"beta":0.20000000298023225,"delta":60,"ip":"","os":"Windows 10  (10.0.0) 64bit"}