{"position":["22,2","22,2","22,2","22,2","22,2","22,2","24,2","27,2","28,4","29,7","29,10","28,12","29,14","29,17","31,17","34,18","37,18","38,19","38,21","38,22","40,23","44,23","44,23","45,27","45,30","45,34","45,34","45,34","45,39","45,43","46,47","45,50","45,50","42,51","38,51","38,51","38,50","38,49","39,46","39,46","36,45","33,44","29,44","25,44","24,45","23,48","23,51","23,52","21,52","16,52","12,52","7,52","3,52","3,52","2,49","2,45","2,40","2,38","3,36","2,32","2,31","4,30","7,29","7,29","8,31","9,34","10,34","12,34","13,34","16,35","19,35","20,37","20,39","20,43","20,43","16,44","16,44","15,42","15,39","14,35"],"rotationY":[0.0,0.0,0.0,301.59375,1.912785530090332,62.720664978027347,90.7723388671875,62.95515060424805,31.536428451538087,12.576602935791016,352.3186340332031,337.2578430175781,10.879227638244629,31.75257682800293,72.25556945800781,91.13679504394531,75.94476318359375,31.617069244384767,359.8097839355469,46.51774597167969,76.22282409667969,89.14469146728516,28.914560317993165,18.184362411499025,359.27294921875,353.28521728515627,304.7567443847656,359.1939392089844,359.1939392089844,0.23631243407726289,13.145472526550293,349.916748046875,297.08099365234377,280.67340087890627,271.699951171875,210.94915771484376,169.21255493164063,189.95364379882813,169.78518676757813,228.13449096679688,252.215087890625,269.14862060546877,270.14410400390627,284.0712890625,328.3632507324219,342.26513671875,359.1632080078125,305.26312255859377,269.321044921875,269.321044921875,269.321044921875,269.321044921875,265.34552001953127,204.62689208984376,185.3238983154297,181.3590850830078,180.37930297851563,154.5124969482422,181.35081481933595,190.28700256347657,145.56842041015626,114.71674346923828,95.64179992675781,34.6584358215332,25.048023223876954,47.9194221496582,88.71024322509766,74.73312377929688,93.40471649169922,82.59989929199219,60.728511810302737,29.151134490966798,359.5418701171875,347.6432800292969,286.989990234375,281.0314636230469,220.7186279296875,189.91346740722657,191.9936981201172,184.0426788330078],"time":84.66796875,"mapName":"open1.map","timeDecision":0.0,"timeScan":0.0,"penalty_cost":0.0,"alpha":0.30000001192092898,"beta":0.20000000298023225,"delta":60,"ip":"","os":"Windows 10  (10.0.0) 64bit"}