{"position":["22,2","22,2","22,2","22,2","22,2","21,6","21,9","21,12","23,13","24,14","28,14","28,14","28,14","29,10","29,7","29,3","29,3","33,2","37,2","37,2","39,6","39,6","42,5","44,5","44,6","45,10","45,14","45,16","43,17","41,17","36,17","32,17","30,17","29,15","29,12","29,7","29,4","27,3","26,3","24,3","24,3","20,2","16,2","12,2","7,2","4,2","3,3","2,7","2,10","3,12","3,13","3,13","3,13","8,13","12,13","12,13","14,17","14,20","14,23","14,23","10,23","10,24","9,25","9,27","7,28","4,28","3,28","2,25","2,25","4,24","4,24","3,22","2,19","2,15","2,15","4,14","7,14","11,13","13,13","13,13","14,13","14,14","14,17","13,19","14,22","14,22","14,24"],"rotationY":[0.0,0.0,0.0,301.80194091796877,0.4522804021835327,347.64910888671877,0.6679462194442749,24.376211166381837,54.32341384887695,90.10660552978516,76.15453338623047,100.0506820678711,160.26974487304688,167.42330932617188,180.315673828125,165.44427490234376,107.8612060546875,93.93852233886719,88.97162628173828,31.652603149414064,26.68265724182129,84.35368347167969,102.29635620117188,63.530296325683597,16.500640869140626,10.336186408996582,359.96337890625,328.2685852050781,297.5726623535156,269.7038879394531,269.7038879394531,269.7038879394531,228.69857788085938,197.0912628173828,181.2199249267578,180.2260284423828,200.13401794433595,236.13458251953126,270.9520568847656,313.0146789550781,265.1327819824219,258.4612731933594,269.85302734375,269.85302734375,269.85302734375,288.77972412109377,329.0320129394531,341.9544982910156,359.0390319824219,27.966917037963868,350.3032531738281,44.03073501586914,92.96024322509766,91.97383880615235,84.83814239501953,30.533971786499025,18.753084182739259,0.14018592238426209,340.63433837890627,279.65185546875,273.97186279296877,326.698974609375,0.521453320980072,321.6426086425781,291.90069580078127,270.05108642578127,219.2445831298828,197.3791046142578,146.68734741210938,111.57039642333985,170.15493774414063,205.86573791503907,195.96060180664063,181.03970336914063,121.61262512207031,90.20148468017578,102.91110229492188,95.94452667236328,61.859378814697269,69.46405029296875,54.17362594604492,5.666258811950684,344.7251892089844,13.085225105285645,35.204734802246097,30.767833709716798,2.6399381160736086],"time":91.734375,"mapName":"open1.map","timeDecision":0.0,"timeScan":0.0,"penalty_cost":0.0,"alpha":0.0,"beta":0.10000000149011612,"delta":120,"ip":"","os":"Windows 10  (10.0.0) 64bit"}