{"position":["22,2","22,2","22,2","22,2","22,2","22,2","24,2","28,2","32,2","36,2","37,2","39,5","39,6","42,5","44,5","44,6","45,7","46,8","46,8","45,13","45,16","45,17","45,17","45,21","45,25","46,29","46,33","46,33","43,34","43,34","44,37","44,41","44,44","44,44","44,46","44,48","44,48","44,49","43,50","41,51","41,51","41,49","41,47","39,46","35,44","32,44","27,44","24,44","24,44","24,44","24,44","24,44","25,44","30,44","35,44","38,44","38,44","38,44","38,44","38,44","37,44","32,44","27,44","25,44","24,46","24,46","23,45","22,45","20,45","20,45","17,44","16,44","15,42","15,38","15,36","15,36","15,34"],"rotationY":[0.0,0.0,0.0,301.4723205566406,1.8739038705825806,62.37929916381836,90.92162322998047,76.9878158569336,89.77439880371094,89.77439880371094,41.085289001464847,26.96649932861328,76.74656677246094,100.98294067382813,69.17493438720703,17.027454376220704,25.02928352355957,45.352691650390628,348.6946716308594,348.6946716308594,359.6285095214844,302.8478088378906,356.53546142578127,0.3444848358631134,13.266441345214844,7.306192874908447,0.38335102796554568,303.7060546875,297.9880676269531,358.5513916015625,6.002747058868408,359.0198059082031,24.888412475585939,33.33473205566406,0.2122925966978073,35.98751449584961,24.503786087036134,339.01300048828127,303.1232604980469,267.341552734375,207.31100463867188,178.61212158203126,214.7654266357422,244.39389038085938,250.4623565673828,270.4444274902344,270.4444274902344,253.51303100585938,226.675048828125,287.0245666503906,347.2433776855469,47.92351531982422,90.23035430908203,90.23035430908203,90.23035430908203,107.123046875,134.0212860107422,73.87145233154297,13.500213623046875,312.9022521972656,269.59796142578127,269.59796142578127,269.59796142578127,300.3782653808594,320.39105224609377,259.75531005859377,233.04075622558595,289.9967041015625,264.1736755371094,282.9342041015625,259.4632568359375,214.74996948242188,185.1487579345703,179.991943359375,143.2139129638672,155.91574096679688,191.67312622070313],"time":81.599609375,"mapName":"open1.map","timeDecision":0.0,"timeScan":0.0,"penalty_cost":0.0,"alpha":0.10000000149011612,"beta":0.8000000715255737,"delta":30,"ip":"","os":"Windows 10  (10.0.0) 64bit"}