{"position":["22,2","22,2","22,2","22,2","22,3","21,7","22,9","21,11","20,12","16,13","15,14","15,16","14,19","14,22"],"rotationY":[0.0,0.0,0.0,301.727783203125,344.87261962890627,356.08441162109377,10.928752899169922,330.0179443359375,290.2384338378906,285.3641357421875,326.81591796875,358.62432861328127,344.66888427734377,359.33154296875],"time":18.125,"mapName":"open1.map","timeDecision":0.0,"timeScan":0.0,"penalty_cost":0.0,"alpha":0.10000000149011612,"beta":0.4000000059604645,"delta":30,"ip":"","os":"Windows 10  (10.0.0) 64bit"}