{"position":["22,2","22,2","22,2","22,2","20,2","15,2","11,2","6,2","4,2","3,4","2,7","2,10","3,12","3,13","3,13","5,13","9,13","12,13","12,13","14,13","18,13","19,13","20,11","20,7","20,3","20,3","16,2","13,2","8,2","4,2","3,2","2,5","2,8","3,11","3,14","2,18","2,21","3,22","4,22","4,22","6,23","7,23","8,26","8,27","8,27","8,32","8,33","10,34","13,35","13,36","13,36","14,35","14,35","14,35","14,33"],"rotationY":[0.0,0.0,0.0,299.5465393066406,269.83526611328127,269.83526611328127,269.83526611328127,269.83526611328127,305.61920166015627,336.9928894042969,355.4215087890625,15.946671485900879,15.950678825378418,4.03993034362793,64.1099624633789,95.15254974365235,91.18586730957031,68.32396697998047,52.732913970947269,88.46402740478516,90.44193267822266,142.11614990234376,171.4921417236328,179.8701171875,186.83859252929688,247.68894958496095,257.9847106933594,269.2127685546875,270.22686767578127,270.22686767578127,324.1037292480469,342.6844482421875,0.6018311977386475,16.505878448486329,349.4635314941406,355.4615478515625,15.981529235839844,58.874080657958987,11.005870819091797,45.956546783447269,76.77618408203125,29.842145919799806,14.021574020385743,324.36431884765627,359.41326904296877,359.41326904296877,48.11942672729492,71.64677429199219,45.8319206237793,42.174434661865237,102.58011627197266,149.33628845214845,153.77476501464845,144.69296264648438,181.24134826660157],"time":59.4453125,"mapName":"open1.map","timeDecision":0.0,"timeScan":0.0,"penalty_cost":0.0,"alpha":0.7000000476837158,"beta":0.10000000149011612,"delta":60,"ip":"","os":"Windows 10  (10.0.0) 64bit"}