{"position":["22,2","22,2","22,2","22,2","22,3","22,5","22,8","22,13","22,17","22,21","22,21","18,23","16,23","15,26"],"rotationY":[0.0,0.0,0.0,301.5789489746094,344.52911376953127,18.240568161010743,357.20361328125,359.1865234375,0.1797306388616562,350.2432861328125,292.74041748046877,288.79302978515627,325.61181640625,342.7988586425781],"time":18.1171875,"mapName":"open1.map","timeDecision":0.0,"timeScan":0.0,"penalty_cost":0.0,"alpha":0.0,"beta":0.8000000715255737,"delta":60,"ip":"","os":"Windows 10  (10.0.0) 64bit"}