{"position":["22,2","22,2","22,2","22,2","22,3","22,5","22,8","22,12","22,17","22,21","22,21","18,22","16,23","15,26"],"rotationY":[0.0,0.0,0.0,301.93505859375,344.7590026855469,20.955276489257814,357.6958923339844,358.71392822265627,359.704833984375,355.7419128417969,295.349609375,288.2875061035156,320.4253845214844,343.77197265625],"time":18.10546875,"mapName":"open1.map","timeDecision":0.0,"timeScan":0.0,"penalty_cost":0.0,"alpha":0.10000000149011612,"beta":0.5,"delta":60,"ip":"","os":"Windows 10  (10.0.0) 64bit"}