{"position":["22,2","22,2","22,2","22,2","22,3","22,6","22,11","22,15","22,20","22,24","22,29","22,32","23,33","26,35","29,35","34,35","38,35","38,35","39,35","41,36","43,36","43,35","45,31","45,28","45,24","45,24","45,23","45,19","45,14","45,10","45,7","44,6","44,4","42,3","39,1","36,1","33,2","31,2","30,5","29,8","29,10","28,12","28,13","28,13","25,13","23,13","18,13","16,13","15,15","15,15","12,14","8,13","4,13","3,13","3,13","3,14","2,14","2,15","2,20","2,24","2,28","2,28","2,29","2,32","3,34","5,34","7,34","7,34","7,30","8,26","8,24","10,24","12,23","12,24"],"rotationY":[0.0,0.0,0.0,301.32586669921877,344.5364685058594,4.226061820983887,1.3965154886245728,0.37603959441185,0.37603959441185,359.3853759765625,359.3853759765625,19.55372428894043,58.79632568359375,71.80860137939453,89.71617889404297,90.7094955444336,82.77842712402344,65.59559631347656,67.70330047607422,77.64916229248047,112.4458236694336,162.0166015625,162.0166015625,178.96707153320313,191.8941650390625,229.4786376953125,182.216796875,180.1941680908203,180.1941680908203,180.1941680908203,208.05746459960938,195.7864532470703,210.93313598632813,241.0310516357422,251.02005004882813,268.95098876953127,288.1470947265625,318.3489685058594,340.2749938964844,0.9025487899780273,339.1497497558594,359.56866455078127,341.07861328125,280.36639404296877,264.1388244628906,271.00244140625,269.9891052246094,303.7851257324219,317.72015380859377,257.2744140625,253.00714111328126,260.74658203125,269.8525695800781,238.92715454101563,299.4300842285156,335.6988830566406,313.3738098144531,0.09340368211269379,0.09340368211269379,0.09340368211269379,12.003058433532715,49.54444885253906,2.0521180629730226,21.040477752685548,54.2791748046875,87.37889099121094,121.65083312988281,177.08599853515626,166.06838989257813,177.02597045898438,144.15585327148438,109.49230194091797,77.35264587402344,31.181848526000978],"time":78.640625,"mapName":"open1.map","timeDecision":0.0,"timeScan":0.0,"penalty_cost":0.0,"alpha":0.10000000149011612,"beta":0.4000000059604645,"delta":120,"ip":"","os":"Windows 10  (10.0.0) 64bit"}