{"position":["22,2","22,2","22,2","22,2","22,3","22,6","22,11","22,13","22,13","17,13","15,13","15,13","13,13","8,13","4,13","4,14","3,15","3,20","3,22","3,22","3,22","4,23","6,23","7,25","7,28","7,28","7,30","8,32","7,34","5,34","3,35","3,35","3,35","2,37","2,41","2,45","2,50","2,51","4,52","7,52","12,52","17,52","19,52","20,50","21,47","20,46","19,45","16,44","15,44","15,42","13,38","13,36","13,35","13,35","11,35","9,35","4,35","4,35","3,38","2,41","2,46","2,50","2,50","6,52","9,52","13,52","18,52","22,52","23,52","23,50","22,48","21,44","21,41","21,38","20,36","19,36","16,36","15,37","15,37","15,37","15,37","15,37","15,36","15,33"],"rotationY":[0.0,0.0,0.0,301.48822021484377,344.27789306640627,3.773143768310547,359.7928161621094,327.94091796875,273.40057373046877,270.4139099121094,302.2279357910156,299.0366516113281,270.4303894042969,269.40972900390627,274.83465576171877,327.25604248046877,0.03756297752261162,0.03756297752261162,33.81740951538086,358.8631286621094,35.9049072265625,77.60784912109375,38.80535125732422,8.84619426727295,348.5431213378906,334.0726318359375,10.585834503173829,340.7747497558594,308.9483642578125,283.5681457519531,251.34097290039063,256.3639221191406,316.45843505859377,344.024658203125,358.9105224609375,359.87725830078127,0.8804879188537598,44.59581756591797,73.03980255126953,89.97567749023438,89.97567749023438,89.97567749023438,119.75836944580078,148.91616821289063,166.96298217773438,208.07437133789063,246.71859741210938,265.5318603515625,227.35948181152345,193.42005920410157,194.43963623046876,190.4683837890625,189.77175903320313,250.25857543945313,272.7173156738281,269.6152648925781,269.6152648925781,328.29217529296877,341.7755432128906,359.6731872558594,359.6731872558594,6.0341267585754398,58.250484466552737,71.17247772216797,90.0624771118164,90.0624771118164,90.0624771118164,90.0624771118164,143.7609100341797,177.62620544433595,208.00868225097657,196.0111846923828,180.0517578125,200.00889587402345,233.84188842773438,273.26678466796877,294.1598205566406,298.6898193359375,282.0951843261719,298.857177734375,238.29025268554688,178.00735473632813,174.0611572265625,196.98228454589845],"time":88.603515625,"mapName":"open1.map","timeDecision":0.0,"timeScan":0.0,"penalty_cost":0.0,"alpha":0.0,"beta":0.6000000238418579,"delta":30,"ip":"","os":"Windows 10  (10.0.0) 64bit"}