{"position":["22,2","22,2","22,2","22,2","22,2","22,2","24,2","28,2","31,2","31,2","32,2","36,2","37,2","37,2","37,2","34,2","30,3","30,4","29,8","29,12","29,16","29,17","32,18","35,18","37,18","38,20","38,22","38,22","42,23","44,23","44,24","45,27","45,32","45,36","45,41","45,44","44,46","44,46","44,49","43,50","40,51","40,51","40,49","39,46","37,45","34,44","30,44","25,44","24,44","24,43","23,43","19,44","15,44","14,44","14,42","14,38","14,37","14,37","14,33"],"rotationY":[0.0,0.0,0.0,301.8607482910156,2.467542886734009,62.65350341796875,90.5301742553711,74.34210968017578,90.18040466308594,32.193660736083987,86.42906951904297,92.42906951904297,43.465797424316409,342.98773193359377,282.51336669921877,281.6310119628906,294.741943359375,344.5106201171875,348.63897705078127,359.7588195800781,359.7588195800781,50.02088165283203,73.14498138427735,88.05503845214844,52.27371597290039,19.657960891723634,14.433762550354004,72.3276138305664,86.28365325927735,63.44798278808594,16.829835891723634,0.8731747269630432,359.9163513183594,359.9163513183594,359.9163513183594,338.031005859375,347.669921875,4.603321075439453,340.7319641113281,301.3285217285156,280.4504699707031,219.84214782714845,192.36289978027345,218.3857421875,248.29617309570313,267.8213195800781,269.80914306640627,269.80914306640627,220.15513610839845,224.5619354248047,277.8694152832031,274.8741455078125,269.9039306640625,220.00697326660157,183.0319366455078,180.6995391845703,131.05764770507813,170.22621154785157,178.75619506835938],"time":63.5546875,"mapName":"open1.map","timeDecision":0.0,"timeScan":0.0,"penalty_cost":0.0,"alpha":0.7000000476837158,"beta":0.10000000149011612,"delta":120,"ip":"","os":"Windows 10  (10.0.0) 64bit"}