{"position":["22,2","22,2","22,2","22,2","22,2","22,2","24,2","28,2","32,2","36,2","37,2","39,5","39,6","39,6","41,3","42,2","43,3","45,6","46,6","45,7","45,7","46,9","45,12","45,16","45,17","45,17","45,20","45,25","45,29","45,34","45,34","45,34","45,38","45,42","46,46","46,50","46,50","43,51","39,51","39,51","39,49","38,45","38,45","34,44","30,44","26,44","25,44","24,46","24,46","23,45","19,44","15,44","15,44","14,41","14,37","13,36","13,35","13,35","13,35","13,35","13,35","14,38","14,42","14,43","17,44","20,44","20,44","20,44","20,44","17,44","16,44","15,41","14,38","14,33"],"rotationY":[0.0,0.0,0.0,301.33038330078127,1.9325205087661744,62.56283950805664,90.2139663696289,77.2984848022461,89.70668029785156,90.21806335449219,43.49667739868164,26.84139633178711,72.56536865234375,132.74850463867188,143.9456329345703,98.00628662109375,46.818607330322269,36.90635299682617,352.176513671875,329.1316223144531,29.234272003173829,7.940681457519531,350.076904296875,355.046875,306.3352966308594,342.46197509765627,0.05579129606485367,1.0498219728469849,1.0498219728469849,1.0498219728469849,304.3917541503906,357.3233337402344,0.326294481754303,13.241954803466797,7.272263050079346,0.33997994661331179,299.41094970703127,286.8701477050781,272.9538269042969,212.92784118652345,182.8461151123047,193.8285369873047,252.49026489257813,258.623779296875,270.47491455078127,271.4337158203125,320.10870361328127,301.30517578125,241.09884643554688,252.74688720703126,266.4007873535156,266.421142578125,206.24549865722657,188.50071716308595,199.480712890625,193.50631713867188,194.6548309326172,203.099853515625,146.5948944091797,86.1156234741211,25.616439819335939,6.921469688415527,0.9506142139434815,50.67299270629883,72.30579376220703,86.23310089111328,25.81667709350586,328.44537353515627,268.23931884765627,266.588134765625,217.86546325683595,198.147216796875,180.26028442382813,180.26028442382813],"time":78.5029296875,"mapName":"open1.map","timeDecision":0.0,"timeScan":0.0,"penalty_cost":0.0,"alpha":0.5,"beta":0.20000000298023225,"delta":30,"ip":"","os":"Windows 10  (10.0.0) 64bit"}