{"position":["22,2","22,2","22,2","22,2","22,2","21,5","21,9","21,12","21,12","21,13","22,17","24,21","24,22","23,22","19,23","16,23","15,24"],"rotationY":[0.0,0.0,0.0,301.93035888671877,0.5596787929534912,346.89788818359377,1.51498281955719,340.7752685546875,322.5758056640625,13.917948722839356,17.9359130859375,17.9359130859375,329.9665832519531,287.5284423828125,277.5883483886719,286.5354309082031,326.7494812011719],"time":21.1484375,"mapName":"open1.map","timeDecision":0.0,"timeScan":0.0,"penalty_cost":0.0,"alpha":0.0,"beta":0.8000000715255737,"delta":120,"ip":"","os":"Windows 10  (10.0.0) 64bit"}