{"position":["22,2","22,2","22,2","22,2","20,2","15,2","11,2","6,2","4,2","3,4","3,6","3,11","3,12","3,12","2,14","2,19","2,23","2,26","3,28","2,32","2,36","2,41","2,46","2,50","3,51","5,52","9,52","13,52","18,52","22,52","22,52","23,48","23,45","23,45","20,43","19,43","15,43","15,43","15,39","15,36","14,32"],"rotationY":[0.0,0.0,0.0,301.565673828125,269.6077880859375,268.59765625,268.59765625,269.591552734375,300.9386291503906,331.3450622558594,0.18161402642726899,0.18161402642726899,47.023677825927737,14.590713500976563,349.02685546875,354.9793395996094,359.96502685546877,17.850391387939454,350.0532531738281,352.0942687988281,0.027287820354104043,1.021421194076538,1.021421194076538,2.998227596282959,45.592735290527347,77.26683807373047,84.84149932861328,90.50496673583985,90.50496673583985,93.47322845458985,153.99520874023438,165.44851684570313,181.78176879882813,233.85281372070313,253.75787353515626,267.9205627441406,253.8506317138672,193.7825927734375,180.8883056640625,194.87838745117188,184.93833923339845],"time":45.3421630859375,"mapName":"open1.map","timeDecision":0.0,"timeScan":0.0,"penalty_cost":0.0,"alpha":0.5,"beta":0.0,"delta":30,"ip":"","os":"Windows 10  (10.0.0) 64bit"}