{"position":["22,2","22,2","22,2","22,2","22,2","22,2","25,2","28,2","31,2","32,2","32,2","36,2","37,2","38,4","39,4","43,5","44,5","44,5","45,2","45,2","45,2","45,5","45,10","45,15","46,18","46,22","46,26","46,31","45,34","45,34","45,34","45,38","45,42","45,46","45,50","45,50","41,51","41,51","39,48","38,45","38,45","35,44","31,44","26,44","22,44","17,44","16,44","15,42","14,39","14,34"],"rotationY":[0.0,0.0,0.0,302.58734130859377,3.005509853363037,63.53305435180664,90.49131774902344,74.60130310058594,89.65229034423828,31.77397918701172,90.01570129394531,90.01570129394531,38.293521881103519,59.12306594848633,75.78812408447266,78.76022338867188,105.6378173828125,163.5753631591797,138.72535705566407,78.24861145019531,18.105281829833986,359.6866149902344,359.6866149902344,359.6866149902344,11.614729881286621,0.7161070108413696,359.4168701171875,0.3766326904296875,343.3088073730469,284.5165710449219,344.6730041503906,356.7892761230469,0.29770588874816897,0.29770588874816897,345.24688720703127,287.5947265625,273.67877197265627,220.3453826904297,207.96929931640626,182.76901245117188,241.7452392578125,257.5966491699219,270.22918701171877,270.22918701171877,270.22918701171877,270.22918701171877,225.4989776611328,198.28378295898438,180.22630310058595,179.2486572265625],"time":54.4375,"mapName":"open1.map","timeDecision":0.0,"timeScan":0.0,"penalty_cost":0.0,"alpha":0.4000000059604645,"beta":0.5,"delta":180,"ip":"","os":"Windows 10  (10.0.0) 64bit"}