{"position":["22,2","22,2","22,2","22,2","22,3","22,6","22,10","21,13","20,17","21,19","20,22","20,22","17,22","12,22","8,22","3,22","3,22","3,20","3,20","2,17","3,13","3,9","2,6","1,3","1,3","5,2","9,2","13,2","18,2","20,2","20,2","22,2","27,2","27,2","28,5","29,8","29,11","28,12","26,12","24,13","24,13","24,13","24,12","24,8","24,8","23,8","23,8","22,5","21,1","21,1","18,2","14,2","9,2","5,2","4,2","3,5","2,8","2,11","3,12","3,14","3,14","6,13","10,13","12,13","13,15","14,18","14,22","14,22","14,22"],"rotationY":[0.0,0.0,0.0,302.2155456542969,345.0438537597656,5.9853434562683109,353.6833190917969,341.31671142578127,352.38616943359377,15.069969177246094,346.86279296875,293.14019775390627,270.7695617675781,269.7305908203125,269.7305908203125,269.7305908203125,211.08151245117188,172.06265258789063,189.88380432128907,168.0123748779297,173.06338500976563,185.98927307128907,197.98806762695313,173.16195678710938,112.41991424560547,97.55703735351563,90.24658966064453,89.24527740478516,89.24527740478516,59.03509521484375,58.4881477355957,89.25062561035156,90.23001098632813,34.842830657958987,18.347551345825197,0.6543459296226502,335.16644287109377,292.9203186035156,282.0008239746094,320.0867614746094,302.7483825683594,242.65234375,196.62396240234376,179.7259979248047,230.42019653320313,276.385986328125,215.43089294433595,197.51402282714845,206.45840454101563,266.95147705078127,275.97869873046877,270.0140380859375,270.0140380859375,270.0140380859375,322.69598388671877,341.871337890625,359.9188537597656,23.648263931274415,355.8252258300781,21.848594665527345,81.87168884277344,95.06805419921875,92.08589935302735,50.322593688964847,19.6032657623291,2.348677158355713,6.400440692901611,54.49824905395508,359.5393981933594],"time":73.6015625,"mapName":"open1.map","timeDecision":0.0,"timeScan":0.0,"penalty_cost":0.0,"alpha":0.0,"beta":0.30000001192092898,"delta":120,"ip":"","os":"Windows 10  (10.0.0) 64bit"}