{"position":["22,2","22,2","22,2","22,2","22,3","22,6","22,11","22,13","22,13","17,13","13,13","8,13","4,13","4,14","2,17","2,20","2,21","4,22","8,22","12,22","17,22","20,22","20,22","20,22","21,24","21,28","21,32","20,34","20,34","16,35","15,35","15,35","10,35","10,35","9,33","9,31","7,30","4,30","3,30","3,31","3,34","3,34","2,38","2,42","2,46","2,51","2,51","5,52","9,52","13,52","18,52","22,52","22,52","22,49","22,45","22,45","22,45","22,41","21,38","20,36","17,35","16,35","16,35","15,36","14,40","14,43","14,43","17,44","19,44","19,44","20,46","21,49","21,50","19,51","16,52","11,52","7,52","4,52","3,50","3,48","3,44","3,39","3,35","2,32","3,30","3,30","7,30","7,30","8,33","9,34","12,34","13,34","13,32"],"rotationY":[0.0,0.0,0.0,301.8506164550781,344.6172790527344,4.342208385467529,1.3126658201217652,328.51580810546877,273.01678466796877,271.0287780761719,270.0555419921875,270.0555419921875,275.0255432128906,326.98736572265627,340.904052734375,359.7900390625,47.610477447509769,77.4697494506836,90.20845794677735,90.20845794677735,90.20845794677735,108.0806884765625,106.57254791259766,46.38642501831055,17.045066833496095,1.137118935585022,358.10528564453127,328.670166015625,271.2006530761719,282.6580505371094,324.470947265625,269.9393310546875,268.9453125,211.21629333496095,180.4218292236328,213.22726440429688,251.64947509765626,270.5342712402344,315.2636413574219,356.5887756347656,23.43072509765625,354.4428405761719,348.80621337890627,0.4806070625782013,0.4806070625782013,0.4806070625782013,59.2067985534668,73.33924102783203,89.24319458007813,90.2371826171875,90.2371826171875,96.20108795166016,156.8346405029297,179.0027313232422,172.88504028320313,124.60125732421875,180.5557861328125,192.56626892089845,205.92178344726563,241.7015380859375,254.46661376953126,228.6226043701172,289.18817138671877,329.5617370605469,341.5226135253906,359.67388916015627,58.797035217285159,74.37593841552735,111.13710021972656,56.4333610534668,23.777137756347658,4.773824691772461,323.38446044921877,288.43829345703127,270.5043029785156,269.31463623046877,270.30865478515627,245.12620544433595,212.0762481689453,179.30833435058595,179.30833435058595,179.30833435058595,187.2808837890625,187.8411102294922,153.41146850585938,93.53392028808594,85.61273956298828,24.927078247070314,24.946205139160158,66.3337173461914,90.18975830078125,138.89195251464845,165.52560424804688],"time":97.734375,"mapName":"open1.map","timeDecision":0.0,"timeScan":0.0,"penalty_cost":0.0,"alpha":0.10000000149011612,"beta":0.10000000149011612,"delta":60,"ip":"","os":"Windows 10  (10.0.0) 64bit"}