{"position":["22,2","22,2","22,2","22,2","22,3","22,6","22,10","22,15","22,19","21,22","21,22","16,23","16,24","14,27"],"rotationY":[0.0,0.0,0.0,301.8460388183594,344.0762634277344,5.127548694610596,0.15096314251422883,0.15096314251422883,350.2109069824219,331.0544128417969,284.35308837890627,281.3564453125,326.1107482910156,345.0290832519531],"time":18.10546875,"mapName":"open1.map","timeDecision":0.0,"timeScan":0.0,"penalty_cost":0.0,"alpha":0.0,"beta":0.10000000149011612,"delta":30,"ip":"","os":"Windows 10  (10.0.0) 64bit"}