{"position":["22,2","22,2","22,2","22,2","22,3","21,7","22,9","22,13","22,18","22,22","22,22","22,22","22,27","22,31","22,33","20,34","16,35","15,37","14,40","14,43","14,43","17,44","19,44","19,44","20,46","20,49","20,51","18,51","15,52","10,52","6,52","3,52","3,51","2,48","2,43","2,39","3,36","3,35","2,31","2,31","5,30","7,29","7,29","8,33","9,34","12,34","13,34","13,34","14,34","14,34","14,34","14,34"],"rotationY":[0.0,0.0,0.0,301.6100769042969,344.4176940917969,357.363037109375,9.402894020080567,0.9990972280502319,-0.0028362597804516556,356.0218811035156,303.6478576660156,357.3670654296875,0.30660030245780947,0.30660030245780947,320.51751708984377,293.077880859375,295.0936584472656,330.9176330566406,345.4624328613281,5.924609184265137,66.92303466796875,78.54830169677735,107.2724380493164,46.995235443115237,13.923707008361817,359.44964599609377,319.6794738769531,287.3710021972656,269.4904479980469,269.4904479980469,269.4904479980469,244.09762573242188,196.44375610351563,182.51675415039063,179.5421905517578,179.5421905517578,155.6718292236328,189.76670837402345,184.77073669433595,124.41610717773438,108.17501068115235,75.51066589355469,16.184139251708986,24.10816192626953,66.84689331054688,87.4332504272461,40.7307243347168,73.8643569946289,122.3480224609375,88.79279327392578,127.73365020751953,183.63333129882813],"time":56.4375,"mapName":"open1.map","timeDecision":0.0,"timeScan":0.0,"penalty_cost":0.0,"alpha":0.0,"beta":0.7000000476837158,"delta":60,"ip":"","os":"Windows 10  (10.0.0) 64bit"}