{"position":["22,2","22,2","22,2","22,2","22,2","22,2","24,2","28,2","31,2","36,2","37,2","38,4","40,4","40,4","40,4","39,3","36,2","32,2","28,2","25,2","24,4","24,4","21,3","18,2","14,2","10,2","5,2","4,2","3,4","3,7","3,12","3,12","6,13","10,13","12,13","13,15","13,17","13,20","14,22","14,26"],"rotationY":[0.0,0.0,0.0,301.3487854003906,2.0542967319488527,62.32183074951172,90.0802230834961,77.16938018798828,90.70425415039063,90.70425415039063,42.74171447753906,51.770606994628909,90.9910659790039,141.6188507080078,202.0944366455078,244.5814666748047,263.4246520996094,269.5493469238281,270.5433349609375,297.3559875488281,328.7546691894531,270.1058654785156,244.6497039794922,259.5997009277344,267.58685302734377,270.6106872558594,270.6106872558594,315.51513671875,345.864013671875,0.5447258353233337,0.5447258353233337,61.56031036376953,73.68489074707031,89.64948272705078,59.53072738647461,28.162822723388673,359.70538330078127,20.671428680419923,5.710099697113037,1.0573543310165406],"time":44.287109375,"mapName":"open1.map","timeDecision":0.0,"timeScan":0.0,"penalty_cost":0.0,"alpha":0.30000001192092898,"beta":0.4000000059604645,"delta":30,"ip":"","os":"Windows 10  (10.0.0) 64bit"}