{"position":["22,2","22,2","22,2","22,2","22,3","22,5","22,8","22,12","22,17","22,21","22,21","18,23","16,23","15,26"],"rotationY":[0.0,0.0,0.0,301.55889892578127,344.3035583496094,19.672405242919923,357.60284423828127,359.61138916015627,359.61138916015627,350.68365478515627,293.186767578125,288.19451904296877,325.9291687011719,343.8334655761719],"time":18.12890625,"mapName":"open1.map","timeDecision":0.0,"timeScan":0.0,"penalty_cost":0.0,"alpha":0.20000000298023225,"beta":0.0,"delta":60,"ip":"","os":"Windows 10  (10.0.0) 64bit"}