{"position":["22,2","22,2","22,2","22,2","22,2","22,2","22,2","22,2","24,2","28,2","32,2","36,2","37,2","38,4","39,4","43,5","44,7","45,10","46,13","46,16","45,17","44,18","44,22","45,25","45,28","45,32","44,34","44,37","43,40","44,41","44,41","44,42","45,45","45,48","44,50","42,50","41,50","38,49","38,49","39,46","38,45","35,44","32,44","27,44","24,44","24,44","24,42","23,43","19,44","16,44","15,44","14,41","14,38","14,37","16,36","19,35","20,33","20,33","20,33","21,30","23,26","24,24","24,24","21,23","18,23","16,23","15,25"],"rotationY":[0.0,0.0,0.0,301.5672912597656,359.6324462890625,300.8577880859375,1.8172638416290284,62.230159759521487,90.88984680175781,79.00225830078125,89.40885925292969,90.83634948730469,41.13618469238281,53.3834114074707,73.76039123535156,71.73774719238281,33.82323455810547,18.894643783569337,0.022871533408761026,342.8253479003906,305.8816223144531,351.6203918457031,3.2387890815734865,17.158266067504884,2.7151949405670168,347.7756652832031,343.2356872558594,344.9393310546875,1.8411357402801514,45.152191162109378,68.24201202392578,14.310247421264649,0.29713600873947146,338.4150695800781,307.54949951171877,268.3621520996094,255.47225952148438,234.59133911132813,174.010498046875,193.29776000976563,234.67572021484376,258.3087463378906,270.208984375,270.208984375,252.31472778320313,197.03341674804688,240.95545959472657,293.4360656738281,284.2517395019531,270.3249816894531,220.62518310546876,195.828125,182.90757751464845,133.09068298339845,108.387451171875,131.92291259765626,125.64752960205078,108.65782165527344,165.16043090820313,146.27920532226563,147.24041748046876,179.05613708496095,235.71409606933595,254.07150268554688,266.9934997558594,308.72857666015627,338.19366455078127],"time":71.5078125,"mapName":"open1.map","timeDecision":0.0,"timeScan":0.0,"penalty_cost":0.0,"alpha":0.30000001192092898,"beta":0.4000000059604645,"delta":60,"ip":"","os":"Windows 10  (10.0.0) 64bit"}