{"position":["22,2","22,2","22,2","22,2","22,2","22,2","25,2","28,2","32,2","36,2","38,2","38,2","38,2","35,2","31,3","30,3","29,5","29,10","28,12","29,14","30,17","32,17","35,18","38,18","38,18","38,18","36,18","32,18","30,18","29,15","28,14","25,13","25,13","25,13","28,13","28,13","28,11","29,7","29,4","30,3","32,3","36,2","38,2","38,2","38,2","35,2","31,2","27,2","24,2","24,3","23,5","23,5","20,2","18,2","14,2","9,2","5,2","4,2","3,5","2,8","2,10","3,12","3,14","3,14","4,13","4,13","6,13","11,13","12,13","13,15","14,18","14,18","14,18","14,20","14,22","14,26"],"rotationY":[0.0,0.0,0.0,302.0218505859375,4.947387218475342,65.46076965332031,90.25262451171875,78.38488006591797,90.6141357421875,90.6141357421875,52.811641693115237,352.6594543457031,292.1393127441406,270.32086181640627,281.63824462890627,325.61090087890627,351.6719970703125,345.4598388671875,349.1888122558594,23.657880783081056,40.567359924316409,77.8987045288086,89.8742446899414,112.92145538330078,173.7608184814453,234.2630615234375,268.6875305175781,270.6985168457031,229.37982177734376,210.0778045654297,251.89822387695313,229.98487854003907,169.49501037597657,109.05368041992188,105.9007797241211,163.15460205078126,165.37576293945313,177.30856323242188,154.44126892089845,112.00637817382813,103.1463394165039,94.1853256225586,62.352081298828128,1.5554306507110596,301.0530700683594,272.96405029296877,269.968017578125,269.968017578125,296.8672790527344,343.387451171875,303.6714172363281,243.422607421875,233.95217895507813,266.7824401855469,268.76177978515627,269.744384765625,270.7255859375,322.41363525390627,341.7042236328125,359.8294677734375,24.05885887145996,357.7605285644531,22.208568572998048,83.04436492919922,62.75407791137695,71.30718231201172,94.13658142089844,93.12992095947266,45.97467803955078,18.703392028808595,39.73301696777344,59.111572265625,358.7474365234375,4.9212327003479,2.68558931350708,1.6973060369491578],"time":80.6328125,"mapName":"open1.map","timeDecision":0.0,"timeScan":0.0,"penalty_cost":0.0,"alpha":0.9000000953674316,"beta":0.0,"delta":180,"ip":"","os":"Windows 10  (10.0.0) 64bit"}