{"position":["22,2","22,2","22,2","22,2","22,3","22,6","22,11","22,15","22,20","22,22","21,22","17,23","15,23","14,21","13,19","13,14","13,13","12,13","7,13","3,13","3,13","2,17","2,20","3,22","3,22","7,22","7,22","8,26","7,27","6,28","3,28","3,28","3,28","3,29","2,32","3,33","5,34","8,35","12,35","17,35","19,35","20,37","20,37","23,36","26,35","31,35","35,35","37,35","38,37","39,40","38,43","38,43","34,44","30,44","26,44","24,44","24,44","21,44","16,44","16,44","15,41","14,37","13,36","14,33"],"rotationY":[0.0,0.0,0.0,303.2261047363281,345.3221435546875,3.723196029663086,1.279685378074646,1.279685378074646,359.25726318359377,327.1827392578125,286.8820495605469,271.77447509765627,239.97311401367188,209.3662567138672,179.99644470214845,179.99644470214845,222.7427215576172,270.5177307128906,270.5177307128906,273.47601318359377,334.2637023925781,345.5263977050781,1.6210424900054932,30.180267333984376,89.88219451904297,81.64795684814453,20.98744010925293,11.165640830993653,331.98895263671877,292.6068115234375,270.48529052734377,235.69512939453126,296.58477783203127,343.5565490722656,6.451139450073242,44.670799255371097,71.94319152832031,90.351806640625,90.351806640625,90.351806640625,53.48979187011719,43.07550048828125,103.91158294677735,105.19749450683594,91.96522521972656,89.929443359375,89.929443359375,49.93400955200195,19.567581176757814,0.718458354473114,343.47015380859377,285.4392395019531,273.5111083984375,269.5295715332031,269.5295715332031,228.5492401123047,250.1348114013672,269.0999755859375,270.1047668457031,215.40850830078126,194.2288818359375,198.90087890625,183.89308166503907,173.0760498046875],"time":68.546875,"mapName":"open1.map","timeDecision":0.0,"timeScan":0.0,"penalty_cost":0.0,"alpha":0.30000001192092898,"beta":0.10000000149011612,"delta":180,"ip":"","os":"Windows 10  (10.0.0) 64bit"}