{"position":["22,2","22,2","22,2","22,2","22,3","22,5","22,8","22,12","22,17","22,21","23,25","24,29","24,31","24,33","24,34","27,35","31,35","35,35","38,35","38,35","39,35","43,36","45,37","45,39","45,42","43,46","42,50","42,50","38,51","38,51","38,51","39,49","39,47","38,45","36,45","36,45","34,45","30,45","28,45","24,44","24,44","19,44","16,44","15,43","14,39","14,36","14,32"],"rotationY":[0.0,0.0,0.0,302.68951416015627,344.7073974609375,21.237451553344728,357.96002197265627,358.9540100097656,359.947998046875,359.947998046875,17.13642120361328,15.196599006652832,342.25787353515627,8.127543449401856,62.94670867919922,71.8927230834961,89.8187255859375,90.81291961669922,66.63603973388672,54.95698547363281,77.26119995117188,72.28445434570313,38.12874221801758,2.289795398712158,343.39398193359377,341.4059143066406,335.2294921875,283.914794921875,274.8811340332031,213.6171112060547,152.84706115722657,165.9391326904297,187.8025360107422,225.07444763183595,261.20074462890627,290.98095703125,267.8113708496094,274.9775390625,252.6900634765625,265.6061706542969,272.3871765136719,271.3811340332031,250.56451416015626,210.90306091308595,197.91159057617188,180.53634643554688,179.54559326171876],"time":51.375,"mapName":"open1.map","timeDecision":0.0,"timeScan":0.0,"penalty_cost":0.0,"alpha":0.0,"beta":0.0,"delta":180,"ip":"","os":"Windows 10  (10.0.0) 64bit"}