{"position":["22,2","22,2","22,2","22,2","22,3","22,6","22,11","22,13","22,13","17,13","16,13","15,15","13,19","13,21","11,22","7,22","3,22","3,22","3,22","3,22","2,19","2,15","3,15","5,14","9,14","13,14","13,14","13,14","13,14","14,18","14,22","14,22","14,22","14,26"],"rotationY":[0.0,0.0,0.0,301.486328125,344.1789855957031,4.3550591468811039,2.090608596801758,330.2301330566406,273.3531494140625,271.36993408203127,314.1560974121094,342.3372802734375,342.3372802734375,302.6180419921875,271.2186279296875,270.2095947265625,284.0791015625,316.71051025390627,256.4007873535156,196.23416137695313,183.299072265625,170.37197875976563,121.23998260498047,89.4370346069336,89.4370346069336,78.50249481201172,39.99617385864258,78.75069427490235,18.0871524810791,6.216395378112793,1.9139692783355713,60.58782196044922,3.940589427947998,359.1999206542969],"time":38.2490234375,"mapName":"open1.map","timeDecision":0.0,"timeScan":0.0,"penalty_cost":0.0,"alpha":0.20000000298023225,"beta":0.30000001192092898,"delta":30,"ip":"","os":"Windows 10  (10.0.0) 64bit"}