{"position":["22,2","22,2","22,2","22,2","22,3","22,6","22,11","22,15","22,20","22,23","22,23","19,23","19,23","18,23","15,23","14,21","13,19","13,15","13,14","13,14","13,14","10,13","7,13","3,13","3,13","2,16","2,20","3,22","3,22","7,23","7,23","7,27","7,32","7,34","6,34","3,35","3,37","2,41","2,44","2,48","3,51","4,51","8,52","12,52","17,52","21,52","23,52","23,51","23,48","21,44","20,40","20,36","21,33","23,31","23,30","22,27","22,23","23,20","24,16","24,14","24,14","23,14","19,13","16,13","15,14","14,18","13,21","13,21","13,21","13,21","15,22","15,23"],"rotationY":[0.0,0.0,0.0,303.3327331542969,346.0154724121094,3.0655224323272707,0.07094306498765946,0.07094306498765946,0.07094306498765946,338.9039611816406,278.2726745605469,293.3746643066406,310.1734619140625,270.92816162109377,246.81893920898438,212.21255493164063,186.09744262695313,179.87611389160157,130.014892578125,169.563232421875,230.368896484375,252.6120147705078,268.50335693359377,280.4471130371094,341.2822570800781,353.67498779296877,8.589951515197754,39.33723831176758,77.75883483886719,65.34928131103516,13.138964653015137,359.1974182128906,359.1974182128906,329.35955810546877,286.66754150390627,314.82952880859377,347.6940612792969,345.9266662597656,3.051219940185547,16.53519058227539,36.38710403442383,77.84040069580078,87.48587799072266,91.44742584228516,87.37263488769531,89.3818130493164,129.0091094970703,180.47889709472657,193.20745849609376,198.32571411132813,196.2085723876953,178.2106170654297,160.5376739501953,135.5272979736328,176.27198791503907,195.69174194335938,183.7586212158203,162.2766571044922,166.22393798828126,165.3715362548828,213.99588012695313,253.51190185546876,261.4430236816406,288.2251892089844,330.0363464355469,341.07122802734377,355.3576354980469,25.269227981567384,357.2734680175781,57.53962326049805,31.03778076171875,349.7113952636719],"time":77.0,"mapName":"open1.map","timeDecision":0.0,"timeScan":0.0,"penalty_cost":0.0,"alpha":0.0,"beta":0.6000000238418579,"delta":180,"ip":"","os":"Windows 10  (10.0.0) 64bit"}