{"position":["22,2","22,2","22,2","22,2","22,3","22,6","22,10","22,14","20,18","20,21","20,22","21,24","22,26","22,30","22,33","20,37","20,39","20,39","20,43","20,48","20,51","20,51","16,52","12,52","7,52","4,52","3,51","2,47","2,44","2,40","2,37","3,36","2,32","2,31","4,30","7,30","7,30","8,33","10,34","12,34","13,34","13,34","17,35","20,35","24,34","27,34","30,35","34,36","38,36","38,36","38,36","39,37","42,39","45,40","45,40","44,44","44,48","44,50","42,50","40,51","40,50","39,47","39,45","37,44","33,44","29,44","24,44","21,44","21,44","20,44","16,44","16,43","14,40","14,37","14,36","14,36","14,32"],"rotationY":[0.0,0.0,0.0,302.005126953125,344.8703308105469,5.860281467437744,359.7794189453125,342.8388366699219,341.8410339355469,359.8205261230469,13.82795524597168,39.911720275878909,8.79044246673584,359.9598388671875,342.09063720703127,342.09063720703127,23.820707321166993,6.587123870849609,2.448293924331665,359.449951171875,342.5877990722656,286.76104736328127,277.8150634765625,269.8699951171875,269.8699951171875,252.00083923339845,210.9865264892578,198.06857299804688,180.03411865234376,179.0753173828125,157.76510620117188,184.95706176757813,190.8301544189453,141.5771942138672,110.78943634033203,89.6404037475586,28.753557205200197,26.398347854614259,57.293033599853519,90.39017486572266,133.10218811035157,83.7611083984375,80.74378967285156,101.85099029541016,105.35940551757813,89.12035369873047,74.1795425415039,82.10363006591797,84.44204711914063,44.33665084838867,80.94719696044922,50.9765510559082,66.88109588623047,56.808597564697269,356.1051940917969,354.8963623046875,359.8790283203125,325.08892822265627,287.1331787109375,253.07766723632813,200.77786254882813,188.21054077148438,223.19012451171876,253.4972686767578,269.7481994628906,269.7481994628906,269.7481994628906,288.78582763671877,313.84991455078127,272.2960205078125,258.73675537109377,211.511474609375,198.5380859375,180.39859008789063,129.4832305908203,171.1180419921875,178.3297882080078],"time":81.7109375,"mapName":"open1.map","timeDecision":0.0,"timeScan":0.0,"penalty_cost":0.0,"alpha":0.0,"beta":0.20000000298023225,"delta":120,"ip":"","os":"Windows 10  (10.0.0) 64bit"}