{"position":["22,2","22,2","22,2","22,2","22,2","22,2","24,2","28,2","31,2","36,2","38,2","38,2","40,2","45,2","46,3","46,3","45,7","45,11","45,15","44,17","44,18","45,21","45,25","45,29","45,33","44,33","43,34","43,34","44,34","44,34","44,37","44,41","44,42","44,42","44,46","44,49","43,51","41,51","38,51","38,51","39,48","39,46","37,45","34,44","31,44","26,44","24,44","24,43","23,40","22,40","22,41","20,43","16,44","16,44","15,42","15,39","15,36","15,36","14,34"],"rotationY":[0.0,0.0,0.0,301.7215881347656,2.39274001121521,62.795066833496097,90.71053314208985,75.78345489501953,89.25114440917969,90.2618637084961,55.22344970703125,62.58768081665039,89.59171295166016,90.5895767211914,48.257755279541019,348.1335754394531,349.1560363769531,0.055276598781347278,0.055276598781347278,326.2592468261719,356.0300598144531,13.950349807739258,4.010487079620361,0.02882109396159649,349.08319091796877,301.90863037109377,344.715087890625,45.20471954345703,80.19039154052735,20.178245544433595,357.6335144042969,357.6335144042969,52.264156341552737,4.433320045471191,1.0013200044631959,337.146240234375,305.62811279296877,274.042236328125,249.18032836914063,188.5296173095703,168.90879821777345,202.89584350585938,238.35525512695313,252.4212646484375,270.154296875,270.154296875,239.33245849609376,196.9931640625,227.0475616455078,270.5345764160156,321.876708984375,297.0302429199219,288.04315185546877,230.43243408203126,199.33114624023438,179.66390991210938,158.81248474121095,167.67178344726563,188.3079833984375],"time":63.41796875,"mapName":"open1.map","timeDecision":0.0,"timeScan":0.0,"penalty_cost":0.0,"alpha":0.6000000238418579,"beta":0.0,"delta":60,"ip":"","os":"Windows 10  (10.0.0) 64bit"}