{"position":["22,2","22,2","22,2","22,2","22,3","22,7","22,11","22,13","22,13","17,13","13,13","8,13","4,13","3,13","3,13","3,12","2,9","2,5","2,3","4,3","7,2","12,2","15,2","19,3","23,3","28,3","28,3","28,3","31,2","35,2","38,2","38,2","38,2","42,4","44,5","44,6","45,10","45,15","45,16","43,17","40,18","35,18","31,18","30,18","29,15","29,14","25,13","24,13","24,15","22,19","21,22","20,22","16,23","15,24"],"rotationY":[0.0,0.0,0.0,301.8821105957031,345.107421875,3.8153228759765627,359.69287109375,327.22210693359377,272.8121643066406,270.7750549316406,269.7810974121094,269.7810974121094,269.7810974121094,309.59246826171877,248.9866485595703,196.31690979003907,182.40093994140626,180.54747009277345,140.76007080078126,106.92264556884766,92.04936218261719,90.06119537353516,76.93362426757813,88.10340881347656,90.0915756225586,90.0915756225586,33.28826904296875,85.1700439453125,103.81670379638672,94.90180969238281,73.25401306152344,52.44657897949219,78.84502410888672,65.89142608642578,38.06712341308594,11.740090370178223,3.743539571762085,359.7698669433594,315.69140625,288.74365234375,269.395263671875,269.395263671875,269.395263671875,217.309814453125,197.25936889648438,248.90248107910157,255.379150390625,302.50469970703127,342.9322814941406,340.8733215332031,324.8979187011719,283.163818359375,288.1417541503906,326.513427734375],"time":58.4921875,"mapName":"open1.map","timeDecision":0.0,"timeScan":0.0,"penalty_cost":0.0,"alpha":0.0,"beta":0.10000000149011612,"delta":180,"ip":"","os":"Windows 10  (10.0.0) 64bit"}