{"position":["22,2","22,2","22,2","22,2","22,2","22,2","25,2","27,2","28,4","29,7","29,11","29,15","29,17","31,17","34,18","38,18","38,18","38,21","38,22","39,22","43,23","44,24","45,27","45,30","45,34","45,34","45,35","45,38","46,42","46,46","45,49","45,50","41,51","41,51","41,50","41,46","41,46","37,45","33,44","29,44","25,44","25,45","24,46","24,46","22,45","18,44","16,44","15,42","14,39","14,35"],"rotationY":[0.0,0.0,0.0,301.5780334472656,2.645890235900879,63.65230178833008,90.58631896972656,61.71986389160156,30.298498153686525,13.42193603515625,1.669925332069397,359.8883056640625,39.013343811035159,72.45642852783203,88.34137725830078,77.45561981201172,18.36498260498047,352.50286865234377,26.328184127807618,72.54289245605469,79.50096130371094,33.27006149291992,18.37143898010254,0.4856225550174713,347.5706787109375,311.353759765625,357.6816101074219,13.581315040588379,7.665915012359619,359.71392822265627,342.8158874511719,290.1337890625,285.53875732421877,224.7880859375,182.99427795410157,191.9390869140625,252.8885498046875,252.8885498046875,268.79193115234377,269.7747802734375,281.6921081542969,328.2931823730469,284.5690612792969,227.28497314453126,256.17303466796877,267.12060546875,233.34466552734376,200.9050750732422,183.1630859375,180.42066955566407],"time":54.35546875,"mapName":"open1.map","timeDecision":0.0,"timeScan":0.0,"penalty_cost":0.0,"alpha":0.20000000298023225,"beta":0.6000000238418579,"delta":60,"ip":"","os":"Windows 10  (10.0.0) 64bit"}