{"position":["22,2","22,2","22,2","22,2","22,3","22,5","22,8","22,13","22,17","22,21","22,21","18,23","16,23","15,26"],"rotationY":[0.0,0.0,0.0,301.58258056640627,344.9253234863281,17.930213928222658,357.59326171875,359.60125732421877,359.60125732421877,350.6363830566406,292.7088928222656,288.6229553222656,325.60833740234377,343.5589904785156],"time":18.171875,"mapName":"open1.map","timeDecision":0.0,"timeScan":0.0,"penalty_cost":0.0,"alpha":0.0,"beta":0.6000000238418579,"delta":120,"ip":"","os":"Windows 10  (10.0.0) 64bit"}