{"position":["22,2","22,2","22,2","22,2","22,2","22,2","24,2","28,3","28,3","28,3","31,2","35,2","38,2","38,2","39,2","44,2","45,2","45,3","45,8","45,12","45,15","44,17","44,20","45,24","45,28","45,33","45,34","45,34","45,37","45,42","45,46","45,50","45,50","41,51","41,51","39,48","38,46","38,45","35,44","32,44","27,44","25,44","24,46","24,48","24,48","24,49","22,51","20,52","16,52","12,52","7,52","3,52","1,52","1,51","1,48","3,43","2,41","2,39","3,36","3,36","6,35","10,35","13,35","13,35","15,35","19,35","22,34","24,34","28,35","32,35","36,35","38,35","40,35","44,35","44,35","45,32","45,27","45,25","43,24","40,23","36,23","32,23","27,23","24,23","24,23","23,23","18,23","16,23","15,25"],"rotationY":[0.0,0.0,0.0,301.5289001464844,2.4057681560516359,63.091331481933597,90.7527084350586,77.3764419555664,19.045251846313478,79.83210754394531,100.45044708251953,92.75757598876953,72.17031860351563,47.92183303833008,87.39521026611328,90.37713623046875,43.65907287597656,359.43804931640627,359.43804931640627,359.43804931640627,337.56976318359377,352.4047546386719,13.267029762268067,3.3270299434661867,0.3445955216884613,0.3445955216884613,318.5966491699219,341.9517822265625,357.3477783203125,0.3297547996044159,0.3297547996044159,349.39703369140627,289.33673095703127,277.84149169921877,221.04429626464845,208.63560485839845,181.42922973632813,233.624755859375,252.557373046875,269.4703674316406,270.4925231933594,304.5928649902344,333.95562744140627,356.3155517578125,306.00592041015627,342.1811828613281,313.8526611328125,279.5293884277344,271.6500244140625,269.47332763671877,269.47332763671877,269.47332763671877,227.60569763183595,178.99659729003907,165.06983947753907,162.06674194335938,189.94931030273438,183.9942169189453,160.13607788085938,102.8932113647461,102.82640075683594,89.90560913085938,67.07552337646485,50.733421325683597,87.26930236816406,90.2335433959961,107.14656066894531,72.38951110839844,82.35753631591797,89.29105377197266,90.25614929199219,61.50558090209961,90.04035949707031,102.95440673828125,163.49493408203126,175.41249084472657,180.04107666015626,210.8218231201172,241.39144897460938,260.41534423828127,270.174560546875,270.174560546875,270.174560546875,250.29736328125,227.52503967285157,269.8791198730469,269.8791198730469,302.649169921875,333.16729736328127],"time":93.609375,"mapName":"open1.map","timeDecision":0.0,"timeScan":0.0,"penalty_cost":0.0,"alpha":0.20000000298023225,"beta":0.5,"delta":60,"ip":"","os":"Windows 10  (10.0.0) 64bit"}