{"position":["22,2","22,2","22,2","22,2","22,3","22,6","22,11","22,13","22,13","17,13","15,13","15,13","11,13","6,13","3,13","3,13","3,13","2,11","2,7","2,4","3,3","6,2","10,2","14,2","19,2","23,2","28,2","28,2","29,5","29,9","29,11","27,12","25,12","24,12","24,12","24,12","23,16","23,19","22,21","19,22","16,23","12,23","9,23","9,23","6,23","4,23","3,25","3,28","3,28","3,29","2,32","3,34","2,38","2,41","2,46","2,49","3,51","6,52","9,52","14,52","18,52","19,52","21,52","24,52","24,52","24,52","23,52","22,52","22,50","22,47","21,46","18,45","15,44","15,44","14,41","14,37","14,36","14,36","14,33"],"rotationY":[0.0,0.0,0.0,301.1373291015625,344.8307800292969,3.1285040378570558,1.1404081583023072,328.3395080566406,272.9949951171875,271.01641845703127,302.8284912109375,274.064453125,270.16925048828127,269.17523193359377,286.7291564941406,285.05255126953127,224.27191162109376,196.3583526611328,180.46070861816407,162.6133575439453,117.88195037841797,106.18901824951172,90.33142852783203,88.36206817626953,89.54254913330078,90.50565338134766,90.50565338134766,32.49239730834961,6.486600399017334,0.2505086064338684,329.4031982421875,298.987060546875,269.904541015625,222.11416625976563,282.7060241699219,342.1807556152344,350.0060119628906,350.4413757324219,320.482421875,293.40545654296877,279.3980407714844,269.9744567871094,288.82470703125,284.9603271484375,269.7508850097656,309.52490234375,341.261474609375,1.3288159370422364,35.14060592651367,348.370361328125,9.28216552734375,359.4969482421875,352.3978271484375,359.4730529785156,0.4589788317680359,23.28809356689453,54.09178924560547,77.9835205078125,89.91152954101563,89.91152954101563,89.91152954101563,129.9217987060547,91.70206451416016,75.79808807373047,15.088846206665039,314.414794921875,269.53839111328127,216.783447265625,181.7559814453125,190.6409454345703,231.1075897216797,251.09130859375,270.100341796875,213.03298950195313,191.42184448242188,180.3972930908203,136.13726806640626,164.34901428222657,177.61550903320313],"time":83.71875,"mapName":"open1.map","timeDecision":0.0,"timeScan":0.0,"penalty_cost":0.0,"alpha":0.20000000298023225,"beta":0.4000000059604645,"delta":180,"ip":"","os":"Windows 10  (10.0.0) 64bit"}