{"position":["22,2","22,2","22,2","22,2","22,3","22,6","22,11","22,15","22,19","21,22","20,24","19,24","16,23","15,24"],"rotationY":[0.0,0.0,0.0,301.26214599609377,344.15313720703127,3.642791748046875,0.3514670729637146,0.3514670729637146,348.592529296875,334.9014892578125,298.5252380371094,258.32318115234377,283.24017333984377,327.2449645996094],"time":18.1484375,"mapName":"open1.map","timeDecision":0.0,"timeScan":0.0,"penalty_cost":0.0,"alpha":0.10000000149011612,"beta":0.10000000149011612,"delta":120,"ip":"","os":"Windows 10  (10.0.0) 64bit"}