{"position":["22,2","22,2","22,2","22,2","22,2","22,2","25,2","28,2","32,2","36,2","38,2","38,2","41,2","45,2","46,3","46,3","45,7","45,11","45,16","45,17","45,17","45,20","45,25","45,29","45,33","44,34","43,34","43,34","44,34","44,34","45,38","45,42","46,45","46,49","46,51","45,51","41,51","39,51","39,51","39,46","39,45","36,44","33,44","28,44","24,44","24,44","23,40","22,40","22,40","20,43","18,45","16,45","14,44","14,43","14,39","14,34"],"rotationY":[0.0,0.0,0.0,301.822021484375,3.8301379680633547,64.01084899902344,90.26415252685547,77.32017517089844,90.1556167602539,90.1556167602539,53.39551544189453,66.43243408203125,89.91563415527344,85.95775604248047,43.448974609375,346.9826965332031,356.3082580566406,0.300740122795105,0.300740122795105,313.9952087402344,346.1009216308594,359.61614990234377,0.6245542764663696,0.6245542764663696,346.5575866699219,300.8569030761719,346.41595458984377,46.94999313354492,78.02548217773438,17.485506057739259,13.527957916259766,359.5406494140625,11.463982582092286,0.4929713010787964,324.70904541015627,272.2646789550781,270.3138427734375,235.55386352539063,182.14724731445313,181.06126403808595,228.39476013183595,252.7621612548828,269.86810302734377,269.86810302734377,267.888916015625,207.6561279296875,196.47488403320313,248.70596313476563,308.82763671875,318.78961181640627,293.93280029296877,258.344970703125,227.53099060058595,182.2625732421875,180.27444458007813,180.27444458007813],"time":60.5,"mapName":"open1.map","timeDecision":0.0,"timeScan":0.0,"penalty_cost":0.0,"alpha":0.6000000238418579,"beta":0.20000000298023225,"delta":180,"ip":"","os":"Windows 10  (10.0.0) 64bit"}