{"position":["22,2","22,2","22,2","22,2","22,3","21,7","22,9","22,13","22,18","22,22","22,22","22,22","22,27","22,31","22,33","20,34","17,34","15,34","15,34","11,35","7,35","4,35","4,35","4,35","3,37","2,40","2,45","2,49","2,50","4,51","8,52","12,52","17,52","21,52","22,52","22,50","22,46","22,41","22,38","21,36","19,36","16,35","16,35","16,35","15,37","14,40","14,43","14,43","18,44","19,44","19,44","20,47","21,49","20,51","18,52","15,52","10,52","6,52","3,52","3,51","2,48","2,43","2,39","3,36","2,34","3,30","4,30","6,30","6,30","8,33","8,34","11,35","13,35","15,35","15,35","15,35","15,32"],"rotationY":[0.0,0.0,0.0,301.75592041015627,344.6947021484375,356.8623046875,9.85368537902832,0.9695024490356445,-0.0020176260732114317,355.0482482910156,304.50567626953127,356.8399658203125,0.7838825583457947,0.7838825583457947,321.0188293457031,292.9212341308594,270.0592346191406,233.12705993652345,276.1959228515625,280.3329162597656,269.8092956542969,251.844970703125,251.4039306640625,311.55615234375,342.1718444824219,0.06381748616695404,0.06381748616695404,0.06381748616695404,50.777530670166019,72.21481323242188,89.14002227783203,90.11431121826172,90.11431121826172,90.11431121826172,141.83181762695313,177.53306579589845,179.54281616210938,179.54281616210938,197.5403289794922,231.77377319335938,256.5939025878906,231.74388122558595,251.03466796875,311.3352966308594,339.7738342285156,357.38189697265627,18.84331512451172,73.01841735839844,84.90605926513672,95.80345153808594,35.45085144042969,19.034292221069337,345.22576904296877,314.7247619628906,285.3681640625,270.49017333984377,269.4961853027344,269.4961853027344,241.63304138183595,196.32095336914063,182.4052734375,180.4253692626953,172.43499755859376,168.57164001464845,184.65855407714845,166.56112670898438,116.9731674194336,89.11225891113281,34.278560638427737,18.348892211914064,66.05461883544922,74.77116394042969,113.54737091064453,92.4188461303711,144.1818389892578,197.74835205078126,190.78424072265626],"time":81.58203125,"mapName":"open1.map","timeDecision":0.0,"timeScan":0.0,"penalty_cost":0.0,"alpha":0.10000000149011612,"beta":0.0,"delta":60,"ip":"","os":"Windows 10  (10.0.0) 64bit"}