{"position":["22,2","22,2","22,2","22,2","22,2","22,2","25,2","28,2","31,2","36,2","38,2","38,2","38,2","35,2","31,3","30,3","29,6","29,9","28,12","28,13","29,17","29,17","33,18","37,18","37,18","37,18","37,18","33,18","29,18","29,18","28,14","27,14","24,14","24,14","24,14","25,14","27,14","28,12","29,9","29,5","28,3","28,3","30,3","33,2","37,2","37,2","37,2","36,2","31,2","27,2","24,2","24,2","24,2","25,2","29,3","29,3","29,7","29,10","28,12","29,16","30,17","33,18","37,18","38,18","38,18","38,18","34,18","30,18","29,18","28,15","28,14","27,14","27,14","24,13","21,13","16,13","12,13","7,13","4,13","3,15","3,17","3,21","3,23","4,23","8,23","11,23","12,22","13,21","13,21","14,22","15,22","14,24"],"rotationY":[0.0,0.0,0.0,302.6455078125,3.0070908069610597,63.75634765625,90.35598754882813,73.35503387451172,90.4133529663086,90.4133529663086,58.556087493896487,358.0203552246094,297.5503845214844,271.5797119140625,280.727783203125,323.98529052734377,343.9598083496094,359.17108154296877,336.9210205078125,9.954813957214356,12.93694019317627,72.44161224365235,80.39359283447266,90.19893646240235,35.05828857421875,334.9267578125,274.3935546875,270.0270690917969,257.7232971191406,196.82620239257813,205.7724151611328,257.8088073730469,258.5909423828125,197.8417205810547,137.15264892578126,91.21992492675781,129.63287353515626,159.69898986816407,173.8153533935547,188.75096130371095,200.1751708984375,139.6329803466797,102.58446502685547,89.69243621826172,76.77044677734375,16.1092586517334,315.4330749511719,271.5548095703125,270.5149230957031,269.4969482421875,242.75621032714845,182.64968872070313,122.37551879882813,76.7229232788086,66.80706787109375,6.410840034484863,1.3970328569412232,342.2132263183594,10.299654006958008,25.513769149780275,65.5743179321289,78.52313232421875,90.46395874023438,41.429866790771487,340.7606201171875,279.78228759765627,269.94775390625,269.94775390625,214.75497436523438,197.37771606445313,246.11607360839845,212.15663146972657,232.931396484375,256.9215393066406,269.8435363769531,270.86309814453127,270.86309814453127,270.86309814453127,294.072509765625,326.2667541503906,359.2613830566406,359.943359375,33.6635856628418,87.34345245361328,89.38167572021485,111.99314880371094,148.65916442871095,105.1319808959961,55.56271743774414,84.8945541381836,30.492477416992189,351.7304382324219],"time":96.8046875,"mapName":"open1.map","timeDecision":0.0,"timeScan":0.0,"penalty_cost":0.0,"alpha":0.9000000953674316,"beta":0.0,"delta":120,"ip":"","os":"Windows 10  (10.0.0) 64bit"}