{"position":["22,2","22,2","22,2","22,2","22,3","22,6","22,10","21,13","21,13","16,13","16,13","15,15","15,18","14,21","14,25"],"rotationY":[0.0,0.0,0.0,301.7098388671875,344.4406433105469,4.004363536834717,350.0568542480469,329.0132751464844,274.5740661621094,270.5981140136719,325.26239013671877,358.0252380371094,339.3197326660156,356.20263671875,0.17897848784923554],"time":19.13671875,"mapName":"open1.map","timeDecision":0.0,"timeScan":0.0,"penalty_cost":0.0,"alpha":0.20000000298023225,"beta":0.30000001192092898,"delta":60,"ip":"","os":"Windows 10  (10.0.0) 64bit"}