{"position":["22,2","22,2","22,2","22,2","22,2","22,2","24,2","27,2","28,4","28,6","28,6","28,7","29,11","29,15","29,17","31,17","34,18","37,18","38,20","38,22","38,22","42,23","44,23","44,23","45,27","45,31","45,35","45,40","45,44","45,49","45,51","44,51","40,51","38,51","38,51","38,50","38,47","38,45","36,45","33,44","29,44","24,44","24,44","24,44","24,44","23,48","23,51","23,51","19,52","16,52","11,52","7,52","3,52","3,52","2,51","2,50","2,47","2,42","2,39","3,36","3,36","3,36","2,32","2,28","2,26","3,24","4,24","7,23","7,23","10,23","12,23","12,23","12,23","13,25"],"rotationY":[0.0,0.0,0.0,301.7418518066406,2.254875898361206,62.39114761352539,90.57881164550781,62.71958541870117,30.871366500854493,2.1550445556640627,60.42411804199219,14.78532600402832,4.566438674926758,0.05108435079455376,36.26570510864258,73.48304748535156,88.4442138671875,66.4991226196289,33.59503936767578,359.7197265625,60.14003372192383,73.21073913574219,76.12055969238281,17.536701202392579,7.596667289733887,0.032268576323986056,358.99847412109377,0.009347319602966309,0.009347319602966309,0.009347319602966309,325.6790466308594,272.42120361328127,270.4329528808594,235.87628173828126,174.99851989746095,202.4418182373047,181.07473754882813,214.87921142578126,254.82534790039063,270.8517150878906,270.8517150878906,269.8451843261719,211.34461975097657,272.2884521484375,333.1747741699219,344.17431640625,353.6993713378906,293.0768127441406,285.761962890625,268.927490234375,268.927490234375,268.927490234375,259.0145568847656,198.0253143310547,240.78457641601563,194.03829956054688,179.79519653320313,179.79519653320313,162.31275939941407,138.01510620117188,124.09346008300781,184.44073486328126,187.68426513671876,180.66061401367188,155.64488220214845,119.30989837646485,102.09159851074219,72.58228302001953,76.24972534179688,91.02119445800781,129.478271484375,112.30457305908203,51.43968963623047,19.796932220458986],"time":78.703125,"mapName":"open1.map","timeDecision":0.0,"timeScan":0.0,"penalty_cost":0.0,"alpha":0.30000001192092898,"beta":0.5,"delta":180,"ip":"","os":"Windows 10  (10.0.0) 64bit"}