{"position":["22,2","22,2","22,2","22,2","20,2","15,2","11,2","6,2","3,2","3,3","2,6","2,9","3,12","3,12","3,12","2,16","2,20","2,25","2,28","2,28","2,29","2,32","3,34","5,34","8,34","12,34","13,34"],"rotationY":[0.0,0.0,0.0,298.8628234863281,269.88372802734377,268.889892578125,268.889892578125,269.8838806152344,291.7518310546875,342.6456298828125,357.5758056640625,13.712966918945313,37.377685546875,49.37010192871094,349.15985107421877,355.1437072753906,359.1103515625,0.1297958642244339,18.064908981323243,44.46706008911133,1.7737889289855958,20.66691017150879,58.411197662353519,95.18846130371094,96.0848388671875,89.52391815185547,144.2293701171875],"time":31.2421875,"mapName":"open1.map","timeDecision":0.0,"timeScan":0.0,"penalty_cost":0.0,"alpha":0.4000000059604645,"beta":0.10000000149011612,"delta":120,"ip":"","os":"Windows 10  (10.0.0) 64bit"}