{"position":["22,2","22,2","22,2","22,2","22,3","21,7","21,10","20,12","18,13","14,13","10,13","5,13","4,13","3,15","3,18","3,22","3,22","3,24","2,26","3,28","2,32","2,36","2,41","2,46","2,49","3,51","5,52","9,52","13,52","18,52","19,52","19,52","19,52","20,49","21,47","21,46","18,44","13,43","13,43","14,40","14,36","14,36","11,35","10,35","8,32","8,29","8,24","8,24","11,23","12,23","13,25"],"rotationY":[0.0,0.0,0.0,302.9755554199219,344.0821838378906,358.23370361328127,342.55596923828127,311.7151184082031,281.65106201171877,269.718505859375,269.718505859375,269.718505859375,316.4327392578125,346.63629150390627,0.9712036848068237,15.864934921264649,20.56581687927246,348.23638916015627,19.05048370361328,349.2117919921875,352.1878967285156,0.15958911180496217,0.15958911180496217,0.15958911180496217,17.06902503967285,48.18209457397461,78.61705017089844,89.71508026123047,89.71508026123047,90.72929382324219,137.71554565429688,103.6388931274414,139.26174926757813,161.73805236816407,191.2637481689453,234.08154296875,251.4793701171875,251.4793701171875,193.79861450195313,167.95045471191407,174.4110870361328,232.240234375,254.8590545654297,212.5386962890625,198.6270294189453,179.6155548095703,179.6155548095703,121.25275421142578,106.04862213134766,54.17642593383789,23.516860961914064],"time":55.5078125,"mapName":"open1.map","timeDecision":0.0,"timeScan":0.0,"penalty_cost":0.0,"alpha":0.10000000149011612,"beta":0.6000000238418579,"delta":120,"ip":"","os":"Windows 10  (10.0.0) 64bit"}