{"position":["22,2","22,2","22,2","22,2","22,2","22,2","25,2","28,2","31,2","36,2","37,2","38,4","39,4","41,3","42,4","44,5","45,8","45,12","45,16","45,17","45,17","45,21","45,25","45,30","45,34","45,37","45,37","42,37","41,36","38,35","34,35","30,35","28,34","25,35","24,37","24,37","21,36","19,36","15,35","15,35","14,35","14,35","14,32"],"rotationY":[0.0,0.0,0.0,301.8728332519531,2.076141834259033,62.87989807128906,89.95662689208985,74.04220581054688,90.4722900390625,90.4722900390625,43.67475509643555,53.88916015625,106.40802764892578,98.1419448852539,59.883689880371097,29.061283111572267,8.247673988342286,0.21113181114196778,0.21113181114196778,308.8008117675781,350.5566711425781,358.3564147949219,0.836056649684906,359.842041015625,359.842041015625,333.9980163574219,275.0484313964844,253.37442016601563,245.68063354492188,264.8612060546875,270.11865234375,258.0747985839844,281.2215576171875,306.03680419921877,325.7696228027344,265.4333190917969,250.15151977539063,268.62469482421877,263.4524230957031,313.6158142089844,264.9164123535156,204.7017822265625,184.2197723388672],"time":47.375,"mapName":"open1.map","timeDecision":0.0,"timeScan":0.0,"penalty_cost":0.0,"alpha":0.6000000238418579,"beta":0.10000000149011612,"delta":120,"ip":"","os":"Windows 10  (10.0.0) 64bit"}