{"position":["22,2","22,2","22,2","22,2","22,2","22,2","25,2","28,2","31,2","36,2","38,2","38,2","41,2","42,2","43,4","44,8","45,12","45,16","45,17","45,17","45,21","45,25","45,30","45,34","45,34","45,34","45,38","46,42","46,46","45,49","45,50","41,51","41,51","41,50","40,46","39,43","39,43","36,44","32,44","28,44","24,44","24,44","24,42","23,42","20,44","16,44","15,44","14,42","14,38","14,37","12,36","8,36","4,36","4,36","3,36","2,38","2,42","2,46","2,50","3,50","6,52","9,52","14,52","19,52","22,52","22,52","22,49","22,45","22,45","19,44","15,44","15,44","15,40","15,36","15,36","15,34"],"rotationY":[0.0,0.0,0.0,302.11004638671877,3.0111842155456545,63.22078323364258,89.98365783691406,76.79745483398438,90.10944366455078,90.10944366455078,54.25214385986328,65.30365753173828,89.66679382324219,48.47477340698242,14.354677200317383,15.421510696411133,2.469996690750122,0.48196926712989809,312.4497375488281,347.9949645996094,357.76873779296877,359.92352294921877,359.92352294921877,353.9601745605469,305.62591552734377,0.8596747517585754,12.749761581420899,7.7717719078063969,359.819091796875,342.8974304199219,294.2038269042969,285.2130126953125,227.35496520996095,182.8997344970703,194.9190673828125,209.9722900390625,270.5508728027344,278.54156494140627,269.59576416015627,268.58056640625,252.63963317871095,196.76657104492188,238.51669311523438,293.8591003417969,284.9129943847656,271.0036926269531,223.24456787109376,196.53173828125,182.85304260253907,229.4276123046875,262.35882568359377,270.1326904296875,264.216552734375,268.1944580078125,317.2069091796875,343.013427734375,359.923095703125,359.923095703125,12.033109664916993,59.075435638427737,72.00273895263672,89.01399230957031,90.00798797607422,90.00798797607422,105.898681640625,166.59384155273438,180.1240997314453,195.0384521484375,252.3603515625,267.3529052734375,253.76272583007813,192.85430908203126,181.83831787109376,176.6221160888672,154.1055145263672,191.08135986328126],"time":80.6484375,"mapName":"open1.map","timeDecision":0.0,"timeScan":0.0,"penalty_cost":0.0,"alpha":0.4000000059604645,"beta":0.20000000298023225,"delta":120,"ip":"","os":"Windows 10  (10.0.0) 64bit"}