{"position":["22,2","22,2","22,2","22,2","22,2","22,2","24,2","28,2","31,2","36,2","38,2","38,2","38,2","35,2","32,3","29,3","27,3","27,3","27,3","28,3","28,4","29,8","29,10","28,12","29,15","30,17","32,17","36,18","38,18","38,20","38,20","38,20","38,22","38,22","40,22","40,23","40,23","43,23","44,25","45,28","45,32","45,34","45,34","45,36","45,38","44,38","41,38","39,36","38,35","35,35","30,34","28,35","25,35","25,35","24,37","23,37","20,35","16,35","16,35","15,37","15,39","15,39","15,41","15,44","15,44","19,44","19,44","19,44","19,44","19,44","18,44","15,44","15,43","14,40","14,37","13,36","13,35"],"rotationY":[0.0,0.0,0.0,301.55914306640627,1.751485824584961,62.34433364868164,90.00981903076172,77.1103744506836,90.54313659667969,90.54313659667969,125.33313751220703,185.95750427246095,246.65611267089845,269.00244140625,283.1983947753906,272.2503967285156,307.02984619140627,7.476625919342041,68.23027801513672,60.24496078491211,17.847820281982423,2.9523091316223146,338.0950012207031,9.994344711303711,23.924903869628908,60.74557876586914,77.27005767822266,87.18599700927735,52.38451385498047,14.02439022064209,70.6759262084961,17.703296661376954,343.39874267578127,36.508731842041019,72.78325653076172,17.088031768798829,70.32421875,61.798030853271487,29.5726261138916,11.009125709533692,359.579833984375,328.76397705078127,329.91400146484377,358.2847900390625,319.518798828125,274.28057861328127,248.4724884033203,225.52523803710938,266.3750305175781,257.20977783203127,261.1913757324219,288.07879638671877,265.2124328613281,320.2679138183594,300.06719970703127,245.11422729492188,260.0347900390625,266.99285888671877,324.64044189453127,355.02386474609377,334.1211242675781,325.52349853515627,0.7545244693756104,25.696470260620118,85.90352630615235,94.87029266357422,155.03854370117188,165.1081085205078,154.35733032226563,215.35052490234376,266.818359375,243.93746948242188,202.55355834960938,179.66973876953126,203.6242218017578,197.43380737304688,164.3397674560547],"time":81.55859375,"mapName":"open1.map","timeDecision":0.0,"timeScan":0.0,"penalty_cost":0.0,"alpha":0.5,"beta":0.4000000059604645,"delta":60,"ip":"","os":"Windows 10  (10.0.0) 64bit"}