{"position":["22,2","22,2","22,2","22,2","22,3","21,7","22,8","22,11","22,11","22,11","23,11","25,12","28,12","28,11","29,8","29,5","28,3","27,3","24,2","24,2","23,6","21,10","20,12","17,13","15,14","13,18","13,19","12,21","12,22","12,22","13,26"],"rotationY":[0.0,0.0,0.0,301.57623291015627,344.181396484375,355.4810791015625,26.4833984375,359.60662841796877,314.6412658691406,15.632194519042969,63.31275177001953,89.15156555175781,118.0228042602539,162.19277954101563,180.08474731445313,201.9726104736328,232.58798217773438,255.86322021484376,276.7625427246094,337.22845458984377,339.1408386230469,339.1408386230469,302.3629150390625,290.4564208984375,325.2315673828125,333.18353271484377,317.2863464355469,341.9301452636719,318.08624267578127,17.422119140625,17.420028686523439],"time":35.2265625,"mapName":"open1.map","timeDecision":0.0,"timeScan":0.0,"penalty_cost":0.0,"alpha":0.0,"beta":0.6000000238418579,"delta":60,"ip":"","os":"Windows 10  (10.0.0) 64bit"}