{"position":["22,2","22,2","22,2","22,2","22,2","21,6","22,8","22,12","22,12","22,12","22,17","22,21","22,22","22,22","22,26","22,30","22,32","24,34","28,35","31,35","36,35","38,35","38,35","40,35","45,35","45,35","45,33","45,28","45,24","45,24","42,23","38,23","33,23","30,23","27,24","25,23","24,21","24,18","24,14","24,14","27,13","27,13","29,16","30,17","33,17","37,18","41,18","43,18","44,16","45,13","45,9","45,7","43,6","41,6","41,6","40,2","40,2","42,2","45,2","45,2","45,2","44,2","39,2","35,2","30,2","30,2","30,2","26,2","21,2","17,2","12,2","8,2","4,2","4,3","2,6","2,9","3,12","3,12","6,13","10,13","12,13","13,15","14,18","14,22","14,23","14,23"],"rotationY":[0.0,0.0,0.0,301.5481872558594,359.9147033691406,347.754638671875,11.383187294006348,10.411528587341309,57.25301742553711,0.056736528873443606,0.056736528873443606,0.056736528873443606,306.97113037109377,352.8299560546875,359.1236877441406,0.9180207848548889,40.883216857910159,61.9561882019043,71.910400390625,89.94263458251953,89.94263458251953,59.095008850097659,59.8850212097168,89.61518859863281,90.62259674072266,148.28363037109376,177.9328155517578,179.9208526611328,184.8981170654297,237.17039489746095,258.990966796875,269.4034118652344,270.5631103515625,282.76727294921877,258.8407897949219,229.8124237060547,199.50308227539063,179.74708557128907,171.82484436035157,111.43633270263672,105.07047271728516,44.81041717529297,39.10165023803711,78.6410140991211,77.71581268310547,86.68023681640625,89.63748931884766,123.42455291748047,154.38363647460938,172.8880157470703,179.5922393798828,214.36129760742188,244.21063232421876,262.03619384765627,201.7376251220703,191.0294952392578,130.70643615722657,94.60485076904297,74.8131103515625,14.732854843139649,314.65777587890627,269.30328369140627,269.30328369140627,269.30328369140627,269.30328369140627,330.0640563964844,275.95172119140627,270.1523742675781,270.1523742675781,269.158447265625,269.158447265625,270.1395263671875,281.0769958496094,327.918212890625,341.8427429199219,0.24423910677433015,23.8663272857666,80.74159240722656,78.70578002929688,86.673828125,52.601863861083987,20.12327003479004,1.3997325897216797,0.39663851261138918,306.81988525390627,354.2787170410156],"time":90.765625,"mapName":"open1.map","timeDecision":0.0,"timeScan":0.0,"penalty_cost":0.0,"alpha":0.0,"beta":0.20000000298023225,"delta":180,"ip":"","os":"Windows 10  (10.0.0) 64bit"}