{"position":["22,2","22,2","22,2","22,2","22,3","22,6","22,11","22,15","22,20","22,22","20,22","17,23","15,23","14,21","13,19","13,14","13,13","12,13","7,13","3,13","3,13","3,13","3,13","2,17","2,20","3,22","3,24","3,24","2,24","2,28","2,28","2,28","2,28","6,29","6,30","6,30","6,29","8,25","8,24","12,23","13,23","15,23","19,23","20,23","20,23","24,23","29,23","33,23","37,23","37,22","38,20","38,19","38,19","38,19","41,18","43,18","44,16","44,14","44,10","44,6","44,6","44,5","43,4","41,2","38,2","33,2","31,2","30,4","29,7","29,10","28,12","28,13","28,13","26,13","24,13","19,13","16,13","15,14","15,15","13,14","10,13","6,13","3,13","3,13","3,13","2,17","2,21","2,21","6,23","9,23","11,23","12,21","12,21","12,21","13,25"],"rotationY":[0.0,0.0,0.0,301.75555419921877,344.6958923339844,3.5352468490600588,0.4376932680606842,0.4376932680606842,359.4253234863281,325.2442626953125,286.8982849121094,271.939208984375,237.98031616210938,208.64857482910157,180.30477905273438,180.30477905273438,223.3881072998047,270.054931640625,270.054931640625,267.08782958984377,214.32861328125,275.0723876953125,336.4072265625,346.2234802246094,2.7683610916137697,24.74603271484375,353.7283935546875,44.217247009277347,354.732666015625,8.788116455078125,40.68792724609375,12.927190780639649,73.95598602294922,72.08606719970703,47.689701080322269,108.34944152832031,160.5098419189453,161.50387573242188,109.51953887939453,104.31075286865235,61.422332763671878,86.53299713134766,89.68012237548828,145.602294921875,93.54219055175781,91.31256103515625,90.31856536865235,89.35665130615235,99.310302734375,148.1252899169922,179.90704345703126,225.67254638671876,194.42584228515626,133.74618530273438,107.11785888671875,112.41493225097656,146.77439880371095,180.5723876953125,180.57240295410157,194.4842529296875,202.94906616210938,206.23019409179688,224.615478515625,253.6209259033203,267.87811279296877,269.8563537597656,304.0307922363281,334.09918212890627,353.4761047363281,345.9627990722656,342.5150451660156,358.9431457519531,298.692138671875,263.7475891113281,270.8746337890625,270.8746337890625,287.2927551269531,327.2516174316406,274.4535217285156,244.26248168945313,259.17156982421877,268.1175537109375,243.00396728515626,289.2026672363281,343.3646240234375,347.3241882324219,2.257195472717285,59.20256423950195,71.09954833984375,90.01045989990235,119.06262969970703,149.50311279296876,88.5067367553711,28.0389404296875,14.685423851013184],"time":99.8203125,"mapName":"open1.map","timeDecision":0.0,"timeScan":0.0,"penalty_cost":0.0,"alpha":0.20000000298023225,"beta":0.0,"delta":120,"ip":"","os":"Windows 10  (10.0.0) 64bit"}