{"position":["22,2","22,2","22,2","22,2","22,3","21,7","22,8","21,10","20,12","18,14","16,14","15,14","13,14","10,13","5,13","3,13","3,13","2,16","2,20","2,24","3,27","3,29","2,34","2,34","2,34","2,35","5,35","9,35","12,35","13,36","13,38","13,43","13,43","17,44","20,45","20,46","21,49","20,50","18,52","15,52","10,52","6,52","3,52","3,51","2,48","2,43","2,39","2,37","4,36","7,35","7,35","7,35","11,35","12,35","13,37","13,41","13,43","15,43","18,44","20,44","21,46","21,49","21,51","19,51","16,52","12,52","7,52","2,52","2,52","2,50","2,45","2,41","2,37","3,37","6,35","9,35","14,35","18,35","20,35","20,35","20,35","20,33","21,30","21,25","21,25","18,24","16,23","15,24"],"rotationY":[0.0,0.0,0.0,301.6231384277344,344.60589599609377,355.74554443359377,25.61516571044922,346.73992919921877,320.843505859375,298.1830749511719,270.732421875,289.6451110839844,257.0145263671875,269.9497375488281,269.9497375488281,274.8930969238281,335.80706787109377,346.2105712890625,357.9954528808594,0.9340016841888428,16.88751983642578,349.00567626953127,352.3291931152344,49.00474166870117,2.52876353263855,58.19285202026367,83.83586120605469,88.79969024658203,71.90178680419922,32.79571533203125,359.99346923828127,1.003930926322937,61.45044708251953,72.56802368164063,56.604454040527347,16.41379737854004,349.5622253417969,311.3879089355469,288.1059875488281,270.09375,270.09375,270.09375,241.28253173828126,197.39459228515626,179.48455810546876,179.48455810546876,179.48455810546876,139.3037567138672,108.98756408691406,123.84259033203125,151.9242706298828,91.4012451171875,89.63675689697266,35.941673278808597,4.920767307281494,0.2922225892543793,37.07783889770508,72.63326263427735,88.54539489746094,50.790000915527347,17.66509437561035,0.5400331020355225,321.7740478515625,287.19879150390627,272.26849365234377,269.29437255859377,269.29437255859377,269.29437255859377,211.87884521484376,179.37173461914063,179.37173461914063,179.3717498779297,168.41275024414063,121.48291778564453,108.38093566894531,90.4771957397461,89.4829330444336,89.4829330444336,48.70147705078125,69.92108917236328,130.235107421875,163.7537078857422,177.69223022460938,179.68235778808595,238.3360595703125,251.55633544921876,287.3603820800781,328.80517578125],"time":92.68017578125,"mapName":"open1.map","timeDecision":0.0,"timeScan":0.0,"penalty_cost":0.0,"alpha":0.20000000298023225,"beta":0.10000000149011612,"delta":30,"ip":"","os":"Windows 10  (10.0.0) 64bit"}