{"position":["22,2","22,2","22,2","22,2","22,3","22,7","22,11","22,15","21,19","20,22","20,22","20,22","19,22","16,23","15,25"],"rotationY":[0.0,0.0,0.0,303.57769775390627,346.19989013671877,3.8328397274017336,359.8746032714844,359.8746032714844,343.46368408203127,355.4316101074219,27.649147033691408,326.83978271484377,285.8624267578125,310.7200927734375,341.72393798828127],"time":19.1875,"mapName":"open1.map","timeDecision":0.0,"timeScan":0.0,"penalty_cost":0.0,"alpha":0.10000000149011612,"beta":0.20000000298023225,"delta":180,"ip":"","os":"Windows 10  (10.0.0) 64bit"}