{"position":["22,2","22,2","22,2","22,2","22,2","22,2","22,2","22,2","24,2","28,2","31,2","36,2","38,2","40,2","40,2","43,5","44,7","44,11","44,15","44,17","44,17","44,18","44,18","44,22","44,26","44,31","44,34","44,34","44,36","44,40","44,45","44,49","44,50","41,51","41,51","40,49","38,45","37,45","33,44","29,44","25,44","25,44","24,46","24,46","22,45","19,44","15,44","15,44","14,40","13,36","13,36","13,35","13,35","10,35","9,33","8,30","8,27","8,24","9,24","11,23","12,21","14,17","14,15","13,14","9,13","6,13","3,14","3,14","2,18","2,22","2,26","2,27","5,28","7,29","7,29","8,25","9,24","11,24","11,24","13,24","13,25"],"rotationY":[0.0,0.0,0.0,302.3944396972656,3.1910181045532228,63.46940231323242,2.609182357788086,62.9002571105957,90.36026000976563,74.46388244628906,89.64848327636719,90.61665344238281,57.81474304199219,89.31826782226563,30.631555557250978,40.76604080200195,11.318676948547364,359.8211364746094,358.801513671875,323.2279968261719,359.1422119140625,46.493778228759769,9.664664268493653,1.129088044166565,0.06280379742383957,0.06280379742383957,340.1662902832031,320.0804443359375,357.6515197753906,359.6394348144531,0.6333333849906921,0.6333333849906921,310.9061584472656,286.4913330078125,237.3804931640625,203.05670166015626,207.15174865722657,252.89927673339845,261.1729736328125,269.20806884765627,275.2113342285156,328.9270935058594,293.1737060546875,232.46334838867188,254.1990509033203,263.3703918457031,262.37799072265627,202.05300903320313,193.24986267089845,199.20559692382813,169.2469482421875,215.12265014648438,271.2310791015625,250.03912353515626,213.33531188964845,197.3582763671875,180.15328979492188,157.44114685058595,106.8853530883789,129.19309997558595,159.43565368652345,159.43565368652345,201.17042541503907,237.97817993164063,251.85617065429688,270.74566650390627,289.8759460449219,347.6109924316406,350.5292053222656,359.41033935546877,0.40029963850975039,53.94515609741211,71.515869140625,102.75567626953125,163.2666778564453,155.41049194335938,114.18401336669922,101.40650177001953,100.75890350341797,62.05577850341797,16.854204177856447],"time":85.71875,"mapName":"open1.map","timeDecision":0.0,"timeScan":0.0,"penalty_cost":0.0,"alpha":0.30000001192092898,"beta":0.30000001192092898,"delta":120,"ip":"","os":"Windows 10  (10.0.0) 64bit"}