{"position":["22,2","22,2","22,2","22,2","22,3","22,6","22,11","22,15","22,20","22,24","22,29","22,33","22,38","22,41","24,45","24,47","22,49","20,51","16,52","13,52","9,52","4,52","3,52","2,49","2,46","2,42","2,38","3,36","2,34","2,31","3,30","6,29","7,29","7,29","7,29","7,31","7,33","7,34","4,35","3,35","2,39","1,43","1,45","2,49","3,51","4,51","8,52","12,52","17,52","20,52","20,52","20,52","20,52","21,48","21,45","21,45","17,44","16,44","14,41","14,38","14,36","14,36","14,36","16,35","19,35","19,35","21,39","21,42","21,43","19,44","16,44","16,44","15,41","15,37","15,36","18,35","19,35","20,37","21,40","21,43","21,43","17,44","14,44","14,44","14,42","14,38","15,36","14,33"],"rotationY":[0.0,0.0,0.0,301.6982421875,344.5846862792969,4.805215835571289,0.6335773468017578,359.6396179199219,359.6396179199219,359.6396179199219,359.6396179199219,359.6396179199219,359.6396179199219,16.5375919342041,18.530372619628908,339.7505187988281,315.3803405761719,301.4786071777344,288.5530090332031,268.63323974609377,269.5954895019531,269.5954895019531,221.84971618652345,197.40908813476563,181.5269317626953,179.49415588378907,164.58407592773438,163.87879943847657,190.72776794433595,162.9341278076172,121.42091369628906,108.52584075927735,163.22171020507813,114.21915435791016,53.54352951049805,16.634113311767579,351.75836181640627,298.0542297363281,287.6075439453125,342.2774963378906,344.7074890136719,345.519287109375,17.942480087280275,7.879594802856445,35.70048904418945,74.31670379638672,81.30380249023438,89.25591278076172,90.19671630859375,111.06539154052735,129.4135284423828,111.55908966064453,165.40679931640626,178.57110595703126,199.45748901367188,253.996826171875,262.90191650390627,213.16281127929688,198.2829132080078,180.36480712890626,141.53248596191407,158.64466857910157,139.2754669189453,102.59889221191406,85.70726776123047,30.430532455444337,19.5158634185791,359.6363220214844,316.8984680175781,286.2171630859375,262.96649169921877,211.7834014892578,181.9632568359375,179.8643341064453,131.17691040039063,106.49633026123047,64.74835968017578,31.255775451660158,17.360898971557618,355.8729553222656,295.4188537597656,284.82281494140627,268.9228515625,208.52041625976563,181.78945922851563,165.82972717285157,166.71043395996095,187.5899200439453],"time":92.71875,"mapName":"open1.map","timeDecision":0.0,"timeScan":0.0,"penalty_cost":0.0,"alpha":0.10000000149011612,"beta":0.4000000059604645,"delta":60,"ip":"","os":"Windows 10  (10.0.0) 64bit"}