{"position":["22,2","22,2","22,2","22,2","22,2","22,2","25,2","28,2","31,2","35,2","38,3","38,3","38,3","43,3","45,3","46,4","46,4","45,9","45,13","45,16","44,17","44,18","46,19","46,19","45,23","45,27","45,31","44,34","44,36","44,36","44,36","44,36","46,37","46,37","45,41","44,44","45,46","46,49","46,49","45,49","43,50","40,51","40,51","39,49","39,46","37,45","34,45","29,45","25,45","25,45","24,45","20,44","16,44","14,44","14,43","14,38","14,37","12,36","12,36","12,36","8,35","4,35","4,35","3,38","2,41","2,46","2,49","3,51","4,51","7,52","12,52","16,52","21,52","22,52","22,51","21,47","21,46","21,46","21,46","18,44","15,44","15,44","14,40","13,36","13,36","14,32"],"rotationY":[0.0,0.0,0.0,302.00433349609377,3.462575674057007,64.04815673828125,90.2922134399414,77.37150573730469,90.66664123535156,75.78776550292969,54.999332427978519,31.28009796142578,89.92056274414063,89.92056274414063,59.09921646118164,44.55735778808594,349.2106628417969,352.1826477050781,359.34326171875,344.3703918457031,335.70947265625,27.163555145263673,50.83993148803711,352.8759765625,354.53692626953127,359.472900390625,0.4484612047672272,338.56109619140627,356.9108581542969,307.20452880859377,348.17205810546877,48.939208984375,59.76679229736328,358.8266906738281,349.08648681640627,352.8034973144531,20.60457992553711,2.478334426879883,302.4471435546875,270.138671875,296.18878173828127,278.1847229003906,217.48519897460938,191.63668823242188,218.2095947265625,251.082763671875,269.920166015625,269.920166015625,268.8842468261719,238.30300903320313,259.489501953125,265.4145202636719,269.489990234375,228.70907592773438,180.009765625,180.009765625,222.602294921875,217.80374145507813,194.80734252929688,255.02684020996095,265.35693359375,269.35345458984377,329.69561767578127,341.6526184082031,359.58172607421877,359.58172607421877,20.307125091552736,50.41679763793945,76.57028198242188,86.55182647705078,89.53377532958985,90.51022338867188,90.51022338867188,135.55865478515626,178.48764038085938,194.0648651123047,148.65377807617188,181.08050537109376,237.51934814453126,251.829345703125,261.7817077636719,201.16053771972657,192.55548095703126,198.46961975097657,169.42637634277345,173.41287231445313],"time":90.8046875,"mapName":"open1.map","timeDecision":0.0,"timeScan":0.0,"penalty_cost":0.0,"alpha":0.4000000059604645,"beta":0.4000000059604645,"delta":120,"ip":"","os":"Windows 10  (10.0.0) 64bit"}