{"position":["22,2","22,2","22,2","22,2","22,2","22,2","24,2","27,2","29,2","34,2","37,2","38,4","39,6","39,6","40,5","42,2","42,2","43,3","44,7","45,10","45,14","45,17","45,17","45,17","46,18","46,21","46,25","44,29","44,32","44,34","44,34","44,38","44,41","44,41","44,42","44,45","44,45","44,47","44,51","44,52","43,52","39,51","39,51","39,48","38,45","37,45","33,44","29,44","25,44","25,44","25,44","24,42","24,42","23,43","20,44","16,44","13,44","13,44","13,43","14,41","14,38","15,36","14,34"],"rotationY":[0.0,0.0,0.0,301.8393859863281,1.8407976627349854,62.06918716430664,90.21134948730469,62.3817024230957,89.82159423828125,90.795166015625,69.93009185791016,32.566551208496097,45.521663665771487,106.2529067993164,144.5035858154297,125.6085433959961,65.18741607666016,28.94651985168457,11.409111022949219,2.5287601947784426,0.5358748435974121,333.65521240234377,326.9783935546875,23.561555862426759,17.385953903198243,359.4939270019531,343.5675048828125,341.57958984375,356.4911193847656,316.7479553222656,349.9940490722656,0.5317415595054627,18.419984817504884,44.78380584716797,0.3435896337032318,23.205575942993165,37.270355224609378,0.0416901595890522,0.0416901595890522,309.32275390625,258.54412841796877,254.5698699951172,196.63931274414063,182.3771514892578,207.44058227539063,256.7341613769531,261.5585632324219,270.19158935546877,275.1897888183594,299.8991394042969,239.50527954101563,221.75555419921876,282.2650146484375,307.0912780761719,276.0591125488281,270.4261169433594,251.5404052734375,191.38221740722657,151.08087158203126,178.10731506347657,159.8479461669922,163.1588134765625,188.9422607421875],"time":67.44921875,"mapName":"open1.map","timeDecision":0.0,"timeScan":0.0,"penalty_cost":0.0,"alpha":0.7000000476837158,"beta":0.0,"delta":60,"ip":"","os":"Windows 10  (10.0.0) 64bit"}