{"position":["22,2","22,2","22,2","22,2","22,3","22,6","22,11","22,15","22,20","22,24","22,27","24,32","24,34","24,34","24,34","20,35","17,35","15,35","15,35","15,35","15,33"],"rotationY":[0.0,0.0,0.0,301.5928955078125,344.860107421875,4.076301574707031,1.1653680801391602,0.14472121000289918,359.1507263183594,359.1507263183594,17.0427303314209,18.065946578979493,13.119397163391114,351.8101806640625,291.6474914550781,282.0772399902344,270.17401123046877,311.8740234375,287.00897216796877,226.7652587890625,192.1087646484375],"time":25.1689453125,"mapName":"open1.map","timeDecision":0.0,"timeScan":0.0,"penalty_cost":0.0,"alpha":0.0,"beta":0.30000001192092898,"delta":30,"ip":"","os":"Windows 10  (10.0.0) 64bit"}