{"position":["22,2","22,2","22,2","22,2","22,2","22,2","24,2","27,2","29,2","34,2","37,2","38,4","38,4","42,5","44,5","44,5","44,5","44,5","45,9","45,13","45,16","46,20","46,24","45,27","45,27","45,27","45,30","45,30","45,31","44,34","44,38","44,42","44,47","44,47","44,47","44,51","44,51","42,51","41,50","39,47","38,45","35,44","31,44","27,44","24,44","24,44","23,44","20,44","15,44","14,44","14,43","14,38","15,36","15,35"],"rotationY":[0.0,0.0,0.0,301.8055114746094,2.263310670852661,62.81386947631836,90.39741516113281,62.51613998413086,89.49842834472656,90.52629852294922,68.6037368774414,32.17369079589844,86.32075500488281,73.3455810546875,77.24295043945313,128.86441040039063,76.30668640136719,17.699623107910158,8.359509468078614,359.63201904296877,12.058696746826172,6.094682216644287,350.2449645996094,331.4252624511719,293.32037353515627,353.49420166015627,6.660205841064453,45.57624053955078,347.0531921386719,352.0450744628906,359.40447998046877,0.425057590007782,1.4449175596237183,62.40559387207031,5.201085567474365,357.1665344238281,296.3041687011719,269.6067199707031,220.70071411132813,210.44947814941407,234.41600036621095,253.0006103515625,267.6374816894531,269.56591796875,291.4525451660156,303.5942077636719,252.51199340820313,268.8557434082031,269.8154602050781,224.0914306640625,179.33033752441407,179.33033752441407,150.43258666992188,190.94580078125],"time":58.4609375,"mapName":"open1.map","timeDecision":0.0,"timeScan":0.0,"penalty_cost":0.0,"alpha":0.7000000476837158,"beta":0.0,"delta":120,"ip":"","os":"Windows 10  (10.0.0) 64bit"}