{"position":["22,2","22,2","22,2","22,2","22,2","22,2","24,2","27,2","28,4","29,7","29,10","28,12","29,14","29,17","30,17","33,18","37,18","38,19","38,21","38,22","41,23","44,23","44,23","45,27","45,30","45,34","45,34","45,35","45,39","45,44","45,48","45,50","43,50","42,51","40,49","38,47","38,45","34,44","31,44","27,44","25,44","24,42","24,42","23,43","20,44","16,44","13,44","13,44","13,43","13,42","14,38","15,36","14,32"],"rotationY":[0.0,0.0,0.0,302.44085693359377,2.5182251930236818,63.172760009765628,90.38619995117188,62.5633659362793,30.153249740600587,11.929811477661133,351.653076171875,335.0592041015625,9.99206256866455,29.87203025817871,72.6580810546875,89.56551361083985,74.6301040649414,33.196746826171878,359.6153259277344,51.30299758911133,73.09832763671875,87.01436614990235,26.084182739257814,16.96917724609375,359.0293884277344,350.12152099609377,307.8007507324219,358.8555908203125,359.8301696777344,359.8301696777344,0.8448488116264343,323.0728454589844,286.8943176269531,249.17649841308595,221.48678588867188,199.5416717529297,241.51473999023438,251.73101806640626,270.5700988769531,270.5700988769531,232.07496643066407,223.46165466308595,283.7994384765625,302.4755554199219,273.51348876953127,270.51495361328127,247.69802856445313,187.1107177734375,191.61769104003907,169.5079345703125,160.57763671875,189.80787658691407,185.40298461914063],"time":57.453125,"mapName":"open1.map","timeDecision":0.0,"timeScan":0.0,"penalty_cost":0.0,"alpha":0.4000000059604645,"beta":0.4000000059604645,"delta":180,"ip":"","os":"Windows 10  (10.0.0) 64bit"}