{"position":["22,2","22,2","22,2","22,2","20,2","15,2","11,2","6,2","4,2","3,4","2,7","2,10","3,12","3,12","7,13","11,13","16,13","19,13","20,12","21,8","21,5","20,3","19,3","15,2","11,2","6,2","4,2","3,4","2,7","2,10","3,12","3,13","3,13","4,13","9,13","12,13","13,14","14,17","14,20","14,25"],"rotationY":[0.0,0.0,0.0,299.69500732421877,269.8599548339844,269.8599548339844,269.8599548339844,269.8599548339844,304.91375732421877,336.5728454589844,354.9483642578125,15.677379608154297,44.93779754638672,77.98694610595703,84.94491577148438,89.9246597290039,89.9246597290039,111.79322814941406,150.2732391357422,162.2137451171875,181.11175537109376,211.66978454589845,255.95654296875,263.4242858886719,270.234130859375,270.234130859375,299.05810546875,329.5475769042969,348.0980224609375,9.274006843566895,23.02397346496582,356.35247802734377,57.03081512451172,94.52534484863281,91.54338836669922,74.6964340209961,31.030420303344728,18.12198257446289,0.22830265760421754,359.2587890625],"time":44.293701171875,"mapName":"open1.map","timeDecision":0.0,"timeScan":0.0,"penalty_cost":0.0,"alpha":0.4000000059604645,"beta":0.10000000149011612,"delta":30,"ip":"","os":"Windows 10  (10.0.0) 64bit"}