{"position":["22,2","22,2","22,2","22,2","22,2","22,2","24,2","27,2","28,4","29,7","29,10","28,12","29,14","29,17","31,17","34,18","38,18","38,18","38,20","40,24","40,24","40,24","36,23","32,23","28,23","25,23","25,23","25,23","25,22","25,21","25,21","25,21","24,21","24,21","24,21","25,21","25,21","26,18","26,18","25,18","24,18","21,15","19,14","16,14","15,14","13,13","9,13","4,13","3,13","2,15","2,19","2,21","3,22","6,22","9,23","13,23","17,23","20,23","20,24","22,27","24,31","24,33","24,34","27,35","30,35","34,35","37,35","38,37","39,40","38,42","38,43","35,44","31,44","26,44","25,44","24,46","24,46","23,45","20,44","15,44","14,44","14,43","14,39","14,34"],"rotationY":[0.0,0.0,0.0,301.304443359375,1.9437898397445679,62.88010787963867,90.7767562866211,62.79593276977539,31.062959671020509,12.116745948791504,350.5638427734375,340.2236022949219,10.695281028747559,34.66341781616211,72.75348663330078,90.02271270751953,82.07078552246094,22.025089263916017,15.594717025756836,25.534650802612306,330.60821533203127,274.09844970703127,255.80316162109376,263.74847412109377,270.9593811035156,286.8587646484375,289.2437744140625,228.3230743408203,186.32626342773438,237.55223083496095,194.39205932617188,237.82510375976563,263.9300537109375,200.59866333007813,137.53472900390626,84.82996368408203,139.43711853027345,168.55532836914063,220.58258056640626,277.2217712402344,235.12322998046876,226.95989990234376,255.92333984375,269.7695007324219,286.5679931640625,258.7109375,269.7143859863281,270.7425842285156,312.9195251464844,343.6422119140625,357.6388854980469,23.77005958557129,71.15755462646485,94.26029968261719,79.2957763671875,87.5775146484375,90.56505584716797,65.458984375,17.284042358398439,33.19782638549805,32.27132797241211,359.5550537109375,46.301700592041019,72.76103973388672,84.70201873779297,89.6849594116211,62.82545852661133,30.593772888183595,11.741158485412598,342.6066589355469,291.8285827636719,280.3570251464844,270.0920104980469,270.1012268066406,316.0616149902344,306.0713806152344,245.06178283691407,245.7489013671875,265.01397705078127,270.0071716308594,227.9908905029297,179.27288818359376,179.278564453125,179.2839813232422],"time":88.8125,"mapName":"open1.map","timeDecision":0.0,"timeScan":0.0,"penalty_cost":0.0,"alpha":0.20000000298023225,"beta":0.5,"delta":180,"ip":"","os":"Windows 10  (10.0.0) 64bit"}