{"position":["22,2","22,2","22,2","22,2","22,3","21,7","21,10","20,12","20,12","21,12","22,13","23,13","27,13","27,13","28,11","28,6","28,3","28,3","24,3","24,3","23,3","23,3","21,2","17,2","13,2","8,2","4,2","4,2","3,4","3,9","3,13","3,18","3,22","3,22","3,23","2,27","2,32","3,34","3,35","2,39","2,43","2,48","3,51","3,51","6,52","10,52","14,52","18,52","19,52","20,49","21,47","20,46","19,45","16,45","16,44","14,40","14,37","14,36","14,36","14,32"],"rotationY":[0.0,0.0,0.0,301.6875,344.43682861328127,356.58477783203127,342.64727783203127,344.6771545410156,45.63742446899414,56.41592788696289,40.61119842529297,92.06562042236328,95.05085754394531,147.48248291015626,179.24977111816407,180.23153686523438,200.11923217773438,260.7107849121094,268.2775573730469,287.49853515625,278.89630126953127,297.5912780761719,261.04217529296877,267.00518798828127,269.98699951171877,269.98699951171877,272.9689636230469,328.39422607421877,0.22454337775707246,0.22454337775707246,0.22454337775707246,0.22454337775707246,6.229062080383301,27.161863327026368,347.612548828125,356.5585021972656,359.5652160644531,26.421062469482423,349.3166198730469,359.2369689941406,0.9949749112129211,0.9949749112129211,20.88150978088379,79.13451385498047,76.7986831665039,86.73868560791016,89.77014923095703,89.77014923095703,143.64102172851563,161.744384765625,191.70556640625,233.4696807861328,269.8282165527344,246.9534454345703,203.4921112060547,198.5216827392578,179.60609436035157,126.86587524414063,171.87025451660157,180.04898071289063],"time":64.44921875,"mapName":"open1.map","timeDecision":0.0,"timeScan":0.0,"penalty_cost":0.0,"alpha":0.0,"beta":0.20000000298023225,"delta":60,"ip":"","os":"Windows 10  (10.0.0) 64bit"}