{"position":["22,2","22,2","22,2","22,2","22,2","22,2","24,2","28,2","31,2","31,2","32,2","36,2","37,2","38,4","39,4","43,5","44,6","45,10","45,13","45,16","44,17","40,18","37,18","33,18","31,18","30,16","29,13","29,9","29,4","29,4","32,2","35,2","37,2","38,4","39,6","41,5","44,5","44,5","45,9","45,12","45,17","45,21","45,26","45,29","46,34","46,37","46,42","45,45","44,48","44,48","44,50","43,52","43,52","40,51","40,50","40,46","40,44","39,44","35,44","30,44","26,44","24,44","24,44","24,44","24,46","23,49","23,51","21,51","18,52","13,52","9,52","4,52","1,52","1,52","1,49","2,45","3,43","2,39","2,37","4,36","7,35","11,35","13,35","13,35","15,35","20,35","20,35","21,39","21,42","21,42","18,44","16,44","15,43","14,39","14,36","14,32"],"rotationY":[0.0,0.0,0.0,301.7139892578125,1.9932910203933716,62.45467758178711,90.51119232177735,74.60718536376953,90.06248474121094,31.416339874267579,85.24484252929688,90.77288055419922,41.680946350097659,56.004112243652347,73.39193725585938,72.33218383789063,33.52028274536133,18.645612716674806,359.7614440917969,338.88824462890627,302.044677734375,288.1024169921875,270.11846923828127,270.11846923828127,229.3644561767578,198.98109436035157,181.9482879638672,179.96026611328126,177.93470764160157,121.73953247070313,108.83242797851563,89.82431030273438,48.00069808959961,26.91219139099121,66.70784759521485,101.18315124511719,80.05329132080078,19.82469940185547,12.292257308959961,359.37030029296877,359.37030029296877,359.37030029296877,0.34958896040916445,13.284750938415528,7.32077169418335,359.3337097167969,357.345458984375,341.8042907714844,3.8934929370880129,20.337657928466798,345.0702819824219,314.2563171386719,259.12158203125,228.95367431640626,184.77857971191407,180.78289794921876,217.1008758544922,266.41778564453127,271.4388732910156,271.4388732910156,269.45068359375,233.5072021484375,242.66033935546876,303.359619140625,342.94085693359377,357.8509521484375,323.3446350097656,287.39361572265627,270.4798889160156,269.5001525878906,269.5001525878906,269.5001525878906,251.60812377929688,193.3915252685547,164.46360778808595,161.49293518066407,190.72364807128907,187.7178955078125,148.9518585205078,118.56041717529297,100.40606689453125,89.4792251586914,58.590702056884769,60.276023864746097,88.20036315917969,89.15994262695313,28.371814727783204,17.665456771850587,359.7483825683594,300.5056457519531,288.5875549316406,250.68743896484376,211.9185028076172,198.9962615966797,178.99122619628907,178.99122619628907],"time":100.73046875,"mapName":"open1.map","timeDecision":0.0,"timeScan":0.0,"penalty_cost":0.0,"alpha":0.4000000059604645,"beta":0.20000000298023225,"delta":60,"ip":"","os":"Windows 10  (10.0.0) 64bit"}