{"position":["22,2","22,2","22,2","22,2","22,3","21,7","21,10","20,12","18,12","14,13","10,13","5,13","3,13","3,13","3,14","3,17","3,21","3,22","3,22","2,26","2,30","2,33","3,34","6,34","7,34","7,33","8,29","8,25","8,24","11,23","13,23","15,23","19,23","20,23","20,23","24,23","28,23","33,23","37,23","42,23","44,23","44,24","45,28","45,32","45,34","45,34","45,37","45,41","46,45","46,48","46,50","44,50","41,51","39,51","39,50","39,46","39,45","36,44","33,44","28,44","24,44","19,44","16,44","13,43","13,43","14,39","14,35"],"rotationY":[0.0,0.0,0.0,301.19927978515627,344.8771667480469,355.6485595703125,343.597900390625,311.6897888183594,281.4114074707031,270.3834228515625,269.364013671875,269.364013671875,236.32302856445313,292.3240051269531,343.5644226074219,1.6877936124801636,1.6877936124801636,42.270084381103519,346.6221618652344,356.5902404785156,359.5962829589844,23.643234252929689,69.93470001220703,88.50032043457031,137.7856903076172,177.3480682373047,166.36260986328126,177.29579162597657,129.55502319335938,106.7673110961914,74.93157958984375,86.96092987060547,90.35752868652344,137.9410858154297,103.02922058105469,91.74616241455078,89.71910095214844,89.71910095214844,89.71910095214844,89.71910095214844,57.64937973022461,16.761613845825197,1.7709283828735352,359.7916564941406,322.0029296875,336.1492004394531,358.0959167480469,5.122150421142578,9.007476806640625,0.4760407507419586,319.7071228027344,286.2474365234375,272.33148193359377,232.6124725341797,182.85142517089845,180.7642822265625,231.74710083007813,252.62518310546876,267.91522216796877,270.9486389160156,270.9486389160156,269.9330139160156,253.0775146484375,232.20277404785157,171.70901489257813,174.62652587890626,179.78948974609376],"time":71.609375,"mapName":"open1.map","timeDecision":0.0,"timeScan":0.0,"penalty_cost":0.0,"alpha":0.4000000059604645,"beta":0.7000000476837158,"delta":120,"ip":"","os":"Windows 10  (10.0.0) 64bit"}