{"position":["22,2","22,2","22,2","22,2","22,3","21,7","22,9","22,13","22,18","22,22","22,27","22,31","21,33","19,34","16,35","15,37","14,41","13,44","13,44","15,44","19,44","19,44","19,44","20,45","20,49","20,51","18,51","15,52","11,52","6,52","2,52","2,52","2,49","2,44","2,40","2,37","3,36","2,32","2,31","4,30","7,30","7,30","8,32","9,34","11,34","14,35","14,35","14,35","19,35","19,35","19,35","20,37","21,40","21,43","21,43","17,44","16,44","15,42","15,42","15,42","15,42","15,43","15,43","15,43","15,43","14,41","14,38","13,36","13,34","13,34","14,33"],"rotationY":[0.0,0.0,0.0,302.7208557128906,344.6294250488281,357.8152160644531,8.939618110656739,0.3851239085197449,359.39117431640627,359.39117431640627,359.39117431640627,359.39117431640627,321.275390625,293.39312744140627,302.0884094238281,338.51617431640627,342.83026123046877,357.7191162109375,58.45905685424805,87.98324584960938,99.08367156982422,111.58100128173828,51.43864440917969,10.908300399780274,2.133044958114624,323.36163330078127,287.31268310546877,272.40185546875,270.4237060546875,269.4055480957031,260.4595642089844,199.41549682617188,180.9703826904297,179.9648895263672,179.9648895263672,156.84864807128907,188.87213134765626,190.09909057617188,137.8844451904297,108.17979431152344,87.76089477539063,26.593631744384767,30.92482566833496,64.42057800292969,77.11780548095703,61.15247344970703,32.47470474243164,86.9703140258789,86.9703140258789,116.48371124267578,56.393585205078128,20.262054443359376,4.139876842498779,344.3183288574219,286.08221435546877,278.09649658203127,230.0535888671875,196.4581756591797,135.5302734375,74.92650604248047,14.430587768554688,50.742557525634769,111.19366455078125,171.6603546142578,225.40504455566407,187.62278747558595,197.6725616455078,188.59779357910157,186.4236602783203,211.1394500732422,174.1901397705078],"time":75.5625,"mapName":"open1.map","timeDecision":0.0,"timeScan":0.0,"penalty_cost":0.0,"alpha":0.30000001192092898,"beta":0.30000001192092898,"delta":120,"ip":"","os":"Windows 10  (10.0.0) 64bit"}