{"position":["22,2","22,2","22,2","22,2","22,3","22,6","22,11","22,15","21,19","20,22","19,22","16,23","15,25"],"rotationY":[0.0,0.0,0.0,303.80413818359377,346.77203369140627,3.369548797607422,0.3713093400001526,359.06109619140627,343.3478698730469,329.42877197265627,283.2944030761719,299.22576904296877,328.63946533203127],"time":17.15966796875,"mapName":"open1.map","timeDecision":0.0,"timeScan":0.0,"penalty_cost":0.0,"alpha":0.20000000298023225,"beta":0.20000000298023225,"delta":30,"ip":"","os":"Windows 10  (10.0.0) 64bit"}