{"position":["22,2","22,2","22,2","22,2","22,2","22,2","24,2","28,2","31,2","36,2","38,2","42,2","46,2","46,3","46,4","45,8","45,12","45,17","45,17","45,17","45,21","45,26","45,30","45,34","45,34","45,35","45,39","45,44","44,46","44,47","44,49","44,50","42,51","41,51","40,49","40,47","40,46","37,45","34,44","30,44","25,44","24,44","24,44","22,44","19,43","16,44","16,44","15,42","14,39","14,36","14,31"],"rotationY":[0.0,0.0,0.0,301.6027526855469,1.842484951019287,62.23219680786133,90.31315612792969,75.16777801513672,89.6228256225586,90.63611602783203,82.61849975585938,89.57937622070313,76.65716552734375,27.788209915161134,346.82720947265627,356.11029052734377,359.13726806640627,0.15660779178142548,303.72894287109377,355.4256591796875,0.8687705397605896,0.8687705397605896,0.8687705397605896,349.9347839355469,311.0377197265625,357.2796630859375,0.27777189016342165,0.27777189016342165,330.4393615722656,17.203109741210939,4.152279376983643,317.1221008300781,290.73577880859377,242.49212646484376,204.66366577148438,175.1993408203125,221.94949340820313,246.255615234375,264.19439697265627,269.77117919921877,269.77117919921877,313.48480224609377,281.00341796875,251.99090576171876,278.6401062011719,302.5701904296875,248.89422607421876,210.7053680419922,196.63221740722657,179.94839477539063,179.94839477539063],"time":55.47265625,"mapName":"open1.map","timeDecision":0.0,"timeScan":0.0,"penalty_cost":0.0,"alpha":0.8000000715255737,"beta":0.30000001192092898,"delta":60,"ip":"","os":"Windows 10  (10.0.0) 64bit"}