{"position":["22,2","22,2","22,2","22,2","22,3","22,4","22,6","22,11","22,14","20,18","20,22","20,22","16,23","15,24"],"rotationY":[0.0,0.0,0.0,302.7669372558594,344.8058166503906,35.63539505004883,3.302441120147705,359.8722839355469,342.7201843261719,341.386474609375,355.75445556640627,299.08489990234377,288.01898193359377,326.78515625],"time":18.1796875,"mapName":"open1.map","timeDecision":0.0,"timeScan":0.0,"penalty_cost":0.0,"alpha":0.20000000298023225,"beta":0.6000000238418579,"delta":60,"ip":"","os":"Windows 10  (10.0.0) 64bit"}