{"position":["22,2","22,2","22,2","22,2","22,3","22,5","22,8","22,12","22,17","22,21","22,21","18,22","16,23","15,26"],"rotationY":[0.0,0.0,0.0,302.8829345703125,344.6955261230469,21.713844299316408,357.9029541015625,359.14263916015627,0.15796062350273133,355.12286376953127,294.0273132324219,288.7845764160156,322.8699035644531,343.9544982910156],"time":18.150390625,"mapName":"open1.map","timeDecision":0.0,"timeScan":0.0,"penalty_cost":0.0,"alpha":0.4000000059604645,"beta":0.7000000476837158,"delta":30,"ip":"","os":"Windows 10  (10.0.0) 64bit"}