{"position":["22,2","22,2","22,2","22,2","22,2","21,5","21,9","21,14","21,18","22,21","22,21","19,22","16,22","14,22","14,22","12,22","10,23","9,25","9,27","8,27","4,29","3,29","3,29","3,29","2,33","2,36","2,41","2,45","2,50","2,51","4,52","8,52","12,52","17,52","19,52","19,52","24,52","24,52","24,52","23,52","22,52","22,51","22,48","21,47","19,45","17,45","16,45","15,42","14,39","14,36","14,36","14,34"],"rotationY":[0.0,0.0,0.0,303.7363586425781,358.5375061035156,349.23583984375,359.5055236816406,0.525315523147583,5.590369701385498,8.977041244506836,308.0414123535156,285.4624328613281,269.4159851074219,231.67771911621095,247.0068359375,281.1861572265625,314.3115539550781,343.8051452636719,342.86871337890627,291.7203063964844,288.73822021484377,242.7079620361328,275.427001953125,335.9895935058594,346.7069091796875,358.6581726074219,0.6371268033981323,0.6300451755523682,359.61431884765627,44.5384635925293,72.83980560302735,87.946044921875,89.93095397949219,89.93095397949219,121.09141540527344,92.32818603515625,92.32818603515625,35.6707649230957,335.6212158203125,284.9847717285156,238.8060302734375,196.71505737304688,174.32069396972657,215.2013702392578,239.70181274414063,269.4302062988281,218.46051025390626,198.39967346191407,180.89059448242188,157.8483123779297,143.5581817626953,177.8555145263672],"time":56.48046875,"mapName":"open1.map","timeDecision":0.0,"timeScan":0.0,"penalty_cost":0.0,"alpha":0.10000000149011612,"beta":0.8000000715255737,"delta":120,"ip":"","os":"Windows 10  (10.0.0) 64bit"}