{"position":["22,2","22,2","22,2","22,2","22,2","21,5","21,9","21,13","21,17","23,21","24,25","24,25","24,25","24,24","24,24","21,23","17,23","16,23","15,25"],"rotationY":[0.0,0.0,0.0,301.82244873046877,1.9475659132003785,347.0368347167969,359.2200012207031,0.27701646089553835,17.56472396850586,18.558822631835939,12.49046516418457,70.9000015258789,131.49314880371095,180.23455810546876,234.5205841064453,255.62757873535157,266.36932373046877,308.6371154785156,338.6723327636719],"time":23.140625,"mapName":"open1.map","timeDecision":0.0,"timeScan":0.0,"penalty_cost":0.0,"alpha":0.5,"beta":0.5,"delta":30,"ip":"","os":"Windows 10  (10.0.0) 64bit"}