{"position":["22,2","22,2","22,2","22,2","20,2","15,2","11,2","6,2","3,2","3,3","2,6","2,9","3,12","3,12","3,12","2,15","2,19","2,21","4,22","7,23","7,23","7,23","11,23","11,22","12,21","12,21","13,23","14,27"],"rotationY":[0.0,0.0,0.0,299.76104736328127,269.3507080078125,269.3507080078125,269.3507080078125,269.3507080078125,292.2253112792969,343.2422790527344,356.71051025390627,17.362754821777345,38.72986602783203,53.03850555419922,352.9281005859375,351.427001953125,359.3853759765625,40.55706787109375,70.43673706054688,55.58019256591797,31.455732345581056,88.06270599365235,99.32200622558594,149.75387573242188,110.47856140136719,49.603370666503909,14.865633964538575,14.81636905670166],"time":32.28125,"mapName":"open1.map","timeDecision":0.0,"timeScan":0.0,"penalty_cost":0.0,"alpha":0.8000000715255737,"beta":0.5,"delta":60,"ip":"","os":"Windows 10  (10.0.0) 64bit"}