{"position":["22,2","22,2","22,2","22,2","22,2","22,2","22,2","22,2","20,2","15,2","11,2","6,2","4,2","3,4","2,7","2,10","3,12","3,13","3,13","5,13","9,13","12,13","13,14","14,18","14,21","14,25"],"rotationY":[0.0,0.0,0.0,301.88824462890627,359.8001708984375,303.08953857421877,0.11054691672325134,300.00885009765627,269.3012390136719,269.3012390136719,269.3012390136719,269.3012390136719,304.0935363769531,334.11590576171877,352.896484375,13.54304313659668,18.351146697998048,0.9551625847816467,61.07627487182617,95.11550903320313,91.1302490234375,70.93888092041016,31.171354293823243,18.742446899414064,359.4702453613281,358.4505615234375],"time":30.2578125,"mapName":"open1.map","timeDecision":0.0,"timeScan":0.0,"penalty_cost":0.0,"alpha":0.7000000476837158,"beta":0.30000001192092898,"delta":180,"ip":"","os":"Windows 10  (10.0.0) 64bit"}