{"position":["22,2","22,2","22,2","22,2","22,3","22,6","22,10","22,15","22,19","22,22","21,22","17,23","16,23","15,25"],"rotationY":[0.0,0.0,0.0,302.3059997558594,344.5179748535156,6.021323204040527,359.70135498046877,359.70135498046877,359.70135498046877,331.3505859375,287.6531677246094,272.60357666015627,314.36236572265627,344.06109619140627],"time":18.1171875,"mapName":"open1.map","timeDecision":0.0,"timeScan":0.0,"penalty_cost":0.0,"alpha":0.20000000298023225,"beta":0.30000001192092898,"delta":60,"ip":"","os":"Windows 10  (10.0.0) 64bit"}