{"position":["22,2","22,2","22,2","22,2","22,2","21,5","22,8","22,12","22,15","21,20","20,22","18,22","16,23","15,25"],"rotationY":[0.0,0.0,0.0,301.538818359375,0.37802326679229739,347.41253662109377,9.745534896850586,359.2286682128906,342.7332763671875,341.74981689453127,319.3149719238281,283.98126220703127,316.7618103027344,345.34039306640627],"time":18.14453125,"mapName":"open1.map","timeDecision":0.0,"timeScan":0.0,"penalty_cost":0.0,"alpha":0.4000000059604645,"beta":0.20000000298023225,"delta":60,"ip":"","os":"Windows 10  (10.0.0) 64bit"}