{"position":["22,2","22,2","22,2","22,2","22,2","22,2","25,2","27,2","28,4","29,7","29,10","28,12","28,13","30,17","31,17","34,18","38,18","38,18","38,21","37,22","35,23","31,23","27,23","24,23","24,24","22,27","20,31","20,34","20,34","17,35","15,35","14,35","13,35","14,34"],"rotationY":[0.0,0.0,0.0,302.090087890625,2.6724002361297609,63.75155258178711,90.5316162109375,60.68561553955078,28.42249298095703,9.686773300170899,348.6018981933594,339.56695556640627,20.01988983154297,33.98777389526367,71.6241683959961,90.51563262939453,74.62193298339844,14.245671272277832,350.724853515625,310.1723937988281,279.4686279296875,272.3076171875,270.29827880859377,293.37615966796877,341.6698303222656,330.873779296875,338.8398742675781,359.8287353515625,303.1965637207031,286.63983154296877,303.52313232421877,269.3894348144531,213.74752807617188,172.1221923828125],"time":38.352294921875,"mapName":"open1.map","timeDecision":0.0,"timeScan":0.0,"penalty_cost":0.0,"alpha":0.9000000953674316,"beta":0.0,"delta":30,"ip":"","os":"Windows 10  (10.0.0) 64bit"}