{"position":["22,2","22,2","22,2","22,2","22,3","21,7","21,10","20,12","18,13","14,13","10,13","5,13","4,13","3,11","2,8","2,5","3,3","6,2","9,2","14,2","18,2","20,2","21,4","21,8","21,12","21,12","18,13","15,13","11,13","6,13","4,13","3,15","2,18","2,21","3,21","6,23","7,23","7,23","9,23","11,23","12,23","12,23","13,25"],"rotationY":[0.0,0.0,0.0,302.09320068359377,344.5462646484375,357.60589599609377,342.0848083496094,310.771240234375,280.86688232421877,270.92681884765627,269.90716552734377,269.90716552734377,222.19837951660157,198.2445526123047,180.36497497558595,155.514892578125,121.60710906982422,101.75920104980469,89.82107543945313,88.82694244384766,88.82694244384766,46.904117584228519,17.45044708251953,0.65627121925354,357.2231750488281,296.9642639160156,285.04815673828127,275.47979736328127,269.9188537597656,268.9227294921875,298.84930419921877,330.5009765625,348.5085144042969,9.310860633850098,59.25349044799805,71.10181427001953,23.077272415161134,59.24589538574219,90.176513671875,127.35363006591797,101.08899688720703,43.08553695678711,13.970250129699707],"time":47.421875,"mapName":"open1.map","timeDecision":0.0,"timeScan":0.0,"penalty_cost":0.0,"alpha":0.10000000149011612,"beta":0.7000000476837158,"delta":120,"ip":"","os":"Windows 10  (10.0.0) 64bit"}