{"position":["22,2","22,2","22,2","22,2","22,2","22,2","25,2","27,2","28,4","28,6","28,11","28,13","28,13","24,13","24,13","23,16","22,18","22,19","20,22","18,22","15,23","15,23","15,23","13,19","13,17","13,14","13,14","13,14","14,14","17,13","19,13","20,11","21,8","21,5","20,3","18,2","14,2","9,2","5,2","4,2","3,5","2,8","2,10","3,12","4,12","8,13","13,13","17,13","20,13","20,13","22,13","26,13","27,13","29,16","30,17","33,17","37,18","38,18","38,20","38,22","38,22","38,22","40,23","43,23","44,23","45,26","45,29","45,33","44,34","41,35","38,35","33,35","29,35","24,35","24,35","24,35","24,35","23,31","21,28","21,26","20,24","18,24","16,24","15,24"],"rotationY":[0.0,0.0,0.0,301.9176330566406,2.184584856033325,63.173152923583987,90.51667022705078,61.67407989501953,30.561426162719728,0.005927254445850849,0.005927254445850849,327.7375793457031,273.0511779785156,287.2555847167969,342.205810546875,318.5179443359375,350.23846435546877,335.7112731933594,320.7930908203125,285.7085266113281,274.7743835449219,272.6741027832031,211.73605346679688,208.0231475830078,180.19117736816407,203.052490234375,218.15122985839845,157.55535888671876,106.71726989746094,93.7944564819336,130.77755737304688,159.43772888183595,179.3677978515625,201.41456604003907,232.46038818359376,258.12969970703127,270.05767822265627,270.05767822265627,270.05767822265627,321.4074401855469,341.59161376953127,0.1427914798259735,23.350078582763673,61.24850082397461,76.92478942871094,85.6634750366211,89.79248809814453,90.7600326538086,66.45745849609375,53.73112869262695,90.04071044921875,90.04071044921875,37.84894561767578,39.16770553588867,83.50502014160156,78.69058227539063,86.65151977539063,36.86647415161133,3.0499656200408937,326.7515563964844,339.8300476074219,40.412994384765628,72.55165100097656,90.43804168701172,36.76195526123047,17.575681686401368,0.6776698231697083,346.77557373046877,301.6319580078125,288.076416015625,270.39434814453127,269.0227355957031,269.0227355957031,270.07061767578127,330.19818115234377,269.29840087890627,209.2663116455078,198.04830932617188,209.3526611328125,182.57818603515626,219.63351440429688,255.011962890625,277.9190368652344,335.842041015625],"time":88.76171875,"mapName":"open1.map","timeDecision":0.0,"timeScan":0.0,"penalty_cost":0.0,"alpha":0.8000000715255737,"beta":0.6000000238418579,"delta":120,"ip":"","os":"Windows 10  (10.0.0) 64bit"}