{"position":["22,2","22,2","22,2","22,2","22,2","22,2","25,2","27,2","28,4","29,7","29,10","28,12","28,13","28,13","27,13","24,13","20,13","15,13","15,13","11,13","7,13","3,13","3,13","2,10","2,6","3,3","4,3","7,2","12,2","16,2","20,3","20,3","20,3","22,2","26,2","27,2","28,4","29,7","29,10","28,12","29,15","29,17","32,18","35,18","38,18","38,18","38,21","38,22","39,22","43,23","44,23","45,26","45,30","45,33","44,34","42,34","38,35","34,35","30,35","25,35","25,35","24,37","23,37","20,35","16,35","14,35","10,35","10,34","8,31","8,28","8,24","8,24","12,23","12,23","13,25"],"rotationY":[0.0,0.0,0.0,302.1001281738281,3.895033359527588,64.65325164794922,90.5936050415039,60.65483474731445,29.06698989868164,10.742903709411621,350.3172607421875,336.9804992675781,3.3989875316619875,303.3590087890625,265.50128173828127,274.4926452636719,270.59637451171877,269.6023864746094,277.242919921875,269.7994384765625,269.7994384765625,254.868896484375,196.72549438476563,182.80946350097657,166.38941955566407,148.4973907470703,105.74591064453125,90.3735580444336,90.3735580444336,89.35424041748047,72.4446792602539,15.812721252441407,69.57444763183594,101.11485290527344,92.15050506591797,44.438541412353519,18.4494686126709,0.4268823266029358,336.01226806640627,351.5482177734375,10.775872230529786,45.926368713378909,71.93689727783203,89.86346435546875,72.09153747558594,16.844924926757814,351.97698974609377,30.394424438476564,72.19255828857422,83.12639617919922,32.401607513427737,17.22184181213379,0.3238324522972107,343.4407043457031,301.68218994140627,269.6667175292969,281.914794921875,273.29742431640627,270.0069885253906,270.0069885253906,325.70306396484377,296.3538818359375,246.0135498046875,260.3426818847656,269.2496337890625,270.6078186035156,262.65576171875,212.8179931640625,198.87815856933595,180.02362060546876,170.9615478515625,110.53810119628906,104.72080993652344,44.30770492553711,14.553483963012696],"time":79.60546875,"mapName":"open1.map","timeDecision":0.0,"timeScan":0.0,"penalty_cost":0.0,"alpha":0.6000000238418579,"beta":0.7000000476837158,"delta":120,"ip":"","os":"Windows 10  (10.0.0) 64bit"}