{"position":["22,2","22,2","22,2","22,2","22,2","22,2","25,2","27,2","28,4","28,6","28,11","28,12","26,12","24,12","24,12","24,12","24,12","24,11","23,10","22,10","20,12","16,13","15,13","13,13","9,13","4,13","4,13","2,16","2,19","2,21","4,22","7,23","12,23","16,23","20,23","20,23","20,23","20,23","21,27","21,30","21,34","21,34","17,35","16,35","15,38","14,41","14,43","15,43","19,44","19,44","19,45","20,47","20,48","20,48","20,51","20,51","17,51","13,51","9,52","5,53","4,53","4,52","2,48","2,44","2,40","2,35","2,31","2,30","2,30","2,26","3,24","3,23","3,23","4,23","6,23","8,23","12,23","12,24","14,27"],"rotationY":[0.0,0.0,0.0,301.97088623046877,2.7944016456604006,63.22615432739258,90.08287811279297,60.34754943847656,27.590927124023439,0.3539915978908539,359.337158203125,312.3236999511719,273.1891784667969,244.10595703125,277.7460632324219,245.82826232910157,191.93377685546876,221.75047302246095,264.6549072265625,318.690185546875,292.82244873046877,288.6105651855469,296.66815185546877,269.6009216308594,269.6009216308594,270.594970703125,328.3951110839844,341.3634033203125,359.90887451171877,40.783267974853519,70.22540283203125,89.10655212402344,89.10655212402344,90.49099731445313,99.7200927734375,141.86997985839845,81.66484069824219,21.128171920776368,8.889617919921875,359.8041687011719,344.9032287597656,286.3496398925781,275.4057312011719,319.1789245605469,342.01898193359377,359.48931884765627,31.297266006469728,73.61748504638672,83.5198974609375,80.4910888671875,33.36019515991211,0.06912560015916825,46.760318756103519,14.448755264282227,352.3694152832031,291.4853515625,269.35748291015627,269.35748291015627,285.361572265625,285.3616943359375,241.45309448242188,202.12820434570313,197.94076538085938,180.8242645263672,179.8176727294922,179.8176727294922,179.8176727294922,127.11012268066406,171.01939392089845,178.3949737548828,146.52267456054688,190.23519897460938,131.47366333007813,86.4152603149414,53.29209899902344,87.265869140625,82.37676239013672,33.76602554321289,14.755457878112793],"time":83.734375,"mapName":"open1.map","timeDecision":0.0,"timeScan":0.0,"penalty_cost":0.0,"alpha":0.6000000238418579,"beta":0.8000000715255737,"delta":120,"ip":"","os":"Windows 10  (10.0.0) 64bit"}