{"position":["22,2","22,2","22,2","22,2","20,2","15,2","10,2","6,2","3,2","3,3","2,6","2,9","3,12","2,16","2,20","2,21","4,22","7,23","7,23","7,23","12,23","12,23","13,26"],"rotationY":[0.0,0.0,0.0,298.6887512207031,269.4761962890625,269.4761962890625,269.4761962890625,270.4508056640625,293.3108825683594,342.6436767578125,359.2948913574219,17.881731033325197,356.59033203125,352.1115417480469,0.2077159434556961,43.74087142944336,72.24590301513672,51.79863357543945,32.811336517333987,89.8952865600586,89.8952865600586,32.36832046508789,14.438722610473633],"time":27.208984375,"mapName":"open1.map","timeDecision":0.0,"timeScan":0.0,"penalty_cost":0.0,"alpha":0.7000000476837158,"beta":0.9000000953674316,"delta":30,"ip":"","os":"Windows 10  (10.0.0) 64bit"}