{"position":["22,2","22,2","22,2","22,2","22,3","22,6","22,11","22,15","22,20","22,24","22,29","22,33","22,33","26,34","29,35","34,35","37,35","38,36","39,39","39,43","39,43","36,44","33,44","28,44","24,44","19,44","15,44","15,44","14,40","14,37","13,36","12,36","8,35","4,35","4,35","2,38","2,41","2,46","2,51","2,53","3,53","5,53","9,52","13,52","18,52","19,52","20,50","21,47","20,46","18,45","14,43","13,43","14,41","14,37","14,36","14,36","14,33"],"rotationY":[0.0,0.0,0.0,301.4097595214844,344.90997314453127,3.851065158843994,359.43621826171877,359.43621826171877,358.45672607421877,0.7340450882911682,0.7340450882911682,5.751581192016602,66.44231414794922,72.40625,89.26824188232422,90.26747131347656,75.35356140136719,32.186378479003909,18.260671615600587,0.35935917496681216,303.2447204589844,287.21502685546877,269.5489501953125,269.5489501953125,269.5489501953125,269.5489501953125,260.5882568359375,199.7940673828125,189.85336303710938,190.71023559570313,232.27691650390626,261.1335754394531,265.4519958496094,271.3675842285156,328.8422546386719,341.79119873046877,359.6490173339844,0.6430363655090332,0.6430363655090332,29.7249698638916,78.25477600097656,105.10951232910156,93.81930541992188,89.84310913085938,89.84310913085938,136.43789672851563,162.2762908935547,186.62979125976563,225.89285278320313,251.95108032226563,251.95108032226563,200.11376953125,168.46055603027345,174.87924194335938,122.65127563476563,167.09091186523438,180.12319946289063],"time":61.4794921875,"mapName":"open1.map","timeDecision":0.0,"timeScan":0.0,"penalty_cost":0.0,"alpha":0.10000000149011612,"beta":0.5,"delta":30,"ip":"","os":"Windows 10  (10.0.0) 64bit"}