{"position":["22,2","22,2","22,2","22,2","22,2","21,6","21,9","21,12","22,17","24,21","24,22","27,23","31,23","35,23","40,23","44,23","44,23","44,23","44,23","44,20","45,17","46,13","46,10","45,6","45,6","42,4","40,2","38,2","33,2","31,2","30,4","29,7","29,10","28,12","28,12","24,13","24,13","24,13","23,15","20,18","20,19","20,20","20,22","18,22","16,23","15,25"],"rotationY":[0.0,0.0,0.0,303.19866943359377,358.788330078125,348.1645812988281,359.63909912109377,18.422639846801759,18.422639846801759,16.44819450378418,56.46721267700195,74.31864929199219,87.22323608398438,90.21715545654297,90.21715545654297,84.25321197509766,35.72314453125,95.96601867675781,156.8373260498047,172.2139129638672,161.02774047851563,169.98681640625,183.10226440429688,198.83084106445313,251.46353149414063,233.64248657226563,234.82318115234376,268.6978454589844,269.6573791503906,300.0771789550781,329.87847900390627,348.7146301269531,349.2590026855469,318.26434326171877,279.7346496582031,273.4729309082031,232.4513397216797,292.89630126953127,321.7734375,329.3919677734375,15.872596740722657,2.061190128326416,325.0569152832031,287.03759765625,315.9596252441406,345.1775817871094],"time":50.46875,"mapName":"open1.map","timeDecision":0.0,"timeScan":0.0,"penalty_cost":0.0,"alpha":0.4000000059604645,"beta":0.10000000149011612,"delta":60,"ip":"","os":"Windows 10  (10.0.0) 64bit"}