{"position":["22,2","22,2","22,2","22,2","22,2","22,2","22,2","22,2","24,2","27,2","28,4","29,7","29,10","28,12","28,13","30,17","30,17","34,18","37,18","38,20","38,22","38,22","41,23","44,23","44,23","45,27","45,31","45,34","45,34","45,35","45,40","45,43","46,47","46,50","46,50","42,51","39,51","39,51","39,48","38,45","37,45","33,44","29,44","24,44","24,44","23,41","22,37","21,35","19,35","16,35","15,37","14,40","14,43","14,43","17,44","19,44","19,44","20,46","21,49","21,50","19,51","15,51","11,51","6,51","2,51","2,51","2,48","2,43","2,39","2,34","3,31","3,30","6,30","7,30","7,32","8,33","11,35","13,35","13,35","14,35","19,35","20,35","21,37","21,41","21,42","19,43","16,43","15,43","14,41","14,37","15,36","16,36","16,36","15,34"],"rotationY":[0.0,0.0,0.0,301.6548767089844,2.004579544067383,62.45329666137695,1.8192908763885499,62.14364242553711,90.14665985107422,61.309356689453128,29.03719711303711,10.460362434387207,350.5008239746094,338.3810119628906,19.04150390625,30.941890716552736,75.89659118652344,84.79066467285156,69.2392349243164,32.55580520629883,0.6017000079154968,58.338279724121097,72.3095474243164,80.27458953857422,19.40865707397461,11.669099807739258,359.8379821777344,342.8917541503906,315.26092529296877,358.6145324707031,359.646728515625,13.591853141784668,3.682847499847412,342.929443359375,286.19976806640627,271.98846435546877,254.6659393310547,194.14346313476563,194.34622192382813,211.78662109375,256.56024169921877,267.1736755371094,270.1214599609375,270.1214599609375,212.190185546875,199.66244506835938,199.66244506835938,240.1580810546875,267.35565185546877,295.1791076660156,327.94989013671877,342.9156494140625,4.623172760009766,64.99059295654297,76.88519287109375,108.75753021240235,47.8390007019043,18.240625381469728,358.033447265625,316.0408935546875,277.8195495605469,269.56890869140627,269.56890869140627,269.56890869140627,260.63446044921877,200.50250244140626,179.11038208007813,179.11038208007813,179.11038208007813,180.47984313964845,165.5323944091797,118.00013732910156,92.69092559814453,49.79014587402344,16.303396224975587,59.1008415222168,72.09013366699219,35.89494323730469,47.38343048095703,89.95337677001953,89.95337677001953,44.189632415771487,16.85365867614746,1.9441207647323609,314.22430419921877,284.55828857421877,270.5194091796875,216.51235961914063,188.66477966308595,170.89022827148438,131.38800048828126,115.83045959472656,176.33946228027345,197.5447540283203],"time":98.8828125,"mapName":"open1.map","timeDecision":0.0,"timeScan":0.0,"penalty_cost":0.0,"alpha":0.7000000476837158,"beta":1.0000001192092896,"delta":60,"ip":"","os":"Windows 10  (10.0.0) 64bit"}