{"position":["22,2","22,2","22,2","22,2","22,3","22,5","22,8","22,12","22,17","22,21","22,21","18,22","16,23","15,26"],"rotationY":[0.0,0.0,0.0,302.8033752441406,344.54241943359377,21.454303741455079,357.5652160644531,0.1975267231464386,0.1975267231464386,354.01953125,293.997802734375,290.47003173828127,325.3842468261719,343.6595153808594],"time":18.125,"mapName":"open1.map","timeDecision":0.0,"timeScan":0.0,"penalty_cost":0.0,"alpha":0.20000000298023225,"beta":0.5,"delta":180,"ip":"","os":"Windows 10  (10.0.0) 64bit"}