{"position":["22,2","22,2","22,2","22,2","22,2","22,2","22,2","22,2","25,2","28,2","31,2","36,2","38,2","38,2","40,2","45,2","45,2","45,4","45,9","45,13","45,17","45,17","45,18","45,22","45,27","45,31","45,34","45,34","45,36","45,41","45,45","46,49","46,51","46,51","42,51","40,51","40,51","40,46","40,45","38,44","34,44","30,44","25,44","25,44","24,42","24,42","23,43","20,43","16,44","16,44","15,42","15,38","15,36","15,36","15,34"],"rotationY":[0.0,0.0,0.0,302.7142028808594,3.586031675338745,303.3321533203125,4.0518975257873539,64.87689971923828,90.12601470947266,73.26152038574219,89.97650909423828,89.97650909423828,57.15914535522461,62.60673141479492,90.42420959472656,90.42420959472656,30.396411895751954,358.9798278808594,358.9798278808594,358.9798278808594,347.05108642578127,312.046875,359.5508728027344,0.5381249189376831,0.5381249189376831,359.5186462402344,331.6325378417969,327.1854248046875,359.31805419921877,0.34952324628829958,3.3315131664276125,10.887836456298829,342.16180419921877,281.5336608886719,271.15643310546877,239.68634033203126,183.34608459472657,180.84548950195313,225.0831756591797,252.14341735839845,269.81524658203127,269.81524658203127,270.8092346191406,214.3343963623047,242.1409149169922,302.19305419921877,282.701416015625,281.3656005859375,277.39593505859377,216.9528045654297,185.0848846435547,180.99668884277345,145.1842041015625,156.02220153808595,190.67872619628907],"time":59.421875,"mapName":"open1.map","timeDecision":0.0,"timeScan":0.0,"penalty_cost":0.0,"alpha":0.6000000238418579,"beta":0.30000001192092898,"delta":120,"ip":"","os":"Windows 10  (10.0.0) 64bit"}