{"position":["22,2","22,2","22,2","22,2","22,3","22,7","22,11","22,14","20,18","20,21","20,22","17,23","15,23","14,22","13,19","13,15","13,13","12,13","8,13","4,13","3,13","2,16","2,19","3,22","3,22","6,23","7,23","8,27","8,27","6,28","3,29","3,30","2,33","3,34","3,34","3,34","2,37","2,40","2,45","2,49","3,51","4,51","8,52","12,52","17,52","19,52","20,50","20,48","20,48","20,47","20,45","19,45","15,44","15,43","14,40","14,37","15,36","17,36","20,36","20,36","21,36","25,35","29,35","34,35","37,35","38,36","39,39","39,43","39,43","36,44","32,44","28,44","25,44","24,43","24,40","24,40","22,40","21,40","20,43","20,44","16,44","16,44","15,42","15,38","15,33"],"rotationY":[0.0,0.0,358.7669372558594,304.3881530761719,346.88427734375,3.5898048877716066,0.6980975866317749,342.3470458984375,341.2716064453125,0.40347492694854739,306.9261779785156,282.658935546875,251.71835327148438,212.0230712890625,190.12551879882813,179.52635192871095,211.41152954101563,260.03814697265627,270.0577087402344,270.0577087402344,321.7779846191406,343.4909362792969,357.3681640625,23.62978172302246,77.90560913085938,77.8929672241211,26.497812271118165,17.85532569885254,321.1972351074219,291.0284423828125,304.3189697265625,345.4869689941406,6.353821754455566,50.82571792602539,64.62625885009766,3.804346799850464,344.68536376953127,0.11320111900568009,0.11320111900568009,5.263646125793457,37.04304122924805,75.8573989868164,89.27980041503906,90.73382568359375,90.73382568359375,121.53401184082031,153.33985900878907,175.8797149658203,131.62237548828126,187.330078125,217.19857788085938,256.93487548828127,248.21527099609376,195.8556671142578,182.0484619140625,160.41036987304688,118.5682601928711,89.94656372070313,63.56273651123047,55.034889221191409,101.62694549560547,92.69402313232422,90.72466278076172,89.70528411865235,72.67694091796875,31.27912139892578,17.947458267211915,0.07882091403007508,302.4317626953125,285.8412780761719,272.37872314453127,269.9737243652344,247.1116943359375,210.615478515625,179.79470825195313,235.8280029296875,270.1793212890625,325.27294921875,338.3435363769531,282.5703125,274.3191833496094,213.49903869628907,183.26023864746095,179.38375854492188,178.33895874023438],"time":89.70332336425781,"mapName":"open1.map","timeDecision":0.0,"timeScan":0.0,"penalty_cost":0.0,"alpha":0.10000000149011612,"beta":1.0,"delta":180,"ip":"","os":"Windows 10  (10.0.0) 64bit"}