{"position":["22,2","22,2","22,2","22,2","22,3","21,7","22,8","22,11","22,11","19,12","15,13","15,13","11,13","6,13","4,13","3,15","2,18","2,21","3,21","6,23","7,23","7,23","9,23","11,23","11,23","12,23","13,25"],"rotationY":[0.0,0.0,0.0,301.44952392578127,344.3878479003906,356.8088684082031,25.344270706176759,0.43500223755836489,300.0880432128906,289.0887145996094,271.28009033203127,272.367919921875,269.7157897949219,269.7157897949219,302.57806396484377,334.42681884765627,352.67987060546877,13.663839340209961,59.28990173339844,72.2806625366211,22.475139617919923,61.277034759521487,89.92191314697266,129.04957580566407,99.36131286621094,44.81988525390625,15.3568115234375],"time":31.25390625,"mapName":"open1.map","timeDecision":0.0,"timeScan":0.0,"penalty_cost":0.0,"alpha":0.30000001192092898,"beta":0.7000000476837158,"delta":120,"ip":"","os":"Windows 10  (10.0.0) 64bit"}