{"position":["22,2","22,2","22,2","22,2","22,3","22,6","22,11","22,15","21,18","20,22","20,22","16,23","15,25"],"rotationY":[0.0,0.0,0.0,302.2698669433594,344.5075378417969,4.486382961273193,1.6627211570739747,0.5100545883178711,343.30316162109377,331.61328125,283.6192626953125,297.53704833984377,329.61529541015627],"time":17.125,"mapName":"open1.map","timeDecision":0.0,"timeScan":0.0,"penalty_cost":0.0,"alpha":0.10000000149011612,"beta":0.20000000298023225,"delta":180,"ip":"","os":"Windows 10  (10.0.0) 64bit"}