{"position":["22,2","22,2","22,2","22,2","22,3","22,6","22,10","22,15","22,19","21,23","21,23","18,23","16,23","15,25"],"rotationY":[0.0,0.0,0.0,302.34393310546877,344.6307678222656,6.476629257202148,359.7404479980469,359.7404479980469,359.7404479980469,343.79632568359377,288.2185363769531,270.91192626953127,307.6942138671875,339.384765625],"time":18.115234375,"mapName":"open1.map","timeDecision":0.0,"timeScan":0.0,"penalty_cost":0.0,"alpha":0.5,"beta":0.10000000149011612,"delta":60,"ip":"","os":"Windows 10  (10.0.0) 64bit"}