{"position":["22,2","22,2","22,2","22,2","22,2","22,2","25,2","28,2","31,2","36,2","38,2","38,2","40,2","43,2","44,3","44,6","45,10","45,14","44,16","44,19","44,24","45,27","45,30","45,34","46,38","46,42","45,45","44,49","42,51","41,51","41,51","40,48","40,44","40,44","37,44","33,44","28,44","24,44","22,43","21,43","17,44","16,44","15,42","14,39","14,36","14,36","14,34"],"rotationY":[0.0,0.0,0.0,302.5339660644531,3.6598732471466066,63.77919387817383,90.64801025390625,73.7384033203125,89.38851928710938,90.68165588378906,58.91182327270508,62.66014862060547,89.4148178100586,57.603275299072269,18.456787109375,2.391815423965454,14.42072868347168,3.4930601119995119,337.6182556152344,356.697998046875,358.7233581542969,17.672361373901368,2.7463347911834719,6.679352760314941,6.406622409820557,359.4499816894531,343.5170593261719,338.1116943359375,313.0941162109375,268.6837463378906,213.01136779785157,190.35780334472657,187.00462341308595,247.06350708007813,270.1536560058594,270.1536560058594,270.1536560058594,262.1784362792969,246.30413818359376,283.98590087890627,271.8740234375,223.8779754638672,197.52484130859376,180.57232666015626,154.74305725097657,144.47152709960938,177.69175720214845],"time":51.42578125,"mapName":"open1.map","timeDecision":0.0,"timeScan":0.0,"penalty_cost":0.0,"alpha":0.9000000953674316,"beta":0.20000000298023225,"delta":120,"ip":"","os":"Windows 10  (10.0.0) 64bit"}