{"position":["22,2","22,2","22,2","22,2","22,2","22,2","24,2","28,2","31,2","36,2","41,2","41,2","41,2","45,2","45,2","45,5","45,9","45,14","45,16","43,17","40,18","36,18","32,18","31,18","30,15","29,12","29,8","29,3","29,3","29,3","29,3","33,2","36,2","37,2","38,4","39,4","43,5","44,6","44,8","44,13","44,17","44,17","44,20","44,23","45,26","45,31","45,33","43,34","41,34","37,35","34,35","29,35","25,35","25,36","24,37","23,36","19,35","15,35","13,35","9,35","8,35","4,35","4,36","2,39","2,42","2,47","2,49","3,51","6,52","10,52","14,52","19,52","19,52","22,51","22,51","22,47","22,44","22,44","18,44","16,44","15,42","14,39","14,34"],"rotationY":[0.0,0.0,0.0,302.4143981933594,2.4471657276153566,63.35471725463867,90.43501281738281,76.54500579833985,90.07498931884766,91.04863739013672,91.04863739013672,34.305885314941409,87.21796417236328,84.73766326904297,23.994590759277345,0.8921723365783691,0.8921723365783691,359.8793640136719,326.3411865234375,296.2987060546875,278.53466796875,269.4072265625,269.4072265625,217.4932861328125,198.21502685546876,180.27398681640626,179.25413513183595,180.24819946289063,239.03433227539063,178.18161010742188,117.80598449707031,106.6124267578125,91.39402770996094,42.98816680908203,48.298789978027347,74.4393539428711,75.4115219116211,33.3817138671875,0.09544415771961212,0.09544382244348526,354.1348876953125,333.4102783203125,358.4903564453125,16.721542358398439,3.767087459564209,359.74456787109377,329.9478759765625,300.75146484375,269.391357421875,282.632568359375,270.41748046875,270.41748046875,274.4161682128906,326.5484313964844,286.3808288574219,246.28195190429688,260.3089904785156,269.5242614746094,270.4072570800781,266.4320983886719,269.3982238769531,281.3246765136719,328.616455078125,341.5386047363281,0.4245483875274658,0.4245483875274658,23.307783126831056,62.103214263916019,78.25183868408203,90.20927429199219,90.20927429199219,90.20927429199219,120.44769287109375,120.09305572509766,173.79539489746095,179.57762145996095,205.6736297607422,266.09368896484377,267.8100280761719,228.04998779296876,198.45941162109376,179.6315460205078,179.6315460205078],"time":87.72265625,"mapName":"open1.map","timeDecision":0.0,"timeScan":0.0,"penalty_cost":0.0,"alpha":0.7000000476837158,"beta":0.10000000149011612,"delta":60,"ip":"","os":"Windows 10  (10.0.0) 64bit"}