{"position":["22,2","22,2","22,2","22,2","22,3","21,7","21,10","20,12","20,12","21,12","22,13","23,13","27,13","27,13","29,9","29,6","28,4","28,3","28,3","32,2","36,2","37,2","38,4","39,4","43,5","44,5","44,5","45,3","45,3","45,3","45,6","45,10","45,15","44,17","44,19","44,23","45,27","45,30","45,34","44,36","44,39","44,44","44,48","44,51","44,51","42,51","40,49","38,46","38,45","34,44","30,44","25,44","21,44","16,44","16,44","15,41","14,38","14,36","14,36","14,33"],"rotationY":[0.0,0.0,0.0,301.83746337890627,344.239990234375,357.1168212890625,341.8692321777344,347.0361633300781,47.41450119018555,57.106136322021487,43.06960678100586,92.02552795410156,95.96743774414063,148.84024047851563,161.80966186523438,179.438720703125,203.9777069091797,164.19757080078126,106.59905242919922,101.6218032836914,90.69874572753906,38.914554595947269,52.93222427368164,74.51158905029297,82.48798370361328,93.41661071777344,154.2373046875,143.1785430908203,82.44111633300781,22.276884078979493,359.02587890625,359.02587890625,359.02587890625,329.4046936035156,357.0140380859375,6.991570472717285,13.58776569366455,0.6452158689498901,345.73211669921877,342.17938232421877,0.3457704186439514,0.3457704186439514,0.3457704186439514,335.5288391113281,275.0200500488281,247.69659423828126,211.85276794433595,206.2827911376953,252.99461364746095,265.2008972167969,270.1796569824219,270.1796569824219,270.1796569824219,270.1796569824219,212.46514892578126,198.84454345703126,180.73487854003907,140.78268432617188,159.3271484375,177.67361450195313],"time":64.578125,"mapName":"open1.map","timeDecision":0.0,"timeScan":0.0,"penalty_cost":0.0,"alpha":0.0,"beta":0.9000000953674316,"delta":180,"ip":"","os":"Windows 10  (10.0.0) 64bit"}