{"position":["22,2","22,2","22,2","22,2","22,3","22,5","22,8","22,12","22,17","22,20","23,22","25,22","29,23","33,23","38,23","38,23","38,23","42,23","43,23","44,25","45,29","45,33","45,36","43,40","43,44","43,48","44,49","44,49","42,50","39,51","39,51","38,50","38,46","38,44","37,44","33,44","28,44","24,44","19,44","15,44","13,44","13,44","14,39","14,36"],"rotationY":[0.0,0.0,0.0,302.20574951171877,344.3207702636719,21.78622055053711,359.091552734375,358.0931091308594,359.2861328125,17.45632553100586,51.47472381591797,75.94539642333985,85.89999389648438,90.86994934082031,90.86994934082031,149.61264038085938,94.81748962402344,90.5038833618164,40.65805435180664,18.232563018798829,0.2552015781402588,359.2303161621094,342.65045166015627,341.63134765625,357.5353698730469,5.043079853057861,38.29967498779297,337.3411560058594,296.39453125,284.2976989746094,231.50869750976563,183.7001953125,179.30615234375,217.50662231445313,266.6058044433594,270.60491943359377,270.60491943359377,270.60491943359377,269.62109375,269.62109375,227.8247528076172,169.12290954589845,169.12290954589845,180.23387145996095],"time":48.40625,"mapName":"open1.map","timeDecision":0.0,"timeScan":0.0,"penalty_cost":0.0,"alpha":0.5,"beta":0.30000001192092898,"delta":180,"ip":"","os":"Windows 10  (10.0.0) 64bit"}