{"position":["22,2","22,2","22,2","22,2","22,3","21,7","21,10","20,12","20,12","21,12","22,13","22,17","22,20","21,25","20,28","20,31","21,33","20,34","17,34","15,34","15,34","15,34","15,33"],"rotationY":[0.0,0.0,0.0,302.4728698730469,344.91815185546877,357.7622985839844,342.3271484375,347.53948974609377,48.21201705932617,55.38969421386719,7.820377349853516,359.7425231933594,342.821533203125,341.3729248046875,357.26324462890627,14.402652740478516,337.4553527832031,292.3433837890625,269.2257385253906,239.32220458984376,264.8872985839844,238.9010467529297,190.98204040527345],"time":27.1875,"mapName":"open1.map","timeDecision":0.0,"timeScan":0.0,"penalty_cost":0.0,"alpha":0.0,"beta":0.20000000298023225,"delta":180,"ip":"","os":"Windows 10  (10.0.0) 64bit"}