{"position":["22,2","22,2","22,2","22,2","22,2","22,2","22,2","22,2","22,2","22,2","22,2","22,2","24,2","27,2","28,4","30,7","30,9","30,11","27,12","24,13","24,14","23,19","21,23","21,23","17,23","15,23","15,23","14,21","13,19","13,15","13,14","16,13","19,13","19,12","21,9","21,6","20,3","20,3","15,2","12,2","7,2","4,2","3,3","3,6","3,10","3,12","3,12","3,14","2,18","2,20","3,22","2,26","2,30","2,34","2,34","2,34","2,39","2,43","2,48","2,51","3,51","6,52","10,52","15,52","20,52","22,52","22,51","23,47","23,45","23,45","23,45","22,45","18,44","15,44","15,44","14,40","13,37","13,36","13,35","13,35","14,32"],"rotationY":[0.0,0.0,0.0,301.3312072753906,1.4113694429397584,61.8995475769043,0.9384579658508301,61.133636474609378,0.819340169429779,61.61980056762695,1.5275318622589112,62.380943298339847,90.04727172851563,62.22344207763672,30.0238037109375,18.927000045776368,346.8440856933594,308.6468505859375,288.5738525390625,311.62103271484377,345.267822265625,342.30474853515627,340.558837890625,283.0252380371094,271.7410888671875,297.40478515625,244.05865478515626,210.63351440429688,183.76300048828126,179.25701904296876,129.22789001464845,106.7467269897461,97.20842742919922,146.6660919189453,159.59207153320313,179.51162719726563,204.396728515625,254.1850128173828,258.14361572265627,270.25555419921877,270.25555419921877,290.12030029296877,327.5243225097656,359.0698547363281,0.2511284053325653,35.549659729003909,24.966938018798829,348.5755920410156,356.6682434082031,20.648059844970704,349.23638916015627,352.2166442871094,0.15517175197601319,10.086312294006348,54.94514846801758,1.6194193363189698,359.5958251953125,359.5958251953125,359.5958251953125,22.41527557373047,72.26950073242188,88.15247344970703,90.14657592773438,91.13285064697266,91.13285064697266,119.9683837890625,162.74925231933595,178.81138610839845,148.5782928466797,149.13575744628907,209.76712036132813,253.25453186035157,267.2856750488281,255.31637573242188,197.4437255859375,187.19313049316407,200.6316375732422,185.29556274414063,203.84158325195313,195.1722869873047,171.8436737060547],"time":85.6875,"mapName":"open1.map","timeDecision":0.0,"timeScan":0.0,"penalty_cost":0.0,"alpha":1.0000001192092896,"beta":0.30000001192092898,"delta":120,"ip":"","os":"Windows 10  (10.0.0) 64bit"}