{"position":["22,2","22,2","22,2","22,2","22,2","22,2","24,2","28,3","32,3","35,3","38,2","39,2","41,2","42,3","44,4","44,7","45,11","45,15","45,17","45,17","45,19","45,24","45,28","45,33","45,34","45,34","45,38","45,41","46,45","46,49","46,50","44,51","40,51","39,51","39,50","39,45","39,44","37,44","33,44","28,44","24,44","24,44","24,44","22,44","17,44","16,44","15,42","14,39","14,34"],"rotationY":[0.0,0.0,0.0,301.7127380371094,2.989316463470459,63.11437225341797,90.5436782836914,78.48751068115235,89.73868560791016,103.64991760253906,81.73893737792969,87.36860656738281,44.666099548339847,68.86268615722656,25.63153076171875,9.976847648620606,10.44406509399414,359.7820129394531,329.3491516113281,328.89501953125,357.7154846191406,359.7234802246094,0.9350772500038147,0.9350772500038147,315.1670837402344,345.7916564941406,357.7690124511719,13.691539764404297,7.727458477020264,359.79290771484377,312.0639953613281,286.10357666015627,273.01849365234377,224.00990295410157,182.5216827392578,180.5047149658203,230.27053833007813,264.0815124511719,268.20513916015627,270.1930847167969,276.12896728515627,317.85504150390627,257.4192199707031,266.7493896484375,270.72540283203127,227.51385498046876,198.37289428710938,180.4358673095703,179.38290405273438],"time":53.4921875,"mapName":"open1.map","timeDecision":0.0,"timeScan":0.0,"penalty_cost":0.0,"alpha":0.6000000238418579,"beta":0.5,"delta":120,"ip":"","os":"Windows 10  (10.0.0) 64bit"}