{"position":["22,2","22,2","22,2","22,2","22,3","22,5","22,8","22,13","22,17","22,21","22,21","19,22","15,22","14,22","14,22","11,23","9,23","9,23","8,23","8,23","4,23","4,23","4,23","4,23","3,25","3,27","4,28","6,28","6,29","7,31","7,34","6,34","3,35","3,37","2,40","2,45","2,49","3,51","4,51","8,52","12,52","17,52","21,52","23,52","23,51","23,47","23,46","26,45","29,44","33,44","38,44","38,44","38,44","38,44","38,44","38,44","39,41","39,37","39,37","37,36","33,36","28,36","24,36","21,36","17,35","16,35","15,36","15,36","15,36","13,36","9,35","5,35","3,35","2,37","2,40","2,45","2,48","3,51","5,51","8,52","13,52","17,52","19,52","19,52","19,52","20,50","21,47","20,46","19,45","14,43","13,43","13,41","14,37","14,33"],"rotationY":[0.0,0.0,0.0,302.0370788574219,344.69635009765627,20.175277709960939,358.0341796875,358.0341796875,0.048344988375902179,351.10235595703127,293.42291259765627,270.5593566894531,270.5593566894531,214.91403198242188,265.47393798828127,281.3307800292969,316.5856018066406,269.4101867675781,323.10723876953127,274.4239196777344,270.2843933105469,211.63832092285157,265.6507873535156,326.10308837890627,358.15606689453127,26.084314346313478,71.65644073486328,74.15877532958985,24.794668197631837,359.8335266113281,330.04541015625,287.94293212890627,310.8082580566406,345.4497375488281,357.3776550292969,359.3379211425781,2.319931983947754,33.70011901855469,73.46219635009766,85.11174774169922,90.98790740966797,90.98790740966797,89.97054290771485,128.7673797607422,178.3510284423828,181.28732299804688,129.25881958007813,108.43645477294922,89.54814910888672,89.54814910888672,89.54814910888672,147.77133178710938,93.5955810546875,33.098934173583987,88.0446548461914,148.81532287597657,163.3610382080078,179.42755126953126,236.74659729003907,267.1920471191406,270.61151123046877,270.61151123046877,270.6389465332031,252.7809600830078,263.96917724609377,310.78289794921877,307.7140197753906,246.84054565429688,232.28292846679688,256.80035400390627,269.7089538574219,269.7089538574219,310.5962829589844,343.532958984375,358.43182373046877,359.4257507324219,17.426639556884767,38.43170166015625,73.46975708007813,89.37379455566406,90.36775207519531,90.36775207519531,126.54694366455078,112.64720916748047,123.97023010253906,158.4248046875,177.98309326171876,216.45115661621095,251.45742797851563,251.45742797851563,207.69985961914063,168.54281616210938,174.48268127441407,179.59718322753907],"time":98.859375,"mapName":"open1.map","timeDecision":0.0,"timeScan":0.0,"penalty_cost":0.0,"alpha":0.4000000059604645,"beta":0.8000000715255737,"delta":180,"ip":"","os":"Windows 10  (10.0.0) 64bit"}