{"position":["22,2","22,2","22,2","22,2","22,3","21,7","22,8","22,11","22,11","22,11","23,11","25,12","28,12","28,11","28,8","28,3","28,3","24,2","24,2","20,2","16,2","11,2","7,2","4,2","3,4","2,7","2,10","3,12","4,12","8,13","12,13","13,13","16,13","19,13","20,12","21,8","21,5","20,3","20,3","16,2","12,2","8,2","4,2","4,3","2,6","2,9","3,12","3,12","7,13","11,13","13,13","14,13","18,13","19,13","20,10","21,7","21,4","20,3","18,3","15,2","10,2","6,2","4,2","3,4","2,7","2,10","3,12","3,13","3,13","5,13","9,13","12,13","13,15","14,18","14,21","14,26"],"rotationY":[0.0,0.0,0.0,301.8523254394531,344.1812744140625,356.7745361328125,25.121566772460939,359.9230041503906,316.09002685546877,16.824085235595704,63.7021369934082,89.5816421508789,120.16734313964844,166.03765869140626,181.0117645263672,181.0117645263672,241.35104370117188,253.38430786132813,281.0540771484375,271.3603515625,269.381591796875,269.381591796875,269.3990173339844,293.404541015625,328.3088073730469,343.3577575683594,4.771148204803467,35.102848052978519,78.13346862792969,88.56671905517578,91.20889282226563,72.61261749267578,89.48953247070313,112.92304229736328,150.84536743164063,162.02781677246095,183.08738708496095,212.75662231445313,266.83648681640627,260.0062561035156,268.7124328613281,270.6890869140625,279.63641357421877,328.7974548339844,340.9346618652344,0.9753425717353821,23.15167808532715,74.38416290283203,78.56647491455078,90.3769302368164,52.93315124511719,89.96190643310547,89.96190643310547,144.76773071289063,161.20762634277345,180.09352111816407,203.96432495117188,244.13885498046876,256.85302734375,266.79296875,268.8193359375,270.8580322265625,308.837890625,339.04278564453127,357.4612731933594,17.9857234954834,15.383068084716797,4.7576189041137699,65.05327606201172,93.0768051147461,91.12422180175781,62.26032257080078,31.760967254638673,13.799484252929688,0.050722379237413409,359.0386047363281],"time":80.66015625,"mapName":"open1.map","timeDecision":0.0,"timeScan":0.0,"penalty_cost":0.0,"alpha":0.5,"beta":0.30000001192092898,"delta":60,"ip":"","os":"Windows 10  (10.0.0) 64bit"}