{"position":["22,2","22,2","22,2","22,2","22,2","22,2","22,2","22,2","24,2","28,2","31,2","36,2","38,2","38,2","41,2","45,2","45,2","45,4","46,5","46,5","45,10","45,14","45,16","44,17","44,19","45,19","45,20","46,20","46,22","45,26","45,30","45,34","45,34","45,35","45,39","45,44","45,48","45,50","43,50","41,51","40,49","38,46","38,45","37,45","34,44","30,44","25,44","23,43","22,43","18,44","14,44","14,44","14,41","14,37","14,37","12,36","10,36","10,36","7,35","4,35","4,35","4,35","3,38","3,42","3,47","3,51","3,51","7,52","10,52","15,52","19,52","19,52","19,52","19,52","21,48","21,47","20,45","18,45","13,45","13,45","13,43","14,40","15,36","15,36","15,36","14,33"],"rotationY":[0.0,0.0,0.0,301.7536315917969,2.17303204536438,63.00023651123047,2.3731467723846437,63.107852935791019,90.7581787109375,75.70718383789063,89.97801971435547,89.97801971435547,53.87335205078125,65.12381744384766,89.9416732788086,85.97891998291016,25.927974700927736,2.255493402481079,49.39915466308594,352.46148681640627,356.4361572265625,359.7415466308594,327.15362548828127,348.6905212402344,28.361299514770509,37.99418258666992,48.74429702758789,21.881929397583009,346.34771728515627,353.4058532714844,0.36387762427330019,352.41448974609377,308.7718811035156,359.0748291015625,0.06887160986661911,0.06887160986661911,0.06887160986661911,321.2911376953125,286.7525329589844,248.90618896484376,219.9770965576172,206.3693389892578,200.9910430908203,252.4807891845703,268.38067626953127,270.476806640625,270.476806640625,239.52899169921876,285.14654541015627,284.16021728515627,269.1745300292969,208.497802734375,183.57687377929688,180.00369262695313,237.45999145507813,269.2680969238281,235.404296875,244.4071044921875,258.69488525390627,254.85794067382813,277.48712158203127,329.91827392578127,356.7614440917969,0.7645736932754517,0.7645736932754517,4.827592372894287,65.60781860351563,76.04784393310547,89.8740005493164,89.8740005493164,95.85765075683594,142.62744140625,94.79302215576172,150.7672882080078,160.91265869140626,204.9281768798828,236.88897705078126,270.84698486328127,270.84698486328127,214.07603454589845,180.0867156982422,164.7500457763672,153.8551788330078,107.9057388305664,168.45159912109376,187.62986755371095],"time":90.85546875,"mapName":"open1.map","timeDecision":0.0,"timeScan":0.0,"penalty_cost":0.0,"alpha":0.6000000238418579,"beta":0.20000000298023225,"delta":120,"ip":"","os":"Windows 10  (10.0.0) 64bit"}