{"position":["22,2","22,2","22,2","22,2","22,3","22,6","22,10","21,13","21,13","16,13","16,13","15,15","14,14","11,13","7,13","4,13","3,11","2,8","2,5","3,3","4,3","8,2","13,2","17,2","19,2","20,4","21,7","21,10","20,12","18,12","14,13","10,13","5,13","3,13","3,14","2,18","2,20","3,22","4,22","7,23","7,25","7,28","7,28","7,28","8,32","7,34","7,34","3,35","3,35","3,35","3,36","2,39","2,44","2,48","3,51","3,51","7,52","11,52","16,52","19,52","19,52","19,52","20,51","21,47","21,46","19,45","17,45","16,45","15,42","13,38","13,36","13,35","13,35","13,34"],"rotationY":[0.0,0.0,0.0,301.2658996582031,344.2837219238281,3.93839693069458,350.74664306640627,330.4922790527344,273.7607727050781,272.7630615234375,326.0824279785156,290.2532958984375,245.62356567382813,261.09796142578127,269.03570556640627,243.19546508789063,210.08189392089845,191.51516723632813,174.22390747070313,140.41055297851563,100.78813171386719,90.6369857788086,89.6168212890625,89.6168212890625,52.78327178955078,23.00627326965332,3.677582263946533,342.4694519042969,311.4423522949219,281.87591552734377,269.88323974609377,269.88323974609377,269.8533630371094,301.0450744628906,343.0206298828125,358.4381103515625,24.29180908203125,58.261478424072269,77.59532928466797,48.303489685058597,15.159302711486817,355.99200439453127,301.90484619140627,2.1835529804229738,10.24424934387207,341.138916015625,284.9013671875,276.9851989746094,232.40951538085938,293.65972900390627,342.7178039550781,0.14562620222568513,0.14562620222568513,0.14562620222568513,23.969802856445314,74.85696411132813,78.82693481445313,89.76097106933594,90.75301361083985,108.70020294189453,132.71632385253907,105.12744140625,148.85757446289063,161.088134765625,206.22463989257813,239.84115600585938,269.7232971191406,217.8335723876953,198.45010375976563,198.45010375976563,198.78225708007813,148.50537109375,125.26277160644531,166.1658935546875],"time":78.6796875,"mapName":"open1.map","timeDecision":0.0,"timeScan":0.0,"penalty_cost":0.0,"alpha":0.4000000059604645,"beta":0.7000000476837158,"delta":60,"ip":"","os":"Windows 10  (10.0.0) 64bit"}