{"position":["22,2","22,2","22,2","22,2","22,2","22,2","22,2","22,2","22,2","22,2","24,2","27,2","28,4","29,7","29,10","28,12","28,12","24,13","24,13","24,11","22,10","22,10","21,12","18,12","16,13","15,15","15,15","12,14","9,13","4,13","4,13","2,10","2,7","2,4","3,3","7,2","10,2","15,2","19,2","20,2","20,4","20,4","22,3","26,3","29,3","29,3","29,7","29,10","28,12","26,12","24,12","24,12","24,12","24,13","23,16","23,21","23,25","23,25","24,25","28,23","30,22","34,22","38,23","42,23","43,23","44,25","44,29","44,33","44,34","44,36","44,40","44,45","44,49","44,51","43,51","42,51","40,49","38,45","38,45","34,45","29,45","25,45","20,45","15,45","14,45","14,44","14,39","14,35"],"rotationY":[0.0,0.0,0.0,302.0747375488281,2.6170833110809328,302.10955810546877,2.83880352973938,63.42018508911133,2.752859115600586,62.86383819580078,90.51708984375,61.640533447265628,29.700326919555665,10.480390548706055,349.5596618652344,319.37420654296877,281.0240173339844,273.08953857421877,212.78109741210938,213.35772705078126,249.0496826171875,309.88739013671877,303.49169921875,283.4417724609375,311.2946472167969,317.8370056152344,257.5049743652344,255.54849243164063,267.31683349609377,270.2986755371094,213.61732482910157,198.73471069335938,179.87506103515626,156.00892639160157,111.25367736816406,102.07466125488281,89.14781188964844,89.14781188964844,89.14781188964844,35.04177474975586,36.4000129699707,96.96691131591797,94.07362365722656,90.92469024658203,63.09286117553711,2.4211015701293947,1.0560200214385987,335.2893371582031,304.4342346191406,266.44573974609377,237.3601837158203,231.3950653076172,292.3780517578125,343.06103515625,356.7846984863281,359.77789306640627,3.7548482418060304,63.804603576660159,113.58365631103516,112.5464859008789,89.69780731201172,76.75917053222656,84.96817016601563,90.00489044189453,40.17948532104492,8.031816482543946,359.7981872558594,359.7981872558594,319.7432556152344,358.75592041015627,359.7312316894531,359.7312316894531,0.725334107875824,324.93084716796877,275.3903503417969,234.753173828125,211.52685546875,206.40524291992188,264.4280090332031,269.1636657714844,270.15911865234377,270.15911865234377,270.15911865234377,270.15911865234377,227.3448028564453,180.00477600097657,180.00477600097657,180.00477600097657],"time":92.80859375,"mapName":"open1.map","timeDecision":0.0,"timeScan":0.0,"penalty_cost":0.0,"alpha":0.6000000238418579,"beta":0.10000000149011612,"delta":120,"ip":"","os":"Windows 10  (10.0.0) 64bit"}