{"position":["22,2","22,2","22,2","22,2","22,2","22,2","25,2","27,2","28,4","28,6","28,11","28,12","25,13","24,13","24,12","22,9","22,9","22,10","20,12","17,13","15,14","15,16","14,19","14,23"],"rotationY":[0.0,0.0,0.0,303.3500671386719,4.512547016143799,65.32720947265625,90.69325256347656,59.86703872680664,28.494653701782228,359.6578063964844,359.6578063964844,311.21875,286.68878173828127,239.24658203125,197.93199157714845,221.79725646972657,273.48577880859377,325.0609130859375,302.04168701171877,288.0421142578125,325.9433288574219,353.7455139160156,353.60870361328127,0.16812972724437715],"time":28.2578125,"mapName":"open1.map","timeDecision":0.0,"timeScan":0.0,"penalty_cost":0.0,"alpha":0.9000000953674316,"beta":0.8000000715255737,"delta":120,"ip":"","os":"Windows 10  (10.0.0) 64bit"}