{"position":["22,2","22,2","22,2","22,2","22,2","22,2","24,2","27,2","28,4","28,6","28,11","28,15","28,16","31,17","34,18","38,18","38,18","38,21","38,22","38,22","40,22","43,22","43,22","43,22","43,21","42,19","43,18","45,15","45,12","45,7","45,7","43,6","43,6","43,6","44,6","45,3","46,1","46,1","44,1","41,2","39,3","38,3","34,3","31,2","31,2","29,5","29,9","29,12","30,16","30,17","32,17","36,18","37,18","38,20","38,22","39,22","43,23","44,23","45,25","45,28","45,33","45,34","45,34","45,34","46,35","45,36","44,38","44,42","44,45","44,45","44,46","44,49","43,50","40,51","40,51","39,48","38,45","38,45","34,45","31,45","26,43","24,43","24,43","20,44","17,44","15,44","15,42","15,39","15,36","15,35","15,34","15,34"],"rotationY":[0.0,0.0,0.0,302.33270263671877,2.585507869720459,63.426334381103519,90.83444213867188,63.00466537475586,30.7664852142334,359.3830261230469,359.3830261230469,359.3830261230469,51.64224624633789,70.41271209716797,87.11919403076172,83.10684204101563,22.573057174682618,358.648193359375,359.48602294921877,59.529239654541019,88.8687744140625,70.27995300292969,78.93648529052735,139.1992645263672,190.92230224609376,159.11404418945313,152.44064331054688,161.39930725097657,179.27471923828126,180.23719787597657,238.46221923828126,206.54449462890626,146.4303741455078,90.94563293457031,145.72381591796876,157.05947875976563,187.17379760742188,246.78994750976563,284.9010009765625,306.39862060546877,277.84100341796877,263.42938232421877,256.3776550292969,274.38018798828127,328.7720031738281,343.4911804199219,358.4352722167969,12.862032890319825,1.475014328956604,43.61394500732422,77.82933807373047,86.29901885986328,39.55769348144531,6.689952850341797,28.6385440826416,73.06246948242188,84.99061584472656,48.226600646972659,17.40117645263672,0.3485696315765381,0.3485696315765381,310.561767578125,349.3981628417969,41.17316436767578,351.4530944824219,312.22119140625,353.2510681152344,355.265380859375,16.073720932006837,46.31647491455078,1.774446964263916,337.848876953125,297.91241455078127,275.05059814453127,213.7319793701172,193.44384765625,212.7844696044922,268.8175048828125,271.62109375,253.44371032714845,251.45538330078126,258.84796142578127,276.17529296875,283.3710632324219,270.4427490234375,226.67027282714845,193.4375457763672,180.3272705078125,152.0323944091797,191.1793212890625,133.70384216308595,185.96029663085938],"time":96.734375,"mapName":"open1.map","timeDecision":0.0,"timeScan":0.0,"penalty_cost":0.0,"alpha":0.9000000953674316,"beta":0.5,"delta":180,"ip":"","os":"Windows 10  (10.0.0) 64bit"}