{"position":["22,2","22,2","22,2","22,2","22,2","23,6","23,9","23,12","22,17","20,21","20,24","20,27","22,32","22,32","20,34","17,35","15,35","13,35","9,35","9,35","9,35","9,35","8,32","7,30","7,30","8,26","9,24","11,24","13,24","13,25"],"rotationY":[0.0,0.0,0.0,301.6083068847656,1.912756323814392,13.223997116088868,359.7962646484375,342.67425537109377,341.6417541503906,343.6213684082031,359.9062805175781,17.886898040771486,17.886898040771486,320.7327880859375,295.87750244140627,284.6332702636719,300.5310363769531,269.8646240234375,263.90716552734377,215.67996215820313,262.24908447265627,202.02537536621095,197.0591583251953,224.82095336914063,169.70111083984376,156.7476806640625,126.1417236328125,92.51876068115235,58.66209030151367,13.659835815429688],"time":34.2578125,"mapName":"open1.map","timeDecision":0.0,"timeScan":0.0,"penalty_cost":0.0,"alpha":0.10000000149011612,"beta":0.6000000238418579,"delta":180,"ip":"","os":"Windows 10  (10.0.0) 64bit"}