{"position":["22,2","22,2","22,2","22,2","22,2","22,2","25,2","28,2","31,2","36,2","38,2","38,2","40,2","45,2","45,2","45,4","45,9","45,13","45,17","45,17","45,18","45,22","45,27","45,31","45,34","45,34","45,36","45,41","45,45","45,50","45,50","42,51","42,51","39,48","38,46","38,45","36,44","33,44","28,44","25,44","24,43","24,42","23,43","21,44","17,44","13,44","13,44","13,42","14,39","14,36","14,36","14,34"],"rotationY":[0.0,0.0,0.0,302.3558349609375,3.127863645553589,64.432373046875,90.06808471679688,72.01922607421875,90.18830871582031,90.18830871582031,59.37430191040039,60.57925033569336,89.98702239990235,89.98702239990235,31.32410430908203,359.04632568359377,359.04632568359377,359.04632568359377,347.9194641113281,311.0632629394531,359.49224853515627,0.4615567624568939,0.4615567624568939,0.4615567624568939,332.6344909667969,327.6454772949219,358.5867004394531,0.5746884346008301,0.5746884346008301,0.5746884346008301,302.611572265625,285.701171875,228.73117065429688,219.6341552734375,188.7423095703125,221.02908325195313,252.97088623046876,268.3533630371094,270.3257751464844,251.27809143066407,213.5605010986328,267.5537414550781,313.2381591796875,282.2848815917969,273.39312744140627,266.4655456542969,205.67843627929688,169.3040771484375,179.91209411621095,207.2782745361328,213.76431274414063,182.79736328125],"time":56.45703125,"mapName":"open1.map","timeDecision":0.0,"timeScan":0.0,"penalty_cost":0.0,"alpha":0.8000000715255737,"beta":0.7000000476837158,"delta":30,"ip":"","os":"Windows 10  (10.0.0) 64bit"}