{"position":["22,2","22,2","22,2","22,2","22,2","22,2","24,2","27,2","28,4","29,7","29,10","28,12","29,14","29,17","30,17","34,18","38,18","38,18","38,19","39,19","38,21","38,22","38,22","39,22","39,22","39,22","37,22","34,23","30,23","26,23","24,23","24,25","23,28","23,33","23,33","26,34","29,35","34,35","38,35","38,36","39,38","41,41","41,41","38,43","36,44","33,44","28,44","24,44","19,44","14,44","13,44","13,43","13,40","14,38","13,36","13,36","13,35"],"rotationY":[0.0,0.0,0.0,301.84796142578127,2.1306710243225099,62.914573669433597,90.70431518554688,62.83883285522461,30.735374450683595,11.144760131835938,350.8459777832031,338.2994689941406,9.77963638305664,32.64166259765625,72.93211364746094,90.92094421386719,87.97392272949219,27.889625549316408,27.358917236328126,26.888530731201173,349.2148132324219,354.20758056640627,54.406986236572269,46.92910385131836,346.31719970703127,285.54730224609377,271.8804931640625,280.02374267578127,270.7152099609375,269.6925354003906,307.15533447265627,342.72137451171877,357.6581115722656,0.7227746248245239,57.071659088134769,70.72183227539063,89.62986755371094,90.6224594116211,87.62519073486328,35.233882904052737,15.360754013061524,32.63727569580078,332.5697021484375,313.6107177734375,290.30780029296877,272.4340515136719,269.8146057128906,269.8146057128906,269.8146057128906,270.80859375,227.900390625,179.393310546875,165.73233032226563,196.22036743164063,237.92481994628907,212.34365844726563,169.866943359375],"time":61.48828125,"mapName":"open1.map","timeDecision":0.0,"timeScan":0.0,"penalty_cost":0.0,"alpha":0.8000000715255737,"beta":0.10000000149011612,"delta":60,"ip":"","os":"Windows 10  (10.0.0) 64bit"}