{"position":["22,2","22,2","22,2","22,2","22,2","23,6","23,9","23,13","22,17","20,21","20,24","21,27","22,32","24,36","24,37","21,40","20,43","19,43","16,43","15,43","14,40","14,37","14,36","16,36","16,36","15,34"],"rotationY":[0.0,0.0,0.0,301.8491516113281,2.613291025161743,12.925230979919434,0.4890693128108978,342.8708801269531,340.86572265625,343.84765625,0.4283721148967743,17.402637481689454,18.404638290405275,18.404638290405275,329.64434814453127,319.8094482421875,336.8531494140625,286.841064453125,267.95782470703127,220.0736541748047,197.30406188964845,183.58938598632813,128.72198486328126,117.50386047363281,178.2461700439453,192.81715393066407],"time":30.31640625,"mapName":"open1.map","timeDecision":0.0,"timeScan":0.0,"penalty_cost":0.0,"alpha":0.0,"beta":0.0,"delta":120,"ip":"","os":"Windows 10  (10.0.0) 64bit"}