{"position":["22,2","22,2","22,2","22,2","22,2","22,2","25,2","27,2","28,4","28,6","28,11","28,12","26,13","24,13","24,12","24,9","24,8","23,8","20,7","20,7","20,4","20,3","17,2","13,2","9,2","4,2","1,2","1,2","1,5","2,8","2,11","3,12","7,13","10,13","15,13","16,13","16,13","20,13","20,13","21,16","21,20","20,22","19,22","15,23","11,23","9,23","9,23","7,23","4,23","3,25","3,27","3,28","3,28","2,32","3,34","2,37","2,41","2,45","2,49","3,51","5,51","8,52","13,52","17,52","20,52","20,51","21,48","21,45","20,45","17,44","14,44","14,43","14,39","14,35"],"rotationY":[0.0,0.0,0.0,302.9063720703125,3.5190303325653078,64.42271423339844,90.81157684326172,60.96162414550781,29.121885299682618,0.2845596373081207,359.29046630859377,312.661865234375,286.61932373046877,241.34881591796876,196.55662536621095,179.70724487304688,228.45803833007813,276.51922607421877,249.68115234375,194.79885864257813,182.48106384277345,237.16087341308595,252.39144897460938,270.32049560546877,270.32049560546877,270.32049560546877,288.1896057128906,348.03204345703127,15.351743698120118,3.5102710723876955,22.484676361083986,67.82194519042969,75.26466369628906,90.37725067138672,90.37725067138672,43.725711822509769,77.24286651611328,90.12681579589844,34.47909927368164,17.412185668945314,0.9134856462478638,333.703125,285.36688232421877,282.33587646484377,269.3207702636719,299.1041259765625,300.1658020019531,270.15533447265627,295.0400695800781,326.6951599121094,0.08868389576673508,43.989402770996097,348.81597900390627,359.76910400390627,10.791080474853516,352.7311706542969,359.687255859375,359.687255859375,11.686068534851075,42.088478088378909,78.18907165527344,90.1292495727539,90.1292495727539,90.1292495727539,116.96722412109375,163.43930053710938,177.6126708984375,203.89691162109376,253.9295196533203,266.8851318359375,239.85699462890626,190.98512268066407,179.54981994628907,179.54981994628907],"time":78.6796875,"mapName":"open1.map","timeDecision":0.0,"timeScan":0.0,"penalty_cost":0.0,"alpha":1.0000001192092896,"beta":0.8000000715255737,"delta":180,"ip":"","os":"Windows 10  (10.0.0) 64bit"}