{"position":["22,2","22,2","22,2","22,2","22,2","22,2","25,2","27,2","28,4","29,7","29,10","28,12","28,13","28,13","27,13","24,13","20,13","16,13","15,14","15,16","14,19","14,22","14,22","16,22","20,22","20,22","20,22","20,22","21,25","21,29","21,32","20,34","19,34","15,35","15,35","12,35","12,35","12,35","10,34","10,33","9,33","7,32","7,30","7,30","7,30","8,30","12,30","14,30"],"rotationY":[0.0,0.0,0.0,302.8682861328125,3.479405403137207,64.05352783203125,90.39542388916016,61.56945037841797,29.14861488342285,11.825674057006836,349.8482971191406,336.6465759277344,3.022909641265869,302.27728271484377,265.2562561035156,273.09588623046877,269.5492858886719,281.4916687011719,326.9041442871094,0.4533429741859436,339.3128662109375,356.42010498046877,52.593040466308597,91.3966293334961,94.49171447753906,150.22059631347657,90.12661743164063,29.20201301574707,15.366767883300782,0.6413158178329468,340.4339294433594,309.68060302734377,284.281005859375,282.258056640625,255.47360229492188,253.38803100585938,224.41635131835938,253.01858520507813,222.9961700439453,198.30189514160157,246.31094360351563,217.4793243408203,191.47108459472657,192.3411407470703,137.06529235839845,85.3720932006836,86.87711334228516,135.57522583007813],"time":52.375,"mapName":"open1.map","timeDecision":0.0,"timeScan":0.0,"penalty_cost":0.0,"alpha":0.6000000238418579,"beta":0.5,"delta":180,"ip":"","os":"Windows 10  (10.0.0) 64bit"}