{"position":["22,2","22,2","22,2","22,2","22,3","21,7","21,10","20,12","18,12","14,13","10,13","5,13","4,13","3,15","2,18","2,21","3,22","7,23","10,23","11,23","12,23","12,23","13,26"],"rotationY":[0.0,0.0,0.0,301.42816162109377,344.6864318847656,358.4496154785156,343.2434997558594,312.48870849609377,282.1371765136719,270.158935546875,269.181884765625,269.181884765625,313.9148864746094,341.8871765136719,359.8626403808594,23.37694549560547,60.28732681274414,72.39613342285156,90.79322814941406,133.47085571289063,85.83870697021485,31.560626983642579,15.391925811767579],"time":27.21875,"mapName":"open1.map","timeDecision":0.0,"timeScan":0.0,"penalty_cost":0.0,"alpha":0.10000000149011612,"beta":0.6000000238418579,"delta":120,"ip":"","os":"Windows 10  (10.0.0) 64bit"}