{"position":["22,2","22,2","22,2","22,2","22,2","22,2","24,2","27,2","28,4","28,6","28,11","28,12","28,12","29,14","30,17","30,17","34,18","37,18","42,18","43,18","44,16","45,13","45,8","45,7","43,6","41,6","41,5","40,2","39,2","35,2","31,2","31,3","29,6","29,9","28,12","28,12","25,12","24,12","23,14","22,17","21,18","21,19","20,22","20,22","17,23","16,23","15,26"],"rotationY":[0.0,0.0,0.0,302.2703857421875,2.5322301387786867,63.506866455078128,90.88600158691406,63.05397033691406,31.691614151000978,0.042701225727796558,0.042701225727796558,315.3104248046875,344.3055419921875,10.911733627319336,35.44298553466797,89.13048553466797,77.2362289428711,87.17620086669922,89.16405487060547,137.87200927734376,161.6820068359375,180.5782012939453,180.5782012939453,227.51499938964845,257.99615478515627,246.061767578125,197.5585174560547,219.44654846191407,266.4115905761719,270.6037902832031,276.5574645996094,326.5579528808594,342.62237548828127,359.5457763671875,339.96112060546877,284.2688903808594,264.3785400390625,310.4559326171875,342.6984558105469,326.23895263671877,14.612894058227539,356.3896179199219,330.0873107910156,275.1221923828125,282.80743408203127,325.9005126953125,345.8725280761719],"time":51.4609375,"mapName":"open1.map","timeDecision":0.0,"timeScan":0.0,"penalty_cost":0.0,"alpha":0.8000000715255737,"beta":0.10000000149011612,"delta":30,"ip":"","os":"Windows 10  (10.0.0) 64bit"}