{"position":["22,2","22,2","22,2","22,2","22,3","22,5","23,9","23,12","22,16","20,20","20,22","17,23","16,23","15,26"],"rotationY":[0.0,0.0,0.0,302.5978698730469,344.4994201660156,21.042720794677736,12.86783218383789,350.8162536621094,341.83013916015627,341.83013916015627,312.25640869140627,284.91387939453127,326.7088928222656,345.8131408691406],"time":18.16015625,"mapName":"open1.map","timeDecision":0.0,"timeScan":0.0,"penalty_cost":0.0,"alpha":0.4000000059604645,"beta":0.9000000953674316,"delta":30,"ip":"","os":"Windows 10  (10.0.0) 64bit"}