{"position":["22,2","22,2","22,2","22,2","22,2","22,2","22,2","22,2","24,2","28,2","31,2","36,2","37,2","38,4","39,4","43,5","44,7","45,10","45,13","45,16","44,17","40,18","37,18","33,18","29,18","29,18","29,15","28,14","26,14","23,14","23,14","22,14","18,13","16,12","14,13","14,14","14,17","13,19","14,22","14,22","14,25"],"rotationY":[0.0,0.0,0.0,301.86639404296877,2.3974833488464357,62.702545166015628,1.5467987060546876,61.68706512451172,90.10107421875,75.18594360351563,90.53656005859375,90.53656005859375,43.81851577758789,52.400169372558597,73.41940307617188,71.40682983398438,34.03455352783203,18.132282257080079,0.012637817300856114,339.976318359375,300.5826110839844,288.4119567871094,269.8311767578125,269.8311767578125,254.9390869140625,194.78506469726563,197.09751892089845,236.14773559570313,269.55804443359377,290.7484436035156,303.0741271972656,250.50762939453126,250.50762939453126,281.7569580078125,316.560791015625,0.5133937001228333,346.84765625,13.290226936340332,39.73368453979492,27.324857711791993,3.1310102939605715],"time":45.365234375,"mapName":"open1.map","timeDecision":0.0,"timeScan":0.0,"penalty_cost":0.0,"alpha":0.8000000715255737,"beta":0.9000000953674316,"delta":30,"ip":"","os":"Windows 10  (10.0.0) 64bit"}