{"position":["22,2","22,2","22,2","22,2","22,3","22,5","22,8","22,12","22,17","22,21","22,21","18,22","16,23","15,26"],"rotationY":[0.0,0.0,0.0,302.1325988769531,344.24346923828127,19.104856491088868,355.5197448730469,359.1142272949219,0.26155081391334536,354.3120422363281,293.50128173828127,288.524169921875,322.4029846191406,343.9673767089844],"time":18.138671875,"mapName":"open1.map","timeDecision":0.0,"timeScan":0.0,"penalty_cost":0.0,"alpha":0.4000000059604645,"beta":0.4000000059604645,"delta":30,"ip":"","os":"Windows 10  (10.0.0) 64bit"}