{"position":["22,2","22,2","22,2","22,2","22,2","22,2","22,2","22,2","24,2","27,2","28,4","28,6","28,11","28,12","28,12","29,14","30,17","31,17","35,18","37,18","38,20","38,22","38,22","42,23","44,23","44,24","45,27","45,32","45,34","45,34","45,36","45,40","46,44","46,47","45,50","44,50","41,51","41,51","41,48","41,46","39,46","35,44","31,44","27,44","24,44","22,43","19,43","16,44","16,44","14,41","14,38","14,33"],"rotationY":[0.0,0.0,0.0,302.18975830078127,2.6789300441741945,62.906890869140628,2.4780852794647219,62.74864196777344,90.02812194824219,62.69264602661133,29.567485809326173,359.3763427734375,359.3763427734375,313.27093505859377,345.9902038574219,11.942520141601563,35.41571807861328,76.20828247070313,83.16639709472656,57.32106018066406,24.19869041442871,11.303903579711914,71.38702392578125,78.3096694946289,66.34992980957031,17.682836532592775,0.23338380455970765,0.23338380455970765,329.4193420410156,329.88330078125,357.1839904785156,14.054438591003418,8.081873893737793,350.17156982421877,331.5340576171875,286.3262634277344,265.1802062988281,204.7373504638672,182.9601593017578,216.8126220703125,253.35752868652345,253.35752868652345,267.9062194824219,269.88665771484377,247.93997192382813,260.75482177734377,284.885498046875,269.9117431640625,211.35446166992188,198.94906616210938,179.65943908691407,179.65943908691407],"time":56.4375,"mapName":"open1.map","timeDecision":0.0,"timeScan":0.0,"penalty_cost":0.0,"alpha":1.0000001192092896,"beta":0.30000001192092898,"delta":180,"ip":"","os":"Windows 10  (10.0.0) 64bit"}