{"position":["22,2","22,2","22,2","22,2","22,3","22,6","22,10","22,15","21,18","20,22","20,22","16,23","15,24"],"rotationY":[0.0,0.0,0.0,302.084228515625,344.3001403808594,6.4271087646484379,0.5327141880989075,359.54071044921877,343.5212097167969,335.4539794921875,282.7868957519531,290.72247314453127,331.891845703125],"time":17.11328125,"mapName":"open1.map","timeDecision":0.0,"timeScan":0.0,"penalty_cost":0.0,"alpha":0.10000000149011612,"beta":0.30000001192092898,"delta":60,"ip":"","os":"Windows 10  (10.0.0) 64bit"}