{"position":["22,2","22,2","22,2","22,2","22,2","22,2","22,2","22,2","25,2","27,2","28,4","28,6","28,11","28,12","28,13","28,13","26,13","25,13","25,13","24,15","24,17","24,17","24,17","24,16","24,14","25,14","28,14","28,15","29,18","30,18","34,18","37,18","38,19","38,21","38,22","38,22","38,22","41,23","44,23","44,23","45,27","45,30","45,34","45,34","45,35","45,39","45,43","46,47","46,50","46,50","43,51","39,51","39,51","39,48","39,44","39,44","36,44","31,44","26,44","25,44","24,42","24,42","23,43","20,44","16,44","16,43","14,40","14,37","14,33"],"rotationY":[0.0,0.0,0.0,303.08648681640627,3.1324331760406496,63.777793884277347,3.1987085342407228,63.706138610839847,90.73101043701172,60.92797088623047,29.60769271850586,359.2756042480469,359.2756042480469,336.3677673339844,1.3870259523391724,300.63226318359377,272.08062744140627,245.25035095214845,305.9061279296875,338.5196228027344,10.85389232635498,71.11441802978516,131.69998168945313,176.7526092529297,138.6229248046875,92.77560424804688,68.31133270263672,16.194717407226564,30.118064880371095,79.037841796875,90.66107177734375,73.69020080566406,31.95370101928711,1.1397759914398194,307.85302734375,353.5993957519531,53.9196891784668,72.37980651855469,85.31903839111328,24.75705337524414,17.132104873657228,0.2660176157951355,349.33184814453127,311.784912109375,357.0567321777344,0.05194767937064171,12.930625915527344,5.004312515258789,344.230712890625,286.54730224609377,272.5943603515625,257.2729187011719,196.47640991210938,180.32826232910157,194.299560546875,249.98751831054688,270.3189697265625,270.3189697265625,270.3189697265625,226.15408325195313,232.07144165039063,292.5380554199219,294.91156005859377,274.23931884765627,261.3358459472656,211.4270477294922,199.18043518066407,179.77813720703126,179.77813720703126],"time":73.59375,"mapName":"open1.map","timeDecision":0.0,"timeScan":0.0,"penalty_cost":0.0,"alpha":1.0000001192092896,"beta":0.10000000149011612,"delta":180,"ip":"","os":"Windows 10  (10.0.0) 64bit"}