{"position":["22,2","22,2","22,2","22,2","22,2","21,5","21,9","21,14","21,18","22,21","22,21","19,22","16,23","15,25"],"rotationY":[0.0,0.0,0.0,302.28216552734377,2.8745927810668947,347.6354064941406,359.6957092285156,359.6957092285156,3.6717047691345217,13.103363990783692,312.92572021484377,290.7087097167969,304.39910888671877,340.6262512207031],"time":18.1015625,"mapName":"open1.map","timeDecision":0.0,"timeScan":0.0,"penalty_cost":0.0,"alpha":0.20000000298023225,"beta":0.9000000953674316,"delta":120,"ip":"","os":"Windows 10  (10.0.0) 64bit"}