{"position":["22,2","22,2","22,2","22,2","22,3","22,5","22,8","22,12","22,17","22,21","22,21","18,23","16,23","15,26"],"rotationY":[0.0,0.0,0.0,301.994140625,344.9574890136719,20.926475524902345,358.9266357421875,358.9266357421875,358.9266357421875,349.6971740722656,293.451416015625,288.475830078125,326.4355163574219,345.2814636230469],"time":18.1026611328125,"mapName":"open1.map","timeDecision":0.0,"timeScan":0.0,"penalty_cost":0.0,"alpha":0.20000000298023225,"beta":1.0,"delta":180,"ip":"","os":"Windows 10  (10.0.0) 64bit"}