{"position":["22,2","22,2","22,2","22,2","22,2","21,6","21,9","21,14","21,18","22,21","22,21","19,22","16,23","15,25"],"rotationY":[0.0,0.0,0.0,301.63458251953127,-0.0019524256931617857,347.3167724609375,0.049497418105602267,0.049497418105602267,5.010072708129883,10.703207969665528,310.2034606933594,288.6819152832031,307.5678405761719,343.2881774902344],"time":18.15625,"mapName":"open1.map","timeDecision":0.0,"timeScan":0.0,"penalty_cost":0.0,"alpha":0.0,"beta":0.0,"delta":180,"ip":"","os":"Windows 10  (10.0.0) 64bit"}