{"position":["22,2","22,2","22,2","22,2","22,3","22,6","22,11","22,15","22,19","21,22","20,22","16,23","15,24"],"rotationY":[0.0,0.0,0.0,301.4388732910156,345.14605712890627,4.34716272354126,1.0799572467803956,1.0799572467803956,349.3582763671875,330.3338623046875,283.86322021484377,283.8247375488281,325.9900207519531],"time":17.1171875,"mapName":"open1.map","timeDecision":0.0,"timeScan":0.0,"penalty_cost":0.0,"alpha":0.10000000149011612,"beta":0.4000000059604645,"delta":180,"ip":"","os":"Windows 10  (10.0.0) 64bit"}