{"position":["22,2","22,2","22,2","22,2","20,2","15,2","11,2","6,2","3,2","3,2","2,6","2,9","3,12","5,12","8,13","12,13","17,13","20,13","20,13","22,13","26,13","28,13","28,11","29,8","29,5","28,3","26,3","24,3","23,5","22,6","22,6","20,3","17,2","13,2","9,2","4,2","1,2","1,2","1,6","1,9","2,12","2,12","2,12","2,17","2,20","3,22","5,22","9,23","11,23","12,21","13,19","13,15","13,14","13,14","13,14","10,13","7,13","3,13","3,13","2,9","2,6","3,3","3,3","7,3","12,3","17,3","20,3","20,3","22,2","26,2","27,2","28,4","29,7","29,10","28,12","27,12","24,13","24,13","24,11","23,11","22,11","19,14","16,14","15,14","14,16","14,19","14,24"],"rotationY":[0.0,0.0,0.0,302.303466796875,270.0302429199219,269.0362548828125,269.0362548828125,269.0362548828125,288.92767333984377,342.8253479003906,357.2764587402344,16.691646575927736,38.68612289428711,71.9238510131836,89.72218322753906,90.71266174316406,90.71266174316406,69.88032531738281,50.85738754272461,88.5767593383789,89.59565734863281,127.3674545288086,163.24478149414063,177.16078186035157,197.0409393310547,234.81289672851563,266.3123474121094,304.2430114746094,324.3371276855469,274.48651123046877,218.25326538085938,236.30148315429688,252.5008544921875,269.4107360839844,270.4049072265625,270.4049072265625,288.34930419921877,344.2760314941406,0.057465337216854098,17.543867111206056,38.015830993652347,57.93880081176758,2.801304817199707,0.8692120313644409,15.104762077331543,52.187095642089847,76.9551773071289,86.47332763671875,119.64225006103516,150.99526977539063,179.13909912109376,180.16412353515626,125.32022857666016,174.48062133789063,235.41183471679688,252.94297790527345,268.0115661621094,257.05340576171877,197.4237060546875,188.48878479003907,168.04434204101563,151.02374267578126,91.13996887207031,90.1646499633789,90.1646499633789,90.1646499633789,73.29080963134766,73.49215698242188,101.46002197265625,93.48076629638672,41.777347564697269,17.87815284729004,0.0043463269248604778,335.7217712402344,302.92120361328127,283.25634765625,257.3650207519531,196.73338317871095,211.38778686523438,260.35699462890627,303.3591003417969,303.3591003417969,270.5445861816406,312.26397705078127,342.91400146484377,0.028763938695192338,0.028763938695192338],"time":91.8046875,"mapName":"open1.map","timeDecision":0.0,"timeScan":0.0,"penalty_cost":0.0,"alpha":0.8000000715255737,"beta":0.5,"delta":120,"ip":"","os":"Windows 10  (10.0.0) 64bit"}