{"position":["22,2","22,2","22,2","22,2","22,2","22,2","25,2","28,2","31,2","36,2","38,2","38,2","41,2","42,2","43,4","44,8","45,12","45,16","45,17","45,17","45,21","45,25","45,30","45,34","46,37","46,41","46,44","44,49","42,52","42,52","39,51","38,51","39,49","39,45","39,45","36,44","32,44","28,44","24,44","24,44","24,42","24,42","20,44","17,44","16,44","15,41","14,38","14,36","14,36","14,34"],"rotationY":[0.0,0.0,0.0,302.0043640136719,2.8603506088256838,63.74008560180664,90.81397247314453,74.87816619873047,89.86907196044922,89.86907196044922,55.08320617675781,64.55419158935547,89.53457641601563,48.76294708251953,14.921393394470215,14.921393394470215,2.9797513484954836,0.78071129322052,310.45147705078127,349.4228210449219,357.8106384277344,359.80645751953127,359.80645751953127,5.789788246154785,8.828739166259766,0.6723910570144653,342.8034362792969,341.78240966796877,326.8724670410156,270.1807861328125,258.4912109375,201.73304748535157,171.5118865966797,180.68409729003907,241.49794006347657,260.8584899902344,268.61138916015627,269.9207763671875,257.4193115234375,197.25375366210938,234.52090454101563,294.55792236328127,290.5819091796875,270.39654541015627,216.28305053710938,198.70907592773438,179.70962524414063,146.4453887939453,151.29421997070313,177.7455596923828],"time":54.4609375,"mapName":"open1.map","timeDecision":0.0,"timeScan":0.0,"penalty_cost":0.0,"alpha":0.9000000953674316,"beta":0.9000000953674316,"delta":180,"ip":"","os":"Windows 10  (10.0.0) 64bit"}