{"position":["22,2","22,2","22,2","22,2","22,3","22,6","22,11","22,15","22,20","22,24","22,28","22,33","22,33","18,34","16,35","15,37","14,41","15,43","15,43","19,44","19,44","19,44","20,46","21,49","21,50","19,51","16,52","12,52","8,52","3,52","1,52","1,51","1,48","2,45","2,40","2,36","2,36","2,36","2,32","3,30","3,30","7,29","7,28","8,25","9,24","13,24","13,24","14,24","14,24","14,27"],"rotationY":[0.0,0.0,0.0,303.07330322265627,344.6764831542969,4.573513984680176,1.0682346820831299,359.79833984375,359.79833984375,359.2688903808594,359.2688903808594,358.2749328613281,297.8139343261719,288.7867736816406,317.6307678222656,350.5162353515625,345.53955078125,21.26140022277832,73.96420288085938,82.90226745605469,125.05384063720703,64.25081634521485,32.99455261230469,15.471921920776368,333.14398193359377,294.79498291015627,277.50482177734377,269.5220642089844,269.5220642089844,269.5220642089844,232.7216796875,184.5561065673828,163.45030212402345,176.1080780029297,180.2346954345703,175.15174865722657,124.2687759399414,179.59228515625,166.67022705078126,134.21865844726563,104.77715301513672,117.17179870605469,163.1342010498047,146.1293487548828,108.10478973388672,93.69828796386719,65.61772918701172,86.41754913330078,26.394323348999025,5.938866138458252],"time":54.390625,"mapName":"open1.map","timeDecision":0.0,"timeScan":0.0,"penalty_cost":0.0,"alpha":0.20000000298023225,"beta":1.0000001192092896,"delta":120,"ip":"","os":"Windows 10  (10.0.0) 64bit"}