{"position":["22,2","22,2","22,2","22,2","22,2","21,5","22,7","22,10","23,11","25,12","28,12","28,12","29,9","29,5","30,3","32,3","35,2","37,2","38,4","39,4","41,3","44,2","44,2","45,5","45,9","45,13","45,17","45,17","45,18","45,22","45,27","45,31","45,34","45,34","45,36","45,40","45,44","46,47","45,48","43,50","40,51","40,51","40,48","38,44","38,42","38,42","38,42","38,43","36,43","33,44","29,44","24,44","19,44","15,44","15,44","14,40","14,37","13,36","12,36","8,35","4,34","3,34","3,34","3,29","3,25","3,24","6,23","6,23","7,25","8,28","8,28","8,28","9,24","9,24","12,24","13,24","14,24","14,24"],"rotationY":[0.0,0.0,0.0,303.6402893066406,358.87957763671877,349.4521484375,23.95178985595703,2.9963388442993166,40.753700256347659,73.69568634033203,94.9599838256836,155.7144012451172,175.63943481445313,163.71136474609376,137.42657470703126,101.6287612915039,89.70098114013672,49.940792083740237,47.276241302490237,98.99928283691406,104.33141326904297,83.42023468017578,22.497718811035158,14.474210739135743,1.9555339813232422,359.9674072265625,350.76873779296877,308.2002258300781,357.62884521484377,359.6369934082031,359.6369934082031,0.6310613751411438,335.76641845703127,324.9865417480469,359.11309814453127,0.10717670619487763,13.029133796691895,0.14734181761741639,314.2734069824219,290.1673583984375,263.31805419921877,203.00209045410157,198.30886840820313,198.30886840820313,221.85043334960938,282.82867431640627,343.0094299316406,325.4254150390625,286.5277099609375,270.62371826171877,269.6298522949219,269.6298522949219,269.6298522949219,265.6378173828125,205.53811645507813,194.1432647705078,186.2956085205078,228.99964904785157,265.81097412109377,254.16580200195313,256.7879943847656,240.8266143798828,183.01544189453126,180.00474548339845,180.00474548339845,127.28158569335938,107.29634857177735,54.723819732666019,19.308744430541993,33.40864562988281,93.64013671875,153.7715606689453,164.38523864746095,109.42951202392578,91.32472229003906,64.82461547851563,86.8861083984375,25.98935317993164],"time":82.7265625,"mapName":"open1.map","timeDecision":0.0,"timeScan":0.0,"penalty_cost":0.0,"alpha":0.10000000149011612,"beta":0.10000000149011612,"delta":120,"ip":"","os":"Windows 10  (10.0.0) 64bit"}