{"position":["22,2","22,2","22,2","22,2","22,3","22,5","22,8","22,12","22,17","22,22","22,26","22,31","23,34","24,38","24,41","24,45","23,49","22,50","19,51","16,52","11,52","6,52","3,52","3,51","2,48","2,44","2,39","2,35","2,32","3,30","4,30","7,29","7,28","7,24","7,23","6,23","4,23","3,21","2,18","2,15","4,14","7,13","10,13","12,13","13,15","14,18","14,22","14,27"],"rotationY":[0.0,0.0,0.0,302.34149169921877,344.06524658203127,21.57680892944336,358.951904296875,358.951904296875,358.951904296875,359.946044921875,359.946044921875,359.946044921875,18.85116958618164,11.893125534057618,359.9651184082031,343.0278015136719,341.00823974609377,298.21484375,288.42730712890627,269.2392578125,269.2392578125,269.2392578125,251.3671112060547,198.08399963378907,181.86988830566407,179.05862426757813,179.05862426757813,180.03103637695313,159.1891632080078,122.83106231689453,102.56082153320313,127.5107650756836,171.71820068359376,180.0286865234375,227.8197784423828,267.8983154296875,226.93234252929688,198.51858520507813,179.56719970703126,156.73265075683595,120.81737518310547,107.80675506591797,90.31841278076172,52.546539306640628,21.742984771728517,4.121214389801025,0.3350987434387207,359.3609313964844],"time":52.47607421875,"mapName":"open1.map","timeDecision":0.0,"timeScan":0.0,"penalty_cost":0.0,"alpha":0.20000000298023225,"beta":0.30000001192092898,"delta":30,"ip":"","os":"Windows 10  (10.0.0) 64bit"}