{"position":["22,2","22,2","22,2","22,2","22,3","22,6","22,11","22,14","24,18","24,22","24,22","28,23","31,23","36,23","41,23","44,23","44,23","44,23","44,23","44,19","44,15","44,10","44,6","44,6","44,5","44,5","44,5","44,5","40,4","36,3","32,3","27,3","24,3","24,3","24,3","20,2","16,2","11,2","7,2","2,2","1,2","1,4","2,7","3,11","3,12","3,12","3,13","2,17","2,21","2,26","2,30","2,34","2,34","2,35","2,39","2,44","2,48","3,51","3,51","8,52","11,52","16,52","20,52","22,52","23,50","24,45","24,45","28,44","32,44","37,44","37,44","38,47","40,51","40,52","42,51","44,51","45,49","45,45","45,41","45,36","45,32","45,27","45,25","43,24","40,23","36,23","31,23","27,23","24,23","24,23","22,23","18,23","16,23","15,25"],"rotationY":[0.0,0.0,0.0,301.39190673828127,344.2788391113281,4.355691909790039,1.8952131271362305,14.459324836730957,18.58696746826172,5.408740997314453,66.171630859375,73.88023376464844,89.8952865600586,89.8952865600586,89.8952865600586,73.8021469116211,45.89013671875,106.8122787475586,167.46351623535157,179.21316528320313,180.23031616210938,181.24888610839845,183.2240447998047,213.8697967529297,167.65342712402345,137.07041931152345,197.52711486816407,253.49526977539063,249.4964599609375,265.399658203125,270.3592529296875,270.3592529296875,285.72772216796877,316.2170715332031,258.5306701660156,265.4886474609375,269.4544372558594,270.42987060546877,270.42987060546877,270.42987060546877,320.1297912597656,359.8871154785156,15.864371299743653,15.422128677368164,63.186771392822269,28.14708709716797,345.9537353515625,350.9364318847656,359.9312744140625,359.9312744140625,0.9461676478385925,13.853719711303711,49.69670867919922,0.8316091895103455,359.8118896484375,358.8551940917969,358.8551940917969,24.067764282226564,74.91429138183594,77.88762664794922,90.85730743408203,90.85730743408203,90.85730743408203,132.55519104003907,162.578125,162.578125,106.32569885253906,99.36261749267578,90.15066528320313,90.15066528320313,34.479637145996097,17.74474334716797,17.74474334716797,68.4386978149414,101.36121368408203,138.13079833984376,165.54696655273438,177.1793212890625,180.11585998535157,181.1186065673828,181.1186065673828,180.10836791992188,213.06094360351563,245.80209350585938,264.3131103515625,270.44134521484377,270.44134521484377,270.44134521484377,295.2171936035156,307.0307312011719,270.52081298828127,269.5022277832031,307.4632568359375,338.3185119628906],"time":98.96484375,"mapName":"open1.map","timeDecision":0.0,"timeScan":0.0,"penalty_cost":0.0,"alpha":0.4000000059604645,"beta":0.10000000149011612,"delta":120,"ip":"","os":"Windows 10  (10.0.0) 64bit"}