{"position":["22,2","22,2","22,2","22,2","22,3","22,5","22,8","22,12","22,12","18,13","15,13","10,13","6,13","4,13","3,15","3,18","3,22","3,22","3,24","2,28","2,32","2,33","4,34","7,35","7,35","10,35","13,35","13,35","15,35","18,35","20,34","20,35","21,39","21,43","21,43","18,44","16,44","15,43","15,40","15,36","15,36","19,35","19,35","20,37","21,40","21,43","21,43","17,44","14,44","14,44","14,40","14,37","13,36","12,36","8,35","4,35","4,35","3,38","3,42","3,47","3,51","3,51","7,52","10,52","15,52","19,52","19,52","19,52","19,52","21,48","21,47","20,45","17,44","16,43","15,41","15,37","15,36","15,35"],"rotationY":[0.0,0.0,0.0,302.5636901855469,344.0521545410156,21.776296615600587,359.07745361328127,352.1194763183594,291.5924987792969,281.9371337890625,269.544677734375,269.544677734375,269.544677734375,310.2691650390625,341.6290588378906,0.048381682485342029,9.039201736450196,24.96059799194336,348.18902587890627,356.1909484863281,0.166896253824234,46.96776580810547,71.22943115234375,96.12080383300781,105.77117919921875,91.57122039794922,63.9332275390625,57.67824172973633,87.547607421875,106.73322296142578,68.65579986572266,17.02729606628418,8.073222160339356,0.12114743888378144,304.43145751953127,286.2557067871094,250.46676635742188,211.4286651611328,182.0238037109375,178.54737854003907,117.98807525634766,106.79885864257813,50.98147964477539,20.36258888244629,1.2536680698394776,340.6784362792969,287.36724853515627,272.4349670410156,253.55746459960938,193.5264434814453,181.21055603027345,199.51153564453126,239.00790405273438,259.45538330078127,265.36590576171877,277.26959228515627,329.74072265625,358.6342468261719,0.6132072806358337,0.6132072806358337,2.552518606185913,62.63886642456055,74.62166595458985,89.63973236083985,90.59886169433594,93.59716796875,147.43136596679688,91.33470916748047,148.58155822753907,161.66294860839845,204.2513427734375,237.69757080078126,251.72857666015626,213.95660400390626,183.86273193359376,179.4408416748047,142.23443603515626,191.64556884765626],"time":82.673828125,"mapName":"open1.map","timeDecision":0.0,"timeScan":0.0,"penalty_cost":0.0,"alpha":0.20000000298023225,"beta":0.20000000298023225,"delta":60,"ip":"","os":"Windows 10  (10.0.0) 64bit"}