{"position":["22,2","22,2","22,2","22,2","20,2","15,2","11,2","6,2","2,2","1,2","1,3","2,7","2,10","3,12","2,15","2,19","2,21","3,22","2,27","2,31","2,35","2,40","2,44","2,49","2,51","4,51","7,52","11,52","16,52","21,52","24,52","24,52","23,50","21,46","20,44","18,44","15,44","15,44","14,40","14,37","13,36","13,35","13,35","14,33"],"rotationY":[0.0,0.0,0.0,302.52020263671877,269.4739074707031,269.4739074707031,269.4739074707031,269.4739074707031,269.4739074707031,323.1402282714844,10.530441284179688,3.545644760131836,18.3386287689209,13.100531578063965,349.6309814453125,358.5418395996094,24.387348175048829,348.15789794921877,351.1492614746094,0.12155073881149292,0.12155073881149292,0.12155073881149292,0.12155073881149292,0.12155073881149292,34.91162872314453,73.03190612792969,88.92203521728516,89.88414764404297,89.88414764404297,90.87838745117188,105.85040283203125,166.42054748535157,204.26275634765626,206.30792236328126,231.480712890625,268.13958740234377,253.23013305664063,197.02801513671876,185.2635498046875,206.47335815429688,189.67662048339845,199.3139190673828,199.6653594970703,172.98023986816407],"time":48.40234375,"mapName":"open1.map","timeDecision":0.0,"timeScan":0.0,"penalty_cost":0.0,"alpha":0.9000000953674316,"beta":0.10000000149011612,"delta":120,"ip":"","os":"Windows 10  (10.0.0) 64bit"}