{"position":["22,2","22,2","22,2","22,2","22,3","22,5","22,8","22,12","22,12","22,12","22,16","23,20","24,22","26,22","30,24","32,24","34,23","37,23","38,21","38,19","38,19","38,19","38,19","42,18","43,18","44,16","45,13","45,9","45,4","45,3","43,2","39,2","35,2","31,2","31,3","29,6","29,9","28,12","28,12","25,13","24,13","24,13","24,14","21,17","20,19","20,19","20,22","19,22","16,23","15,25"],"rotationY":[0.0,0.0,0.0,302.4407653808594,344.3367614746094,21.277454376220704,358.13739013671877,351.3036804199219,304.73870849609377,358.7895812988281,13.301260948181153,18.433334350585939,51.395572662353519,76.71668243408203,71.65213775634766,100.47814178466797,93.49005889892578,121.34070587158203,152.60731506347657,186.50677490234376,232.59075927734376,172.0958709716797,111.55896759033203,102.89485931396485,126.57067108154297,159.60128784179688,178.34835815429688,180.6328582763672,180.6328582763672,226.35678100585938,253.22921752929688,268.0398864746094,270.0002136230469,282.953857421875,328.44036865234377,341.073974609375,359.94537353515627,336.0190734863281,276.00164794921877,283.3701477050781,231.2882080078125,277.1005859375,321.9753112792969,328.9319763183594,0.09625636786222458,1.6497031450271607,337.3965759277344,286.48931884765627,302.37945556640627,334.7433166503906],"time":54.4765625,"mapName":"open1.map","timeDecision":0.0,"timeScan":0.0,"penalty_cost":0.0,"alpha":0.20000000298023225,"beta":0.30000001192092898,"delta":180,"ip":"","os":"Windows 10  (10.0.0) 64bit"}