{"position":["22,2","22,2","22,2","22,2","22,3","22,6","22,10","22,15","22,19","21,22","21,22","16,23","15,23","15,23","14,21","14,18","14,18","14,16","13,14","12,14","8,13","4,13","3,13","2,16","2,19","3,22","3,22","6,23","7,23","7,23","10,23","12,23","12,23","13,24"],"rotationY":[0.0,0.0,0.0,301.54638671875,344.4748229980469,6.09984827041626,0.8356863260269165,359.841552734375,352.3459167480469,332.55859375,284.49041748046877,281.5083923339844,276.6086730957031,215.892333984375,186.67013549804688,166.31814575195313,160.4510040283203,196.84609985351563,226.71412658691407,255.7504119873047,265.700439453125,270.67047119140627,325.3549499511719,343.44793701171877,358.3819580078125,24.80664825439453,82.25635528564453,77.5019760131836,23.653884887695314,73.45120239257813,87.67970275878906,126.77536010742188,77.02356719970703,33.05713653564453],"time":38.33203125,"mapName":"open1.map","timeDecision":0.0,"timeScan":0.0,"penalty_cost":0.0,"alpha":0.0,"beta":0.9000000953674316,"delta":60,"ip":"","os":"Windows 10  (10.0.0) 64bit"}