{"position":["22,2","22,2","22,2","22,2","20,2","15,2","10,2","6,2","4,2","3,4","3,7","3,11","3,15","2,19","1,22","1,22","2,25","2,29","2,33","2,34","2,34","2,38","2,42","2,47","2,50","3,51","6,52","10,52","15,52","19,52","22,52","22,51","23,48","23,45","23,45","19,44","15,44","13,44","13,43","13,42","13,41","14,37","14,33"],"rotationY":[0.0,0.0,0.0,299.7960510253906,269.7724914550781,269.7724914550781,269.7724914550781,269.7724914550781,306.5424499511719,337.7777404785156,359.8683776855469,0.8282057046890259,347.4603271484375,342.0561218261719,359.89251708984377,29.618391036987306,8.166853904724121,0.2073202282190323,359.23797607421877,50.57057189941406,8.243288040161133,0.46934908628463747,359.43963623046877,359.43963623046877,22.33255386352539,65.14834594726563,78.11638641357422,89.2723388671875,90.28678894042969,91.29402160644531,114.14872741699219,163.66928100585938,177.85536193847657,202.2041473388672,255.85899353027345,266.7935485839844,269.79193115234377,230.03733825683595,180.6119842529297,139.08123779296876,167.3772735595703,173.99864196777345,180.13856506347657],"time":47.3828125,"mapName":"open1.map","timeDecision":0.0,"timeScan":0.0,"penalty_cost":0.0,"alpha":0.6000000238418579,"beta":0.6000000238418579,"delta":30,"ip":"","os":"Windows 10  (10.0.0) 64bit"}