{"position":["22,2","22,2","22,2","22,2","22,3","21,7","21,10","20,12","19,12","15,12","10,12","7,13","3,14","3,14","2,18","2,22","2,26","2,27","4,28","7,28","7,28","8,25","9,24","12,24","13,24","14,27"],"rotationY":[0.0,0.0,0.0,301.57318115234377,344.5132751464844,356.439697265625,343.76409912109377,310.705322265625,269.61956787109377,268.5939025878906,268.5939025878906,286.4752197265625,283.46673583984377,339.6085205078125,347.87139892578127,0.10165765136480332,0.10165765136480332,51.167213439941409,82.03675079345703,102.9516372680664,163.41348266601563,140.72726440429688,105.43218994140625,89.77824401855469,38.05087661743164,13.030560493469239],"time":30.265625,"mapName":"open1.map","timeDecision":0.0,"timeScan":0.0,"penalty_cost":0.0,"alpha":0.5,"beta":0.5,"delta":180,"ip":"","os":"Windows 10  (10.0.0) 64bit"}