{"position":["22,2","22,2","22,2","22,2","22,3","21,7","22,8","22,11","22,11","18,12","16,13","15,15","15,15","15,15","14,19","14,22","14,22","18,22","20,22","20,22","20,22","20,24","21,27","21,31","21,33","19,34","16,35","15,37","14,40","14,43","14,43","18,44","19,44","19,44","20,46","20,48","20,48","20,50","20,51","18,52","14,52","9,52","5,52","3,52","3,50","2,47","2,42","2,38","3,36","4,36","8,35","12,35","12,35","14,39","14,42","14,43","16,44","19,44","19,44","20,46","21,49","20,50","19,51","16,52","12,52","8,52","4,52","4,51","3,49","3,45","3,40","3,36","3,36","3,36","2,33","3,30","3,30","3,30","4,30","7,29","7,29","7,29","7,29","8,32","9,34","10,34","13,35","13,35","13,35","13,35","11,33","11,31","11,31","12,31","14,31"],"rotationY":[0.0,0.0,0.0,302.398681640625,344.25494384765627,357.9987487792969,24.28427505493164,359.1429138183594,299.0137634277344,289.0632019042969,317.13446044921877,300.0307922363281,295.0401611328125,345.1737365722656,356.1558837890625,23.376529693603517,81.03765106201172,90.01792907714844,124.8163833618164,115.98934173583985,55.61617660522461,17.21540069580078,1.3261022567749024,0.32872796058654787,318.9527587890625,289.2431945800781,304.4039611816406,336.3440856933594,354.97015380859377,15.478598594665528,73.1341552734375,83.24791717529297,98.97625732421875,38.38852310180664,5.761198997497559,26.89362907409668,31.533676147460939,0.8115028142929077,309.12420654296877,283.18841552734377,270.0806579589844,270.0806579589844,269.1078796386719,232.32449340820313,196.98753356933595,181.77053833007813,179.6334991455078,176.4556121826172,146.11204528808595,102.80342102050781,92.2448959350586,85.279052734375,30.47736358642578,18.54940414428711,359.663330078125,44.3933219909668,73.11827850341797,99.25431823730469,69.88526153564453,33.923492431640628,18.016918182373048,336.5998840332031,298.8276672363281,279.96221923828127,269.80157470703127,269.80157470703127,256.87969970703127,211.27871704101563,179.6818084716797,179.6818084716797,179.6818084716797,169.72764587402345,128.8670196533203,189.6963653564453,182.64913940429688,155.01309204101563,116.22750091552735,152.7093048095703,107.33977508544922,127.1156005859375,148.04884338378907,87.71910095214844,26.97336196899414,24.537994384765626,55.48186111450195,74.90209197998047,54.924659729003909,354.4427795410156,294.355712890625,233.36573791503907,212.082763671875,179.31466674804688,124.46768951416016,85.04521179199219,140.1318817138672],"time":99.8828125,"mapName":"open1.map","timeDecision":0.0,"timeScan":0.0,"penalty_cost":0.0,"alpha":0.20000000298023225,"beta":0.20000000298023225,"delta":120,"ip":"","os":"Windows 10  (10.0.0) 64bit"}