{"position":["22,2","22,2","22,2","22,2","22,3","22,6","22,11","22,13","22,13","17,13","15,13","15,13","13,13","8,13","4,13","1,13","1,13","2,16","2,20","2,21","4,22","8,22","12,22","12,22","13,22","13,22","13,22","17,23","20,23","20,23","20,23","20,24","21,27","21,31","21,33","19,34","16,35","15,35","13,35","13,35","13,33"],"rotationY":[0.0,0.0,0.0,302.9753723144531,345.57318115234377,3.3438327312469484,0.3649902939796448,327.809326171875,273.4737854003906,270.49188232421877,302.31939697265627,299.6475524902344,270.566162109375,269.5661315917969,268.56463623046877,294.4085693359375,354.8130798339844,10.88359260559082,359.9495849609375,47.148380279541019,78.62610626220703,90.54594421386719,87.56378173828125,33.264686584472659,74.38973236083985,20.09347915649414,79.16323852539063,89.17604064941406,109.0445556640625,129.4108123779297,69.29539489746094,17.556795120239259,0.3547170162200928,0.3547170162200928,318.5978088378906,288.9970397949219,271.0713195800781,280.2295227050781,250.40234375,190.2257080078125,167.95382690429688],"time":45.34765625,"mapName":"open1.map","timeDecision":0.0,"timeScan":0.0,"penalty_cost":0.0,"alpha":0.30000001192092898,"beta":0.8000000715255737,"delta":120,"ip":"","os":"Windows 10  (10.0.0) 64bit"}