{"position":["22,2","22,2","22,2","22,2","22,2","22,2","22,2","22,2","22,2","22,2","22,2","22,2","25,2","27,2","28,4","29,7","29,10","28,12","28,13","30,17","31,17","35,18","38,18","38,18","39,21","38,22","38,22","40,22","41,22","43,22","44,25","45,28","45,31","44,35","43,37","43,37","43,38","43,42","43,47","43,50","42,50","40,51","38,50","38,49","38,45","38,45","35,44","31,44","26,44","25,44","24,46","23,49","23,52","22,52","19,52","14,52","10,52","5,52","1,52","1,52","1,50","2,46","3,43","2,40","2,38","3,36","2,34","3,30","3,30","6,30","8,30","8,31","8,33","9,34","11,34","14,34","16,35","18,35","20,35","20,35","20,35","20,33","21,30","21,25","21,25","19,24","15,24","14,24","14,26"],"rotationY":[0.0,0.0,0.0,302.5364990234375,3.5369787216186525,64.08753204345703,4.0223259925842289,64.42127227783203,4.010926246643066,64.13601684570313,3.3680787086486818,64.02835845947266,90.89388275146485,61.03882598876953,28.648632049560548,9.615043640136719,348.5673828125,341.2599792480469,20.883827209472658,32.77703094482422,75.75990295410156,86.68069458007813,72.77132415771485,17.23699951171875,348.18365478515627,5.913814544677734,66.69404602050781,102.35763549804688,87.8540267944336,50.14158630371094,26.8101863861084,8.64398193359375,348.7459716796875,340.7108459472656,309.88775634765627,312.29693603515627,356.83941650390627,359.8214111328125,1.2223762273788453,339.3392028808594,287.0517272949219,266.16876220703127,222.20668029785157,179.96556091308595,183.01510620117188,243.7681121826172,262.0740051269531,269.0566101074219,270.0506591796875,312.33392333984377,341.7922058105469,359.8298645019531,337.9921569824219,286.3741149902344,269.50360107421877,269.50360107421877,269.50360107421877,269.50360107421877,264.545654296875,203.75294494628907,174.69166564941407,162.2137908935547,179.54454040527345,201.76995849609376,167.61830139160157,170.1820831298828,174.7004852294922,169.77288818359376,109.7509536743164,91.12555694580078,55.38850784301758,2.5173606872558595,28.361547470092775,74.89131927490235,99.2462387084961,79.79846954345703,74.87364959716797,88.90049743652344,54.001129150390628,66.66669464111328,126.97418975830078,161.71693420410157,179.82571411132813,179.82571411132813,238.06979370117188,268.1912536621094,270.20721435546877,323.0503845214844,357.5903625488281],"time":93.8203125,"mapName":"open1.map","timeDecision":0.0,"timeScan":0.0,"penalty_cost":0.0,"alpha":0.6000000238418579,"beta":0.6000000238418579,"delta":60,"ip":"","os":"Windows 10  (10.0.0) 64bit"}