{"position":["22,2","22,2","22,2","22,2","20,2","15,2","11,2","6,2","3,2","3,2","2,6","2,10","2,15","2,19","3,22","3,22","6,23","7,23","7,25","7,28","7,28","7,29","8,32","7,34","7,34","7,34","5,35","3,35","3,35","2,31","2,29","2,29","2,29","2,32","2,37","2,41","2,46","2,51","2,51","5,52","8,52","13,52","18,52","22,52","22,52","23,48","23,45","23,45","23,45","23,45","20,44","16,44","13,44","13,44","13,41","14,38","13,36","13,36","13,36","14,33"],"rotationY":[0.0,0.0,0.0,302.163818359375,269.15887451171877,269.15887451171877,269.15887451171877,269.15887451171877,288.0483093261719,343.8544616699219,356.911865234375,0.215433731675148,0.215433731675148,0.215433731675148,24.062936782836915,79.89759063720703,76.94512176513672,28.227977752685548,0.5241614580154419,334.2325439453125,325.78765869140627,10.892227172851563,346.0421142578125,8.524460792541504,17.223453521728517,316.53814697265627,285.9766845703125,251.3949737548828,196.52915954589845,187.57032775878907,224.62522888183595,285.100341796875,345.1886291503906,2.1297786235809328,0.19867832958698274,0.19867832958698274,0.19867832958698274,359.179443359375,55.18442916870117,72.76054382324219,88.66458892822266,90.61748504638672,90.61748504638672,92.59579467773438,153.5910186767578,165.65643310546876,173.451171875,121.40884399414063,181.41159057617188,242.1920623779297,255.87469482421876,268.77490234375,253.4049072265625,192.629150390625,165.652099609375,182.74172973632813,214.10574340820313,236.55551147460938,175.6766815185547,174.18385314941407],"time":64.5078125,"mapName":"open1.map","timeDecision":0.0,"timeScan":0.0,"penalty_cost":0.0,"alpha":0.7000000476837158,"beta":0.20000000298023225,"delta":180,"ip":"","os":"Windows 10  (10.0.0) 64bit"}