{"position":["22,2","22,2","22,2","22,2","22,3","21,7","22,8","22,11","22,11","22,11","23,11","25,12","28,12","28,11","28,8","28,3","28,2","26,2","24,2","23,2","19,2","14,2","10,2","5,2","4,2","3,4","3,7","3,12","3,15","2,20","1,22","2,23","3,23","7,23","9,23","12,23","13,24"],"rotationY":[0.0,0.0,0.0,302.2073059082031,344.74676513671877,357.13067626953127,24.352550506591798,358.0461730957031,315.6948547363281,16.476224899291993,64.31050872802735,90.30782318115235,120.10303497314453,165.65054321289063,180.37445068359376,180.37445068359376,227.86611938476563,266.678466796875,296.6149597167969,271.93597412109377,270.9581298828125,269.9655456542969,269.9655456542969,269.9655456542969,314.6962890625,347.3999938964844,0.41018661856651308,0.41018661856651308,344.26812744140627,342.2855224609375,10.85753345489502,50.491336822509769,94.91380310058594,88.2512435913086,88.93067932128906,72.8556900024414,33.3470344543457],"time":41.3125,"mapName":"open1.map","timeDecision":0.0,"timeScan":0.0,"penalty_cost":0.0,"alpha":0.5,"beta":1.0000001192092896,"delta":60,"ip":"","os":"Windows 10  (10.0.0) 64bit"}