{"position":["22,2","22,2","22,2","22,2","22,2","22,2","25,2","27,2","28,4","29,7","29,10","28,12","27,12","24,12","24,12","24,12","24,12","24,10","24,10","23,10","23,10","23,10","20,11","16,13","15,15","15,17","14,21","14,25"],"rotationY":[0.0,0.0,0.0,303.21868896484377,4.107442378997803,64.23571014404297,90.69685363769531,61.7944221496582,30.010454177856447,11.880681037902832,351.3190002441406,321.7107849121094,270.8240966796875,253.4949493408203,228.41017150878907,254.08474731445313,194.63172912597657,194.88400268554688,255.5294189453125,278.16571044921877,297.4064025878906,269.3201599121094,292.7901916503906,295.448974609375,331.71868896484377,346.1568908691406,355.1037292480469,0.05034251511096954],"time":32.26171875,"mapName":"open1.map","timeDecision":0.0,"timeScan":0.0,"penalty_cost":0.0,"alpha":0.9000000953674316,"beta":0.6000000238418579,"delta":120,"ip":"","os":"Windows 10  (10.0.0) 64bit"}