{"position":["22,2","22,2","22,2","22,2","22,2","22,2","25,2","28,2","31,2","36,2","38,2","38,2","40,2","42,2","43,4","44,8","45,12","45,16","45,17","45,17","45,17","45,18","45,19","44,20","44,22","45,25","45,29","45,33","44,33","41,35","38,35","34,35","29,35","24,35","21,34","18,34","15,34","15,33"],"rotationY":[0.0,0.0,0.0,304.18731689453127,5.584601879119873,65.73204803466797,90.0244369506836,71.82141876220703,90.81275177001953,90.81275177001953,59.973289489746097,61.315940856933597,88.23966979980469,48.47965621948242,14.68374252319336,14.68374252319336,2.3879830837249758,0.3998188376426697,310.6648864746094,355.5650634765625,54.53984069824219,4.8113861083984379,324.4112548828125,15.24794864654541,359.95379638671877,12.875670433044434,2.935670852661133,352.9889221191406,302.333251953125,287.806884765625,269.70501708984377,269.70501708984377,269.70501708984377,269.70501708984377,254.65377807617188,270.57891845703127,245.71267700195313,196.4529266357422],"time":42.3828125,"mapName":"open1.map","timeDecision":0.0,"timeScan":0.0,"penalty_cost":0.0,"alpha":0.9000000953674316,"beta":0.8000000715255737,"delta":60,"ip":"","os":"Windows 10  (10.0.0) 64bit"}