{"position":["22,2","22,2","22,2","22,2","22,3","22,6","22,10","23,12","25,12","28,12","28,12","29,8","29,5","28,3","27,3","24,3","24,3","23,3","19,2","15,2","10,2","6,2","1,2","1,2","1,4","2,8","3,12","3,12","4,12","3,14","2,18","2,21","2,21","4,22","9,22","12,22","12,22","12,22","16,23","19,23","20,21","20,19","21,17","21,17","20,14","19,14","15,14","15,14","14,18","13,21","14,21","15,22","20,22","20,22","23,19","23,18","22,15","20,14","16,13","13,13","13,13","13,13","13,13","13,14","14,18","14,22","14,27"],"rotationY":[0.0,0.0,0.0,302.5062255859375,344.98046875,5.416189193725586,15.865386009216309,48.70179748535156,87.80305480957031,108.7813949584961,163.31114196777345,177.2271270751953,195.1386260986328,225.99099731445313,268.030029296875,292.9173583984375,304.1790771484375,258.6534423828125,266.7496337890625,269.74127197265627,270.760986328125,270.760986328125,270.760986328125,329.4174499511719,0.28476566076278689,16.025423049926759,16.035104751586915,72.84628295898438,18.384126663208009,340.7150573730469,346.6895751953125,2.9437096118927,59.73219680786133,89.96977996826172,89.96977996826172,107.37493133544922,133.67112731933595,79.19092559814453,85.25962829589844,114.04354095458985,148.9827423095703,178.90478515625,148.86837768554688,201.730712890625,224.59869384765626,269.87615966796877,278.82220458984377,339.33917236328127,343.7762451171875,4.9629411697387699,56.91752624511719,89.69048309326172,91.7446060180664,143.1076202392578,138.75070190429688,179.93106079101563,209.70724487304688,241.25852966308595,251.1985626220703,270.2330322265625,328.2476501464844,273.67279052734377,328.7704162597656,13.393182754516602,4.0535502433776859,359.58673095703127,359.58673095703127],"time":71.496826171875,"mapName":"open1.map","timeDecision":0.0,"timeScan":0.0,"penalty_cost":0.0,"alpha":0.4000000059604645,"beta":0.10000000149011612,"delta":30,"ip":"","os":"Windows 10  (10.0.0) 64bit"}