{"position":["22,2","22,2","22,2","22,2","20,2","15,2","10,2","6,2","4,2","3,4","3,7","3,11","3,13","4,13","8,13","13,13","18,13","19,13","20,11","20,8","20,3","20,2","19,2","14,2","10,2","5,2","4,2","3,4","2,7","2,10","3,12","2,15","2,19","3,21","3,22","2,27","2,31","2,33","4,34","7,35","11,35","12,35","12,35","13,37","14,40","14,43","14,43","18,44","19,44","19,44","20,46","20,48","22,49","24,50","24,50","24,50","22,50","17,52","13,53","11,53","7,52","3,52","3,52","2,49","2,45","2,40","2,36","2,36","2,35","2,32","3,30","2,28","2,24","2,20","2,15","2,15","5,13","9,13","12,13","13,14","14,17","14,21","14,25"],"rotationY":[0.0,0.0,0.0,299.3009338378906,269.78900146484377,269.78900146484377,269.78900146484377,269.78900146484377,306.5669860839844,338.2123107910156,0.41090425848960879,0.41090425848960879,40.414756774902347,86.65113067626953,89.0480728149414,90.0653305053711,90.0653305053711,133.79238891601563,163.2579803466797,179.71768188476563,180.67831420898438,224.9756317138672,267.87164306640627,269.83831787109377,269.82843017578127,269.82843017578127,315.5662536621094,341.6495361328125,359.8203125,24.79506492614746,7.435174942016602,349.68634033203127,359.7596435546875,24.625244140625,350.4097595214844,350.4097595214844,359.89495849609377,29.701244354248048,59.77933120727539,78.66069030761719,90.09300231933594,114.98834991455078,54.61909484863281,21.635345458984376,2.481198787689209,17.328575134277345,72.75595092773438,84.0663070678711,98.11061096191406,37.17935562133789,5.956721782684326,27.598445892333986,60.24726104736328,29.472816467285158,328.8584899902344,271.96588134765627,283.43597412109377,284.4169616699219,288.40570068359377,258.6026306152344,266.5283508300781,264.8624267578125,204.5392608642578,185.17799377441407,180.20787048339845,180.20787048339845,174.0002899169922,126.59784698486328,177.22186279296876,160.85121154785157,160.53248596191407,191.29795837402345,179.35012817382813,179.35012817382813,178.3561553955078,122.63443756103516,108.60334777832031,90.09024810791016,74.19014739990235,30.834062576293947,18.326778411865236,0.18253538012504579,0.18253469467163087],"time":87.7578125,"mapName":"open1.map","timeDecision":0.0,"timeScan":0.0,"penalty_cost":0.0,"alpha":0.7000000476837158,"beta":0.6000000238418579,"delta":120,"ip":"","os":"Windows 10  (10.0.0) 64bit"}