{"position":["22,2","22,2","22,2","22,2","22,2","21,5","21,9","21,13","21,18","22,21","22,21","19,22","16,23","15,25"],"rotationY":[0.0,0.0,0.0,302.805419921875,3.2753939628601076,346.97723388671877,359.79461669921877,359.79461669921877,1.7827752828598023,15.234007835388184,314.7113342285156,291.2372131347656,303.3068542480469,338.313232421875],"time":18.10546875,"mapName":"open1.map","timeDecision":0.0,"timeScan":0.0,"penalty_cost":0.0,"alpha":0.4000000059604645,"beta":0.5,"delta":120,"ip":"","os":"Windows 10  (10.0.0) 64bit"}