{"position":["22,2","22,2","22,2","22,2","22,3","22,6","22,11","22,15","21,18","20,22","19,22","16,23","15,25"],"rotationY":[0.0,0.0,0.0,301.62469482421877,344.2166748046875,4.174227714538574,0.18140971660614015,359.171875,342.8376770019531,330.71929931640627,283.5184631347656,298.45928955078127,328.3940124511719],"time":17.15625,"mapName":"open1.map","timeDecision":0.0,"timeScan":0.0,"penalty_cost":0.0,"alpha":0.4000000059604645,"beta":0.20000000298023225,"delta":120,"ip":"","os":"Windows 10  (10.0.0) 64bit"}