{"position":["22,2","22,2","22,2","22,2","22,3","21,7","22,8","22,11","22,11","19,12","15,13","11,13","6,13","4,13","3,15","2,18","2,21","2,21","6,23","9,23","11,23","12,21","12,21","12,21","13,25"],"rotationY":[0.0,0.0,0.0,301.6418151855469,344.1698303222656,356.2357177734375,26.242353439331056,0.792929470539093,300.0754089355469,287.9295654296875,270.29998779296877,270.29998779296877,269.2542724609375,298.0976867675781,329.41766357421877,347.58648681640627,7.186925888061523,60.29381561279297,71.7397232055664,89.60802459716797,124.3978271484375,143.8024444580078,82.90707397460938,22.829660415649415,14.652442932128907],"time":29.17578125,"mapName":"open1.map","timeDecision":0.0,"timeScan":0.0,"penalty_cost":0.0,"alpha":0.30000001192092898,"beta":0.0,"delta":120,"ip":"","os":"Windows 10  (10.0.0) 64bit"}