{"position":["22,2","22,2","22,2","22,2","22,2","21,6","22,7","22,10","23,11","25,12","27,12","28,11","28,9","28,5","28,2","28,2","24,2","24,2","20,2","16,2","11,2","7,2","3,2","3,2","2,5","2,9","3,12","3,12","3,12","2,15","2,19","2,22","2,22","2,24","2,27","3,28","3,29","3,29","6,29","6,29","8,33","8,34","10,34","13,34","13,33"],"rotationY":[0.0,0.0,0.0,301.73590087890627,359.5635681152344,347.65655517578127,25.616580963134767,1.5154078006744385,40.61554718017578,75.39418029785156,101.79991912841797,146.8890380859375,179.78939819335938,180.7615203857422,209.5469512939453,267.1457214355469,278.09033203125,282.05682373046877,270.99200439453127,270.014892578125,269.00152587890627,269.00152587890627,281.9642028808594,342.5824279785156,353.6095275878906,8.821956634521485,26.793163299560548,65.74048614501953,5.441905975341797,352.8199157714844,359.7793273925781,21.05317497253418,39.64274978637695,1.9135758876800538,21.341718673706056,4.615387916564941,18.492273330688478,78.54717254638672,87.0472412109375,32.875614166259769,17.94524574279785,61.11713409423828,90.07152557373047,117.87049865722656,166.27410888671876],"time":49.44921875,"mapName":"open1.map","timeDecision":0.0,"timeScan":0.0,"penalty_cost":0.0,"alpha":0.10000000149011612,"beta":0.5,"delta":60,"ip":"","os":"Windows 10  (10.0.0) 64bit"}