{"position":["22,2","22,2","22,2","22,2","22,2","22,2","22,2","22,2","24,2","28,2","32,2","36,2","38,2","38,2","41,2","42,2","43,4","44,7","44,12","44,16","44,17","41,18","38,18","33,18","31,18","30,16","29,13","29,9","29,5","29,4","27,3","24,3","24,3","22,3","18,2","14,2","10,2","5,2","3,2","3,4","2,7","2,12","2,16","2,21","2,25","2,30","2,34","2,34","2,34","2,34","5,35","9,35","13,35","13,35","14,35","14,35"],"rotationY":[0.0,0.0,0.0,302.3930969238281,0.11186722666025162,302.0892028808594,2.4430572986602785,62.7996826171875,90.70396423339844,77.71647644042969,89.94812774658203,89.94812774658203,52.07884216308594,67.6752700805664,89.63003540039063,48.53260040283203,15.399538040161133,359.390869140625,359.390869140625,359.390869140625,306.6083679199219,287.1484375,271.38067626953127,270.3827209472656,238.20559692382813,208.75399780273438,190.3743438720703,179.81544494628907,178.8214111328125,229.54307556152345,261.6568603515625,282.2694091796875,295.19256591796877,258.8849792480469,266.8044128417969,269.8027648925781,270.7895812988281,270.7895812988281,306.5750732421875,343.5968322753906,358.0043640136719,0.020468132570385934,0.020468132570385934,0.020468132570385934,0.020468132570385934,0.020468132570385934,6.020196914672852,54.55631637573242,7.58422327041626,68.26602935791016,81.85173797607422,90.19176483154297,77.09588623046875,70.37019348144531,117.339111328125,177.9665069580078],"time":60.4921875,"mapName":"open1.map","timeDecision":0.0,"timeScan":0.0,"penalty_cost":0.0,"alpha":0.6000000238418579,"beta":0.0,"delta":120,"ip":"","os":"Windows 10  (10.0.0) 64bit"}