{"position":["22,2","22,2","22,2","22,2","22,2","21,5","21,9","21,12","21,12","21,12","22,12","25,13","28,13","28,13","29,9","29,6","28,3","27,3","24,3","24,4","24,7","24,11","24,13","25,13","27,13","27,13","27,13","29,16","30,17","34,18","38,18","38,18","38,21","38,23","38,23","38,23","37,23","33,23","28,23","24,23","24,23","24,23","19,23","16,23","15,24"],"rotationY":[0.0,0.0,0.0,303.00469970703127,3.136889696121216,347.1972961425781,0.29892775416374209,339.4790954589844,320.9714050292969,21.362201690673829,74.00952911376953,86.9627685546875,108.81884002685547,163.5423583984375,176.49215698242188,196.37217712402345,218.24000549316407,267.29266357421877,289.32781982421877,334.0533142089844,0.7483407258987427,0.7483407258987427,37.27048873901367,87.7072525024414,119.53980255126953,106.29679107666016,45.77261734008789,38.65636444091797,75.2550048828125,85.96944427490235,84.96380615234375,23.99222183227539,2.078695058822632,38.83580780029297,25.335805892944337,325.2149353027344,272.9651184082031,270.5811767578125,270.5811767578125,270.95404052734377,329.2794494628906,270.8367919921875,269.87469482421877,285.824951171875,326.422119140625],"time":49.41015625,"mapName":"open1.map","timeDecision":0.0,"timeScan":0.0,"penalty_cost":0.0,"alpha":0.5,"beta":0.5,"delta":60,"ip":"","os":"Windows 10  (10.0.0) 64bit"}