{"position":["22,2","22,2","22,2","22,2","22,3","22,5","22,8","22,12","22,17","23,20","24,24","24,26","22,30","21,33","19,34","16,35","15,37","14,40","15,42","15,43","19,44","20,44","22,44","26,44","31,44","35,44","37,44","38,46","38,49","38,51","39,51","43,51","45,51","45,50","45,48","44,47","45,43","45,41","44,37","44,34","45,30","46,27","46,24","45,19","44,16","44,12","44,7","44,6","44,6","44,2","44,2","44,2","44,2","45,5","45,9","45,13","45,16","44,18","44,20","41,21","38,23","35,23","30,23","26,23","21,23","16,23","16,23","15,26"],"rotationY":[0.0,0.0,0.0,302.35894775390627,344.2829284667969,21.160728454589845,358.4738464355469,358.4738464355469,359.48626708984377,17.7473087310791,15.759489059448243,342.8955078125,336.9372863769531,317.92950439453127,288.653564453125,309.5637512207031,345.7802429199219,345.6437683105469,19.42606544494629,69.4676284790039,77.19720458984375,119.49845123291016,91.982666015625,90.04082489013672,90.04082489013672,90.04082489013672,49.25261306762695,18.324527740478517,359.698486328125,34.45574188232422,84.09979248046875,90.27403259277344,126.07213592529297,177.1860809326172,208.6997528076172,174.105224609375,166.36843872070313,197.22975158691407,187.1558074951172,164.68519592285157,161.6998748779297,180.5532989501953,197.51577758789063,197.51577758789063,179.63311767578126,179.63311767578126,179.63311767578126,227.363525390625,192.29718017578126,180.54737854003907,235.2882537841797,295.94805908203127,356.785400390625,13.879265785217286,2.940993309020996,359.6026916503906,335.8875732421875,356.3839111328125,317.5381164550781,299.88555908203127,289.04486083984377,269.822265625,269.822265625,269.822265625,269.822265625,269.822265625,325.5096435546875,345.5847473144531],"time":72.60546875,"mapName":"open1.map","timeDecision":0.0,"timeScan":0.0,"penalty_cost":0.0,"alpha":0.20000000298023225,"beta":1.0000001192092896,"delta":30,"ip":"","os":"Windows 10  (10.0.0) 64bit"}