{"position":["22,2","22,2","22,2","22,2","22,2","22,2","24,2","29,2","34,2","38,2","38,2","38,2","43,2","45,2","46,3","46,4","46,9","45,12","44,16","44,19","44,23","45,26","45,30","45,35","44,38","43,41","43,41","44,41","45,44","45,48","45,50","43,50","41,51","40,49","38,47","38,45","37,45","34,44","30,44","25,44","24,44","24,44","23,44","22,44","22,44","18,44","15,44","15,44","14,42","14,40","13,36","13,35"],"rotationY":[0.0,0.0,0.0,301.7782287597656,2.4425971508026125,62.55406188964844,90.829345703125,90.829345703125,90.829345703125,87.84735107421875,33.39796829223633,87.68464660644531,89.66808319091797,57.70772171020508,44.123291015625,359.58837890625,359.58837890625,342.5506896972656,345.4690246582031,0.20085838437080384,17.09596061706543,3.1968748569488527,0.1600109040737152,359.1659851074219,341.62725830078127,1.9412022829055787,62.55901336669922,29.473308563232423,8.375643730163575,359.4408874511719,325.63214111328127,286.83258056640627,254.40304565429688,221.60157775878907,206.0340576171875,200.08981323242188,253.5662384033203,268.473876953125,270.4937744140625,270.4937744140625,319.0013732910156,275.90692138671877,266.6997985839844,219.79576110839845,251.88539123535157,269.9305419921875,254.03988647460938,198.12265014648438,209.66497802734376,179.6287384033203,197.2931365966797,169.75750732421876],"time":56.4765625,"mapName":"open1.map","timeDecision":0.0,"timeScan":0.0,"penalty_cost":0.0,"alpha":1.0000001192092896,"beta":0.20000000298023225,"delta":120,"ip":"","os":"Windows 10  (10.0.0) 64bit"}