{"position":["22,2","22,2","22,2","22,2","22,2","22,2","22,2","22,2","25,2","27,2","28,4","29,7","29,10","28,12","28,12","24,13","24,13","24,11","22,10","22,10","21,12","18,12","16,13","15,15","15,17","14,20","14,24"],"rotationY":[0.0,0.0,0.0,301.52325439453127,2.912766933441162,59.2474250793457,3.3883824348449709,63.62015914916992,90.71443176269531,60.90873718261719,28.374208450317384,10.125348091125489,349.3572082519531,319.1080322265625,281.63818359375,274.2539367675781,213.60787963867188,214.87294006347657,249.7391357421875,309.9465637207031,303.42926025390627,283.5386962890625,314.4802551269531,344.160888671875,341.57281494140627,356.3910217285156,359.38690185546877],"time":31.28125,"mapName":"open1.map","timeDecision":0.0,"timeScan":0.0,"penalty_cost":0.0,"alpha":0.8000000715255737,"beta":0.30000001192092898,"delta":180,"ip":"","os":"Windows 10  (10.0.0) 64bit"}