{"position":["22,2","22,2","22,2","22,2","22,2","22,2","25,2","27,2","28,4","29,7","29,10","28,12","28,13","28,13","28,13","30,17","31,17","33,17","37,18","38,18","38,20","38,23","38,23","34,23","30,23","25,23","21,23","16,23","16,23","15,26"],"rotationY":[0.0,0.0,0.0,302.09869384765627,2.9212825298309328,63.87797164916992,90.8766098022461,61.01399230957031,28.693485260009767,10.321913719177246,350.4327392578125,338.7674865722656,1.208827257156372,319.46661376953127,19.915550231933595,31.036062240600587,81.17471313476563,79.91658782958985,87.83735656738281,39.144874572753909,2.0838375091552736,342.1109924316406,281.37091064453127,270.9076843261719,270.9076843261719,269.91363525390627,268.94317626953127,269.93115234375,325.6469421386719,344.1186828613281],"time":34.265625,"mapName":"open1.map","timeDecision":0.0,"timeScan":0.0,"penalty_cost":0.0,"alpha":0.6000000238418579,"beta":0.7000000476837158,"delta":60,"ip":"","os":"Windows 10  (10.0.0) 64bit"}