{"position":["22,2","22,2","22,2","22,2","22,3","22,6","22,10","22,13","22,13","18,13","15,13","15,13","13,13","9,13","4,13","3,13","3,13","3,11","2,8","2,4","3,3","5,3","9,3","14,3","18,3","20,3","20,3","24,2","27,2","27,2","28,4","28,9","28,13","28,16","29,16","32,17","37,17","37,17","38,20","38,22","39,22","42,23","44,23","44,23","44,21","45,17","46,14","45,10","44,6","44,4","44,3","42,3","38,3","33,3","30,3","30,3","29,7","29,10","28,12","28,12","28,12","29,15","30,17","31,17","36,17","38,17","38,19","39,21","38,21","35,23","32,23","27,23","24,23","20,22","18,23","16,23","15,26"],"rotationY":[0.0,0.0,0.0,303.10498046875,344.35595703125,6.969021320343018,359.1056213378906,333.3818054199219,273.3361511230469,271.095947265625,297.9695129394531,304.9168701171875,270.2567138671875,270.2567138671875,270.2567138671875,290.73211669921877,229.7904815673828,192.97801208496095,180.05526733398438,165.17762756347657,126.42402648925781,89.71382904052735,89.71382904052735,89.71382904052735,89.71382904052735,49.355777740478519,93.15995025634766,102.46294403076172,85.54745483398438,30.571247100830079,359.62445068359377,359.62445068359377,359.62445068359377,27.292743682861329,68.10145568847656,89.96620178222656,89.96620178222656,31.320037841796876,11.868463516235352,22.019683837890626,73.60813903808594,84.54243469238281,98.35602569580078,158.6326141357422,165.16969299316407,162.20687866210938,191.01531982421876,187.05079650878907,195.02572631835938,183.18650817871095,227.91592407226563,265.32830810546877,269.4083557128906,270.4029541015625,287.3724365234375,342.5991516113281,355.4910888671875,340.9686584472656,303.6905517578125,302.03753662109377,2.8413753509521486,24.131244659423829,52.450714111328128,91.14260864257813,91.14260864257813,54.39441680908203,17.42921257019043,341.5030822753906,296.401123046875,288.6548156738281,269.77001953125,269.77001953125,252.86083984375,264.1571350097656,285.8977355957031,326.013427734375,345.8954162597656],"time":81.6953125,"mapName":"open1.map","timeDecision":0.0,"timeScan":0.0,"penalty_cost":0.0,"alpha":0.10000000149011612,"beta":0.7000000476837158,"delta":60,"ip":"","os":"Windows 10  (10.0.0) 64bit"}