{"position":["22,2","22,2","22,2","22,2","22,2","22,2","24,2","28,3","31,2","35,2","38,2","38,2","39,2","44,2","45,2","45,3","45,8","45,12","45,16","44,16","43,17","43,17","44,17","44,17","44,18","46,19","46,20","46,23","46,28","46,31","45,34","45,34","45,34","45,38","45,42","46,44","44,46","43,47","43,47","44,47","44,48","45,49","43,50","42,51","40,49","39,47","38,45","35,44","32,44","28,44","23,44","18,44","16,44","15,42","14,39","13,36","13,35"],"rotationY":[0.0,0.0,0.0,301.922119140625,2.159710645675659,62.293697357177737,90.16558837890625,78.118896484375,99.92638397216797,94.88408660888672,74.69842529296875,43.61609649658203,87.42591094970703,90.38835906982422,47.66323471069336,359.824462890625,359.824462890625,359.824462890625,348.3184509277344,302.0190124511719,346.0123596191406,46.399932861328128,87.9046859741211,27.56842613220215,59.71729278564453,27.484315872192384,348.3262634277344,8.194352149963379,6.20635986328125,345.5126647949219,326.2945251464844,298.2131652832031,356.4609069824219,359.4108581542969,13.287782669067383,347.4457092285156,314.4720458984375,353.5819091796875,54.218971252441409,70.24392700195313,17.025352478027345,339.25341796875,297.45977783203127,259.75128173828127,226.5355987548828,199.91917419433595,228.79258728027345,252.74305725097657,270.80279541015627,270.80279541015627,270.80279541015627,269.8297119140625,241.03311157226563,211.09426879882813,197.1917266845703,208.31597900390626,167.0945281982422],"time":61.5234375,"mapName":"open1.map","timeDecision":0.0,"timeScan":0.0,"penalty_cost":0.0,"alpha":0.8000000715255737,"beta":0.0,"delta":120,"ip":"","os":"Windows 10  (10.0.0) 64bit"}