{"position":["22,2","22,2","22,2","22,2","22,3","22,6","22,10","22,15","22,20","21,23","21,23","18,23","16,23","15,25"],"rotationY":[0.0,0.0,0.0,302.4813232421875,344.44586181640627,5.9937663078308109,359.9710388183594,359.9710388183594,359.9710388183594,342.7879943847656,286.4376220703125,271.583984375,310.5771789550781,343.50067138671877],"time":18.13671875,"mapName":"open1.map","timeDecision":0.0,"timeScan":0.0,"penalty_cost":0.0,"alpha":0.4000000059604645,"beta":0.0,"delta":120,"ip":"","os":"Windows 10  (10.0.0) 64bit"}