{"position":["22,2","22,2","22,2","22,2","22,2","21,5","21,9","21,12","21,12","21,12","22,12","25,13","27,13","28,14","28,16","28,17","31,18","34,18","37,18","38,20","38,22","38,22","41,23","43,23","44,25","45,28","45,32","45,34","45,34","45,37","45,41","45,46","45,50","45,50","41,51","41,51","39,48","38,45","37,45","34,44","29,44","25,44","24,44","23,41","22,37","21,37","17,35","16,35","15,37","15,39","15,43","15,43","17,43","19,43","20,45","21,49","20,50","19,51","16,52","12,52","7,52","4,52","1,51","1,51","2,47","2,43","2,39","2,34","2,31","3,30","5,30","7,29","7,29","7,29","8,27","8,25","12,23","12,23","13,25"],"rotationY":[0.0,0.0,0.0,301.051513671875,1.3138244152069092,347.17706298828127,359.9158020019531,336.99456787109377,322.3590393066406,22.547483444213868,72.77571105957031,87.69424438476563,79.76912689208985,34.396949768066409,0.1108621135354042,46.38762283325195,72.97832489013672,88.88251495361328,70.245361328125,33.53987503051758,359.74468994140627,54.54808044433594,74.54390716552735,57.661380767822269,24.647380828857423,6.371463298797607,359.9554138183594,325.13800048828127,335.2340393066406,357.54254150390627,0.5244659781455994,0.5244659781455994,355.5479431152344,294.66253662109377,283.1754455566406,222.6674346923828,211.5334014892578,208.3296661376953,252.20062255859376,269.66375732421877,269.66375732421877,270.67352294921877,216.94235229492188,197.81407165527345,204.8878936767578,248.96981811523438,250.2315216064453,303.9047546386719,333.797607421875,0.6281696557998657,15.588783264160157,76.17650604248047,90.49300384521485,54.28670120239258,24.00044822692871,15.031661987304688,334.882080078125,295.5306091308594,276.9791564941406,269.79266357421877,269.79266357421877,253.8446807861328,235.41709899902345,175.14111328125,174.1858367919922,180.30471801757813,180.30471801757813,180.30471801757813,158.15541076660157,118.26303100585938,102.34942626953125,70.85271453857422,75.4944076538086,135.9053497314453,162.18081665039063,124.0450439453125,117.98005676269531,60.655269622802737,30.183115005493165],"time":83.69140625,"mapName":"open1.map","timeDecision":0.0,"timeScan":0.0,"penalty_cost":0.0,"alpha":0.5,"beta":0.10000000149011612,"delta":120,"ip":"","os":"Windows 10  (10.0.0) 64bit"}