{"position":["22,2","22,2","22,2","22,2","22,3","22,5","22,8","22,12","22,17","22,20","21,22","18,23","16,23","15,25"],"rotationY":[0.0,0.0,0.0,302.77447509765627,344.3045654296875,22.66643524169922,0.8858534097671509,359.8817443847656,359.8817443847656,343.1726989746094,305.325439453125,283.5279541015625,311.3743896484375,344.2110900878906],"time":18.1328125,"mapName":"open1.map","timeDecision":0.0,"timeScan":0.0,"penalty_cost":0.0,"alpha":0.20000000298023225,"beta":0.5,"delta":60,"ip":"","os":"Windows 10  (10.0.0) 64bit"}