{"position":["22,2","22,2","22,2","22,2","22,3","21,7","21,10","20,12","18,13","14,13","10,13","5,13","4,13","3,11","3,7","3,3","3,2","5,2","9,2","14,2","18,2","23,2","27,2","27,2","29,6","29,9","28,11","28,12","29,16","30,17","33,18","37,18","38,18","39,21","39,22","38,22","34,23","30,23","26,23","24,23","24,23","21,23","17,23","16,23","15,26"],"rotationY":[0.0,0.0,0.0,301.203125,344.38372802734377,356.60052490234377,340.9132080078125,309.2123107910156,282.03448486328127,270.1493225097656,270.1493225097656,270.1493225097656,222.18043518066407,192.42691040039063,179.6632843017578,179.6632843017578,129.96331787109376,92.5378189086914,90.55909729003906,90.55909729003906,89.15962982177735,89.15962982177735,86.18714904785156,32.8351936340332,17.954631805419923,0.46785345673561098,335.72698974609377,10.081239700317383,22.02945327758789,66.22246551513672,77.54585266113281,86.51224517822266,40.75419616699219,18.047658920288087,332.3071594238281,286.8619689941406,277.86761474609377,270.6250915527344,269.5358581542969,309.8475036621094,290.3363037109375,270.6302490234375,269.6138000488281,324.5975036621094,345.4815979003906],"time":49.3984375,"mapName":"open1.map","timeDecision":0.0,"timeScan":0.0,"penalty_cost":0.0,"alpha":0.4000000059604645,"beta":0.6000000238418579,"delta":180,"ip":"","os":"Windows 10  (10.0.0) 64bit"}