{"position":["22,2","22,2","22,2","22,2","22,3","22,6","22,11","22,15","22,20","22,22","21,22","18,23","16,23","15,25"],"rotationY":[0.0,0.0,0.0,303.006591796875,344.7900695800781,5.6142659187316898,0.16392803192138673,0.16392803192138673,359.1754150390625,329.4939880371094,287.3894958496094,271.4538879394531,313.3653869628906,350.8346862792969],"time":18.11376953125,"mapName":"open1.map","timeDecision":0.0,"timeScan":0.0,"penalty_cost":0.0,"alpha":0.10000000149011612,"beta":0.30000001192092898,"delta":30,"ip":"","os":"Windows 10  (10.0.0) 64bit"}