{"position":["22,2","22,2","22,2","22,2","22,3","22,6","22,10","22,15","22,19","22,24","22,29","22,32","21,33","18,35","16,35","15,37","15,41","15,43","17,43","19,44","19,44","19,45","20,46","20,48","20,48","20,51","20,51","17,52","13,52","9,52","4,52","2,52","2,52","2,47","2,43","2,38","3,36","4,36","8,35","12,35","12,36","13,37","13,42","13,42","16,43","19,44","21,47","21,49","21,51","19,51","15,52","11,52","6,52","3,52","3,52","2,48","2,44","2,39","2,37","3,36","6,36","9,35","13,35","16,35","20,35","20,35","20,35","20,35","21,31","21,28","21,25","20,24","17,24","15,24","15,25"],"rotationY":[0.0,0.0,0.0,302.792236328125,344.8033142089844,6.128973007202148,0.3704637587070465,359.3745422363281,359.3745422363281,359.3745422363281,359.3745422363281,342.5010070800781,306.3627014160156,288.1580505371094,324.9404602050781,354.4967346191406,359.4668884277344,39.19025802612305,73.21662139892578,107.03348541259766,86.17036437988281,34.351051330566409,0.5300316214561462,41.28469467163086,19.54670524597168,357.2124938964844,298.5321044921875,285.773681640625,269.8502197265625,269.8502197265625,269.8502197265625,235.88583374023438,182.25408935546876,181.2546844482422,179.23968505859376,177.17979431152345,146.46697998046876,103.8863754272461,93.04254913330078,86.693359375,33.080684661865237,0.24459390342235566,359.2308654785156,58.031883239746097,71.26980590820313,46.1970100402832,26.897064208984376,0.017115481197834016,317.2507629394531,286.1298828125,272.6148986816406,269.61199951171877,269.61199951171877,253.69859313964845,196.57696533203126,183.57244873046876,179.9458770751953,179.9458770751953,156.38746643066407,107.3707275390625,83.73805236816406,100.57315826416016,90.00775146484375,90.15924072265625,86.1524658203125,31.769624710083009,91.81085968017578,152.693115234375,165.2218780517578,180.001708984375,202.0089569091797,238.46511840820313,270.3673400878906,300.63134765625,346.2479248046875],"time":79.6796875,"mapName":"open1.map","timeDecision":0.0,"timeScan":0.0,"penalty_cost":0.0,"alpha":0.4000000059604645,"beta":0.8000000715255737,"delta":120,"ip":"","os":"Windows 10  (10.0.0) 64bit"}