{"position":["22,2","22,2","22,2","22,2","22,3","22,6","22,11","22,15","22,19","21,22","20,22","16,23","15,24"],"rotationY":[0.0,0.0,0.0,303.5278625488281,345.49560546875,3.06807017326355,0.9690285325050354,359.9033203125,347.6921691894531,328.36334228515627,283.9157409667969,285.9468994140625,325.66107177734377],"time":17.1171875,"mapName":"open1.map","timeDecision":0.0,"timeScan":0.0,"penalty_cost":0.0,"alpha":0.0,"beta":0.5,"delta":180,"ip":"","os":"Windows 10  (10.0.0) 64bit"}