{"position":["22,2","22,2","22,2","22,2","22,3","22,6","22,10","23,13","23,13","28,13","28,13","28,13","28,12","29,9","29,5","28,3","26,3","24,2","24,3","23,5","23,5","21,3","19,2","15,2","10,2","6,2","3,2","3,3","2,6","2,9","3,12","2,16","2,20","2,21","4,22","7,23","11,23","11,22","12,21","12,21","13,19","14,15","15,14","19,13","19,13","19,13","20,11","20,9","20,4","20,2","19,2","15,2","10,2","6,2","3,2","3,3","2,6","2,9","3,12","3,12","3,12","3,12","3,12","3,12","2,15","2,19","2,21","4,22","7,23","7,23","7,23","11,23","12,23","13,25"],"rotationY":[0.0,0.0,0.0,301.88775634765627,344.796630859375,4.150861740112305,12.155006408691407,31.042896270751954,87.94843292236328,87.94843292236328,59.069149017333987,119.56256866455078,163.1223602294922,180.98483276367188,197.2028045654297,225.20840454101563,256.54132080078127,289.3779296875,342.5383605957031,310.2169189453125,250.08926391601563,231.2812957763672,266.1297912597656,268.10870361328127,270.0875244140625,271.0570373535156,292.9203796386719,342.64166259765627,359.54815673828127,18.19586944580078,357.33984375,352.2912902832031,359.78106689453127,43.106197357177737,72.05387115478516,90.57508850097656,99.6826171875,147.6421356201172,104.70671081542969,130.2067108154297,161.1358184814453,156.19952392578126,113.15020751953125,104.8575668334961,60.466278076171878,121.48941040039063,154.58067321777345,180.34133911132813,180.34133911132813,216.1278839111328,266.85302734375,268.8642272949219,269.83203125,270.8259582519531,294.7023620605469,342.7913513183594,357.93756103515627,17.455463409423829,41.5080680847168,52.614158630371097,42.33846664428711,48.322383880615237,348.19287109375,337.68988037109377,351.6085205078125,359.5829772949219,39.13493347167969,68.98775482177735,56.354576110839847,26.468929290771486,86.82858276367188,90.35161590576172,41.11489486694336,15.052521705627442],"time":78.671875,"mapName":"open1.map","timeDecision":0.0,"timeScan":0.0,"penalty_cost":0.0,"alpha":0.5,"beta":0.20000000298023225,"delta":30,"ip":"","os":"Windows 10  (10.0.0) 64bit"}