{"position":["22,2","22,2","22,2","22,2","22,2","21,5","22,8","22,12","23,15","22,16","22,20","22,24","22,29","23,32","24,34","26,35","28,35","32,35","36,35","38,35","40,35","44,34","44,34","44,31","45,27","44,25","43,24","41,24","36,24","31,24","27,24","24,24","24,24","24,24","23,21","23,18","24,15","24,14","27,14","28,14","29,16","29,17","32,18","36,18","37,18","38,20","38,22","38,22","38,22","39,22","42,23","44,23","44,23","44,20","44,15","44,11","44,6","44,6","44,6","44,2","44,2","43,3","40,4","37,3","33,2","30,1","27,2","24,2","24,2","24,7","24,11","24,16","24,20","24,22","24,22","24,22","20,23","17,23","16,23","15,25"],"rotationY":[0.0,0.0,0.0,303.29071044921877,3.767638683319092,347.5096740722656,10.279126167297364,9.276062965393067,0.42944294214248659,344.60009765625,358.0683288574219,0.056308500468730929,1.0503051280975342,17.01182746887207,46.01066970825195,74.04740905761719,100.40365600585938,84.5132827758789,90.57955169677735,65.7431640625,93.7466812133789,109.08959197998047,159.7321319580078,173.29148864746095,173.78485107421876,199.1336669921875,245.47161865234376,269.9595947265625,269.9595947265625,269.9595947265625,269.9595947265625,293.8249816894531,280.1246032714844,219.9916229248047,197.68508911132813,179.75218200683595,162.80821228027345,111.94086456298828,92.79164123535156,43.09608840942383,16.637788772583009,65.51255798339844,77.86021423339844,89.7948989868164,40.996280670166019,9.478811264038086,335.8016052246094,322.9667053222656,23.606578826904298,73.00259399414063,84.91365814208985,103.7846450805664,164.3812255859375,179.69972229003907,179.69972229003907,179.69972229003907,181.65602111816407,238.346923828125,182.2781982421875,193.24183654785157,254.29135131835938,295.0954284667969,271.5872802734375,251.71380615234376,251.71380615234376,275.5723571777344,277.9703063964844,297.88177490234377,354.96356201171877,358.0617370605469,0.3505896031856537,0.3505896031856537,0.3505896031856537,39.25648498535156,355.28411865234377,295.1016845703125,287.6500244140625,269.6004333496094,319.53826904296877,344.7770080566406],"time":84.689453125,"mapName":"open1.map","timeDecision":0.0,"timeScan":0.0,"penalty_cost":0.0,"alpha":0.10000000149011612,"beta":0.10000000149011612,"delta":60,"ip":"","os":"Windows 10  (10.0.0) 64bit"}