{"position":["22,2","22,2","22,2","22,2","22,2","22,2","25,2","27,2","28,4","28,6","28,11","28,12","28,12","29,15","30,17","31,17","35,18","38,18","38,19","38,19","40,19","43,19","43,19","44,16","44,13","44,8","44,6","44,6","44,3","45,2","45,2","43,2","38,2","34,2","29,2","25,2","24,2","23,5","23,8","23,12","23,12","27,13","27,13","27,11","27,11","28,11","28,11","28,11","27,11","27,11","23,11","22,11","19,12","16,13","15,14","14,15","14,15","13,15","13,15","13,14","12,14","9,13","5,13","3,13","3,15","2,18","2,21","3,22","5,22","7,23","7,23","9,23","12,23","12,23","12,23","13,26"],"rotationY":[0.0,0.0,0.0,303.6304931640625,4.221802234649658,64.97785949707031,89.89447784423828,58.031898498535159,25.40804100036621,359.9692077636719,359.9692077636719,310.3797912597656,348.1509704589844,11.485440254211426,36.98146438598633,74.9645767211914,83.943359375,68.5873031616211,17.64983367919922,71.32583618164063,107.6471939086914,83.7909164428711,141.45594787597657,163.11422729492188,180.28114318847657,180.28114318847657,213.081298828125,182.27615356445313,167.36891174316407,212.1206512451172,272.376953125,272.79962158203127,270.81158447265627,269.7774658203125,269.7774658203125,269.7774658203125,322.0060729980469,342.2584228515625,359.0158386230469,11.110294342041016,71.8775863647461,77.11602783203125,137.4773406982422,175.8291778564453,120.06635284423828,148.9059600830078,209.41024780273438,270.37640380859377,224.63922119140626,270.69903564453127,284.19244384765627,318.6151428222656,292.7130432128906,306.65667724609377,352.5869140625,13.111082077026368,312.17401123046877,251.55679321289063,190.8629608154297,198.12957763671876,251.8201904296875,268.7186279296875,270.8248291015625,309.59954833984377,342.7917175292969,359.72088623046877,23.80548095703125,67.7773208618164,77.1878662109375,40.60491180419922,55.673458099365237,86.61373138427735,108.06314849853516,93.12818145751953,33.23149871826172,15.014731407165528],"time":80.7734375,"mapName":"open1.map","timeDecision":0.0,"timeScan":0.0,"penalty_cost":0.0,"alpha":0.8000000715255737,"beta":1.0000001192092896,"delta":60,"ip":"","os":"Windows 10  (10.0.0) 64bit"}