{"position":["22,2","22,2","22,2","22,2","22,3","22,6","22,10","22,13","22,13","18,13","16,13","15,15","15,15","12,14","8,13","4,13","3,13","3,13","3,14","2,18","2,22","2,22","6,22","6,22","8,23","12,23","13,23","15,23","20,23","20,23","20,25","22,26","22,29","22,31","24,34","26,34","29,34","33,35","37,35","38,35","38,35","42,35","43,35","44,33","45,30","45,25","45,24","45,24","45,20","45,16","45,11","45,8","44,6","44,3","44,3","40,3","37,2","32,2","30,2","30,2","28,2","24,2","24,2","24,4","23,4","20,2","16,2","12,2","7,2","4,2","3,3","2,7","2,10","3,12","3,13","3,13","4,13","8,13","12,13","12,13","14,17","14,20","14,24"],"rotationY":[0.0,0.0,0.0,302.0458068847656,344.6297607421875,5.839817523956299,359.9317626953125,333.4209899902344,272.6251220703125,270.0364685058594,309.86602783203127,316.04278564453127,255.61398315429688,256.0018615722656,261.87554931640627,270.09515380859377,246.25881958007813,306.29815673828127,347.69769287109377,359.5966796875,10.530582427978516,71.21984100341797,83.49376678466797,51.724456787109378,82.63798522949219,88.64480590820313,62.560420989990237,90.34375762939453,90.34375762939453,29.4968318939209,42.1501350402832,22.01882553100586,359.4338073730469,30.314756393432618,50.31624221801758,88.91093444824219,76.92459106445313,86.84120178222656,89.8623275756836,37.160091400146487,80.82880401611328,90.18359375,135.95066833496095,161.45379638671876,179.34397888183595,180.30746459960938,228.0284881591797,192.30917358398438,182.1168670654297,179.11007690429688,179.11007690429688,197.09666442871095,191.65635681152345,200.8856658935547,261.34112548828127,256.4024353027344,266.3182373046875,270.29425048828127,301.0790710449219,301.81243896484377,272.5685729980469,281.51458740234377,342.10552978515627,304.4593811035156,245.5851593017578,254.53115844726563,269.4256591796875,270.4537353515625,270.4537353515625,288.5032043457031,327.4649658203125,342.1828308105469,359.5534362792969,28.687026977539064,350.0040588378906,47.47905349731445,94.75177001953125,91.51319885253906,84.40762329101563,31.044939041137697,18.416582107543947,0.193927600979805,359.18011474609377],"time":87.728515625,"mapName":"open1.map","timeDecision":0.0,"timeScan":0.0,"penalty_cost":0.0,"alpha":0.4000000059604645,"beta":0.0,"delta":60,"ip":"","os":"Windows 10  (10.0.0) 64bit"}