{"position":["22,2","22,2","22,2","22,2","22,3","21,7","22,8","22,11","22,11","22,11","23,11","25,12","28,12","28,11","29,8","29,5","28,3","27,3","24,2","24,2","24,4","24,4","22,4","18,3","15,2","10,2","6,2","3,2","3,3","2,6","2,11","2,12","2,12","2,15","2,19","3,22","2,25","2,29","2,32","3,34","5,35","9,35","12,35","13,36","14,40","14,43","14,43","18,44","19,44","19,44","20,46","21,49","20,50","19,51","16,52","11,52","7,52","3,52","3,52","2,49","2,44","2,40","3,36","3,36","3,36","2,34","2,30","2,26","2,21","2,17","2,15","4,14","7,13","11,13","12,13","13,16","14,19","14,23"],"rotationY":[0.0,0.0,0.0,301.65167236328127,344.5021667480469,357.4334411621094,23.931928634643556,358.2715148925781,313.83197021484377,14.095585823059082,64.40593719482422,90.19850158691406,116.98563385009766,162.0126190185547,179.89114379882813,201.77679443359376,232.89466857910157,256.1952209472656,277.0692138671875,337.8010559082031,329.14703369140627,269.0532531738281,253.30787658691407,253.30787658691407,268.25390625,270.2777099609375,270.2777099609375,298.1096496582031,343.0813903808594,357.53582763671877,0.7516403198242188,46.231021881103519,15.700428009033204,1.8446879386901856,13.96224308013916,5.992414474487305,351.7904968261719,359.7528381347656,17.78192138671875,51.948246002197269,77.69825744628906,86.65805053710938,71.46517944335938,32.18955612182617,19.155254364013673,359.920654296875,60.24909973144531,72.77062225341797,115.64017486572266,55.24705505371094,23.190515518188478,4.9010138511657719,324.0978698730469,288.0087890625,270.13958740234377,270.13958740234377,270.13958740234377,255.5496826171875,196.71258544921876,182.3031768798828,180.31520080566407,180.31520080566407,162.6266632080078,107.22622680664063,158.16506958007813,190.16163635253907,181.22544860839845,178.64151000976563,178.64151000976563,180.62973022460938,141.70181274414063,110.89250183105469,92.29078674316406,89.48005676269531,37.05332565307617,19.210208892822267,359.908447265625,359.908447265625],"time":82.666015625,"mapName":"open1.map","timeDecision":0.0,"timeScan":0.0,"penalty_cost":0.0,"alpha":0.5,"beta":0.20000000298023225,"delta":60,"ip":"","os":"Windows 10  (10.0.0) 64bit"}