{"position":["22,2","22,2","22,2","22,2","22,3","21,7","21,10","20,12","18,13","15,13","15,13","14,13","10,13","5,13","4,13","3,16","2,19","2,21","4,22","7,23","7,23","7,23","11,23","11,23","12,21","12,21","12,22","13,26"],"rotationY":[0.0,0.0,0.0,302.22857666015627,344.13055419921877,357.9485168457031,343.39453125,312.2933044433594,281.8485107421875,304.7104797363281,318.9598388671875,270.0699462890625,270.0699462890625,270.0699462890625,318.05499267578127,341.2493896484375,0.08383583277463913,31.132829666137697,60.87315368652344,64.31352996826172,19.62091064453125,79.69757843017578,89.84976196289063,145.79762268066407,124.42205047607422,64.36683654785156,15.176591873168946,15.14583683013916],"time":32.2578125,"mapName":"open1.map","timeDecision":0.0,"timeScan":0.0,"penalty_cost":0.0,"alpha":0.4000000059604645,"beta":0.4000000059604645,"delta":180,"ip":"","os":"Windows 10  (10.0.0) 64bit"}