{"position":["22,2","22,2","22,2","22,2","22,3","21,7","22,9","22,13","22,16","21,21","20,22","17,23","16,23","15,26"],"rotationY":[0.0,0.0,0.0,302.8355712890625,344.3379821777344,357.8145751953125,11.092597961425782,0.5810720920562744,342.67822265625,341.6606750488281,299.4566650390625,283.95159912109377,327.8407287597656,343.9827575683594],"time":18.09765625,"mapName":"open1.map","timeDecision":0.0,"timeScan":0.0,"penalty_cost":0.0,"alpha":0.5,"beta":0.20000000298023225,"delta":120,"ip":"","os":"Windows 10  (10.0.0) 64bit"}