{"position":["22,2","22,2","22,2","22,2","20,2","15,2","11,2","6,2","4,2","3,4","2,7","2,10","3,12","3,12","7,13","11,13","16,13","20,13","20,13","20,13","25,13","28,13","28,13","29,16","31,17","34,17","38,17","42,17","44,18","44,18","45,14","45,10","45,7","44,5","44,3","43,3","39,3","35,1","32,1","31,2","30,4","30,6","30,6","30,6","28,3","26,2","23,1","21,2","17,2","12,2","8,2","3,2","1,2","1,3","1,6","2,9","2,12","4,12","7,13","12,13","16,13","19,13","19,13","19,13","20,12","21,8","22,8","24,6","24,5","24,3","24,3","23,3","19,2","15,2","10,2","6,2","4,2","3,4","2,7","2,11","3,11","6,13","9,13","13,13","13,13","13,14","13,14","14,17","14,20","14,25"],"rotationY":[0.0,0.0,0.0,299.6497497558594,269.4713134765625,269.4713134765625,270.44940185546877,270.44940185546877,303.2838439941406,335.4915771484375,353.54742431640627,14.03527545928955,44.190860748291019,76.42131805419922,85.70880889892578,89.72814178466797,90.70386505126953,94.9549789428711,145.93499755859376,91.77198028564453,89.7745132446289,70.65564727783203,16.209205627441408,34.2667236328125,70.49710845947266,90.48297882080078,90.48297882080078,74.58528137207031,103.43122863769531,162.55050659179688,174.50460815429688,179.47462463378907,204.32460021972657,183.44241333007813,217.2383575439453,262.1251525878906,257.0477294921875,251.93942260742188,280.8424377441406,322.8398132324219,352.2428894042969,340.0976867675781,279.9461669921875,219.60336303710938,210.96034240722657,248.6574249267578,266.5641174316406,279.720458984375,269.6860046386719,269.6860046386719,269.6860046386719,269.6860046386719,304.11865234375,352.8713073730469,14.447588920593262,4.17540168762207,37.860107421875,73.21569061279297,88.43688201904297,89.45331573486328,90.45829010009766,65.39006805419922,56.82710266113281,117.57501220703125,155.47140502929688,157.40943908691407,109.79366302490235,130.35650634765626,177.6079864501953,152.5044708251953,213.3310546875,256.267333984375,266.4908447265625,270.26458740234377,270.26458740234377,270.26458740234377,310.02490234375,340.68548583984377,355.72967529296877,7.759554386138916,58.524879455566409,71.41790008544922,90.82684326171875,83.72100830078125,23.068769454956056,62.72319793701172,29.798513412475587,13.254488945007325,359.8680419921875,359.8680419921875],"time":94.7750244140625,"mapName":"open1.map","timeDecision":0.0,"timeScan":0.0,"penalty_cost":0.0,"alpha":0.6000000238418579,"beta":1.0,"delta":180,"ip":"","os":"Windows 10  (10.0.0) 64bit"}