{"position":["22,2","22,2","22,2","22,2","22,3","22,6","22,10","22,13","22,13","18,13","13,13","9,13","4,13","3,13","3,13","3,11","2,8","2,4","3,2","5,1","7,2","11,2","15,2","20,2","20,2","21,6","21,9","20,12","20,12","16,13","15,15","15,15","12,14","9,13","5,13","3,13","3,13","3,14","2,18","2,22","2,22","6,23","7,23","7,23","9,23","12,23","12,23","12,24","13,26"],"rotationY":[0.0,0.0,0.0,302.8429260253906,344.8555603027344,6.056686878204346,0.38842663168907168,332.0261535644531,272.9024353027344,270.9233703613281,269.93719482421877,269.93719482421877,269.93719482421877,288.82763671875,228.2861785888672,192.40948486328126,180.51800537109376,164.606201171875,135.2563934326172,103.44845581054688,76.2686767578125,87.5416488647461,89.52071380615235,87.53265380859375,27.130863189697267,16.3399715423584,356.9469299316406,339.4529724121094,285.8297424316406,297.76275634765627,322.289794921875,261.546875,249.03985595703126,263.3987731933594,269.1007995605469,242.8094024658203,303.1910095214844,347.404052734375,355.3725280761719,6.97783899307251,67.94789123535156,75.36676025390625,31.019676208496095,59.63920974731445,87.27322387695313,113.71028900146485,86.88704681396485,34.4598503112793,15.534339904785157],"time":53.44140625,"mapName":"open1.map","timeDecision":0.0,"timeScan":0.0,"penalty_cost":0.0,"alpha":0.5,"beta":0.0,"delta":60,"ip":"","os":"Windows 10  (10.0.0) 64bit"}