{"position":["22,2","22,2","22,2","22,2","22,3","22,6","22,10","22,15","21,18","20,22","19,22","16,23","15,25"],"rotationY":[0.0,0.0,0.0,303.2655334472656,344.71990966796877,6.216413497924805,1.0306285619735718,358.53302001953127,342.9095458984375,333.924560546875,284.0208740234375,298.3664855957031,329.17706298828127],"time":17.11328125,"mapName":"open1.map","timeDecision":0.0,"timeScan":0.0,"penalty_cost":0.0,"alpha":0.20000000298023225,"beta":0.10000000149011612,"delta":60,"ip":"","os":"Windows 10  (10.0.0) 64bit"}