{"position":["22,2","22,2","22,2","22,2","22,3","22,5","22,8","22,12","22,16","23,20","24,22","26,22","30,23","34,23","38,23","38,23","38,20","38,19","38,19","39,19","39,19","39,19","38,19","34,18","31,18","30,16","30,14","30,9","30,5","30,2","30,2","26,2","25,2","24,4","24,8","24,12","24,17","24,21","24,22","26,23","30,23","35,23","38,23","38,23","40,23","43,23","44,24","45,27","45,30","45,34","45,34","45,35","45,40","45,44","45,48","46,50","46,50","45,50","43,51","40,51","40,51","40,47","40,45","38,45","35,44","31,44","26,44","23,44","20,43","16,44","16,44","15,41","14,38","14,34"],"rotationY":[0.0,0.0,0.0,302.1292419433594,344.0707092285156,21.56991195678711,358.24847412109377,359.2930603027344,16.59438705444336,18.70184326171875,41.60899353027344,73.55579376220703,88.4657974243164,90.41202545166016,98.49495697021485,159.39340209960938,176.85418701171876,209.0314178466797,148.76873779296876,115.51974487304688,175.97703552246095,236.8377685546875,259.4881896972656,265.540771484375,243.5236053466797,210.7182159423828,179.14950561523438,179.14950561523438,179.14950561523438,204.02520751953126,264.04754638671877,268.5078125,319.01422119140627,351.8634948730469,0.17126479744911195,0.17126479744911195,0.17126479744911195,0.17126479744911195,54.34638595581055,81.13127136230469,90.2544174194336,90.2544174194336,110.42214965820313,130.54933166503907,91.70061492919922,74.9112319946289,31.568601608276368,18.678255081176759,359.7661437988281,344.83245849609377,314.427001953125,357.2515869140625,0.2479333132505417,0.2479333132505417,13.168760299682618,349.3127136230469,288.7073974609375,253.5623321533203,280.5069580078125,252.29678344726563,191.70928955078126,181.42446899414063,213.52297973632813,251.95751953125,270.6269836425781,270.6269836425781,270.6269836425781,253.7146759033203,276.5565185546875,277.243408203125,216.49453735351563,198.0692138671875,180.73915100097657,179.31808471679688],"time":78.72265625,"mapName":"open1.map","timeDecision":0.0,"timeScan":0.0,"penalty_cost":0.0,"alpha":0.5,"beta":0.7000000476837158,"delta":120,"ip":"","os":"Windows 10  (10.0.0) 64bit"}