{"position":["22,2","22,2","22,2","22,2","22,3","22,6","22,10","22,13","22,13","20,13","20,13","18,13","15,13","15,14","13,19","13,19","14,21","14,22","14,26"],"rotationY":[0.0,0.0,0.0,303.12725830078127,344.1131591796875,5.780327796936035,0.5111370086669922,332.02691650390627,272.3624267578125,301.16485595703127,303.0571594238281,269.01904296875,298.8605651855469,340.8009948730469,339.0923156738281,345.2106628417969,13.873040199279786,4.4872565269470219,2.034611701965332],"time":23.1640625,"mapName":"open1.map","timeDecision":0.0,"timeScan":0.0,"penalty_cost":0.0,"alpha":0.5,"beta":0.9000000953674316,"delta":60,"ip":"","os":"Windows 10  (10.0.0) 64bit"}