{"position":["22,2","22,2","22,2","22,2","22,2","22,2","24,2","27,2","28,4","28,6","28,11","28,12","26,13","24,13","24,12","23,8","23,5","24,3","25,3","28,3","32,2","36,2","38,2","38,2","41,2","45,2","46,2","46,4","45,7","44,11","44,14","44,17","44,17","44,21","44,25","45,29","46,31","44,34","44,34","44,37","44,41","45,44","46,48","45,50","45,50","41,51","41,51","41,49","40,45","39,43","39,43","35,44","31,44","26,44","25,44","24,46","23,49","23,52","22,52","18,52","14,52","9,52","5,52","3,52","2,50","2,46","2,42","2,37","2,33","2,30","2,30","2,28","2,25","3,24","4,24","8,23","12,23","12,23","12,23","13,25"],"rotationY":[0.0,0.0,0.0,301.9375305175781,2.9200148582458498,62.927127838134769,90.88581085205078,61.98312759399414,29.837308883666993,359.64251708984377,359.64251708984377,315.0089111328125,287.10491943359377,244.36268615722657,195.66403198242188,189.727294921875,168.81793212890626,137.63278198242188,91.80890655517578,99.48603057861328,94.65740966796875,90.68822479248047,54.8907356262207,65.5968017578125,87.39800262451172,90.38146209716797,39.67424774169922,359.88385009765627,344.1098937988281,345.6982421875,0.06344129145145416,333.45269775390627,358.1675109863281,0.22543540596961976,13.147395133972168,18.15945816040039,344.3394470214844,329.5227966308594,336.83917236328127,356.04217529296877,5.213227272033691,18.463369369506837,6.507256507873535,336.43853759765627,283.0318298339844,273.1056823730469,211.96743774414063,191.78163146972657,198.96949768066407,225.5284881591797,282.03399658203127,275.7658386230469,269.78369140625,269.78369140625,317.55950927734377,341.4647216796875,0.5866223573684692,332.3195495605469,282.3461608886719,269.8805236816406,269.8805236816406,268.88653564453127,268.88653564453127,229.7710418701172,197.9405975341797,184.45713806152345,180.45848083496095,180.45848083496095,179.48025512695313,157.66287231445313,139.72265625,177.9830322265625,159.00344848632813,117.19883728027344,104.44405364990235,93.0005111694336,99.02084350585938,103.3047866821289,42.89445877075195,15.168258666992188],"time":84.7734375,"mapName":"open1.map","timeDecision":0.0,"timeScan":0.0,"penalty_cost":0.0,"alpha":0.6000000238418579,"beta":0.5,"delta":60,"ip":"","os":"Windows 10  (10.0.0) 64bit"}