{"position":["22,2","22,2","22,2","22,2","22,2","22,2","25,2","28,2","31,2","31,2","32,2","36,2","37,2","38,4","40,4","42,3","45,1","45,1","46,2","45,4","45,8","46,12","46,15","46,20","45,23","44,27","44,29","45,33","45,34","45,34","45,35","44,35","44,35","46,36","46,39","45,41","45,42","45,43","45,48","46,51","46,52","45,52","41,51","40,50","39,47","38,45","37,45","32,45","28,45","24,45","24,45","22,44","20,43","17,43","15,43","14,41","13,37","13,36","13,36","13,34"],"rotationY":[0.0,0.0,0.0,301.83251953125,2.61303973197937,62.97200393676758,90.25042724609375,74.36000061035156,89.89010620117188,31.986438751220704,87.24496459960938,90.25743103027344,40.45923614501953,55.59760284423828,95.08187103271485,123.23226928710938,113.3047866821289,52.553672790527347,10.810465812683106,352.4703063964844,4.051220417022705,8.058646202087403,0.5861741900444031,359.5665283203125,342.65740966796877,346.6741638183594,17.082103729248048,7.153803825378418,319.41510009765627,356.2006530761719,309.8614807128906,355.35638427734377,55.60572052001953,27.18741226196289,359.1119384765625,331.310546875,19.060449600219728,2.774705648422241,1.7797168493270875,11.302001953125,315.61077880859377,265.5665283203125,256.0937805175781,215.92230224609376,197.8133544921875,226.62954711914063,269.4808349609375,269.4808349609375,271.46270751953127,283.44091796875,267.2328186035156,239.940673828125,276.7428283691406,263.8642578125,227.0321502685547,196.01251220703126,196.01251220703126,250.18368530273438,201.64158630371095,168.29425048828126],"time":64.5546875,"mapName":"open1.map","timeDecision":0.0,"timeScan":0.0,"penalty_cost":0.0,"alpha":0.9000000953674316,"beta":0.6000000238418579,"delta":180,"ip":"","os":"Windows 10  (10.0.0) 64bit"}