{"position":["22,2","22,2","22,2","22,2","22,3","22,6","22,10","22,15","22,19","21,23","21,23","18,23","16,23","15,25"],"rotationY":[0.0,0.0,0.0,302.7220764160156,344.0378723144531,6.279358863830566,0.5576266050338745,359.5575866699219,359.5575866699219,343.5393371582031,285.96929931640627,273.3176574707031,308.2671813964844,340.3365478515625],"time":18.1015625,"mapName":"open1.map","timeDecision":0.0,"timeScan":0.0,"penalty_cost":0.0,"alpha":0.30000001192092898,"beta":0.4000000059604645,"delta":180,"ip":"","os":"Windows 10  (10.0.0) 64bit"}