{"position":["22,2","22,2","22,2","22,2","22,2","22,2","24,2","27,2","28,4","28,6","28,11","28,14","29,16","31,17","34,18","38,18","38,18","38,22","38,23","38,23","38,23","37,23","33,23","28,23","24,23","24,23","21,20","21,20","20,22","20,22","16,23","15,25"],"rotationY":[0.0,0.0,0.0,302.322998046875,3.019230842590332,63.412139892578128,90.85760498046875,63.034278869628909,31.491724014282228,359.43719482421877,359.43719482421877,15.206911087036133,48.10030746459961,71.23650360107422,90.13742065429688,76.21476745605469,15.50797176361084,1.8024511337280274,45.58842468261719,20.397485733032228,320.1375732421875,272.3140563964844,271.35260009765627,269.32513427734377,262.3471984863281,222.29257202148438,235.8546142578125,296.58489990234377,326.8087158203125,284.59014892578127,297.72686767578127,328.57708740234377],"time":36.28125,"mapName":"open1.map","timeDecision":0.0,"timeScan":0.0,"penalty_cost":0.0,"alpha":0.6000000238418579,"beta":0.4000000059604645,"delta":60,"ip":"","os":"Windows 10  (10.0.0) 64bit"}