{"position":["22,2","22,2","22,2","22,2","22,2","22,2","25,2","27,2","28,4","29,7","29,10","28,12","27,12","24,12","24,12","24,12","24,13","23,16","23,20","23,22","23,22","23,22","21,22","18,23","15,23","15,23","15,23","13,20","13,17","13,14","13,14","17,13","19,13","20,11","21,8","21,5","20,3","18,2","14,2","10,2","5,2","1,2","1,2","1,4","2,8","3,12","3,12","7,13","11,13","16,13","19,13","20,12","20,10","20,5","20,3","18,3","15,2","11,2","6,2","4,2","3,4","2,7","2,10","3,12","2,14","2,18","2,21","3,22","3,23","3,23","6,23","6,23","8,26","8,28","8,28","8,33","8,34","10,34","13,35","14,35","15,35","15,35","15,33"],"rotationY":[0.0,0.0,0.0,302.183837890625,2.4773051738739015,63.386634826660159,90.22455596923828,61.43234634399414,29.64682960510254,10.668559074401856,350.41741943359377,320.55908203125,271.4494323730469,253.45863342285157,228.94105529785157,289.0929870605469,342.1361083984375,358.1921081542969,1.1660478115081788,39.98514938354492,23.401979446411134,322.9022521972656,286.73065185546877,273.8153381347656,291.7070617675781,275.4389343261719,215.2149658203125,206.52496337890626,179.12847900390626,160.2392578125,106.60682678222656,92.67765808105469,126.47368621826172,159.57875061035157,178.51681518554688,198.7979278564453,229.60235595703126,258.46685791015627,269.4007568359375,270.41339111328127,270.41339111328127,278.3829345703125,338.8553771972656,7.247751235961914,17.916339874267579,16.77732276916504,73.95430755615235,85.68631744384766,89.33572387695313,90.30461120605469,108.53187561035156,147.42494201660157,180.2268829345703,180.2268829345703,214.02293395996095,253.13375854492188,269.08203125,270.03826904296877,270.03826904296877,303.82598876953127,334.62408447265627,353.6210632324219,14.018877029418946,17.6339111328125,349.6893310546875,358.66680908203127,24.599721908569337,350.6287841796875,26.76202392578125,87.28644561767578,91.99803924560547,32.22587966918945,19.012723922729493,338.906494140625,357.746337890625,358.73150634765627,41.451087951660159,73.17723083496094,81.11365509033203,90.33827209472656,130.9929962158203,191.0567169189453,191.11361694335938],"time":87.6640625,"mapName":"open1.map","timeDecision":0.0,"timeScan":0.0,"penalty_cost":0.0,"alpha":0.7000000476837158,"beta":1.0000001192092896,"delta":120,"ip":"","os":"Windows 10  (10.0.0) 64bit"}