{"position":["22,2","22,2","22,2","22,2","22,3","22,6","22,11","22,13","22,13","17,13","13,13","8,13","4,13","4,14","2,17","2,20","2,21","4,22","7,23","7,23","7,23","11,23","11,22","12,21","12,21","13,23"],"rotationY":[0.0,0.0,0.0,301.8299865722656,344.28082275390627,4.163666248321533,0.20601680874824525,330.058837890625,272.6820983886719,270.6300048828125,269.63604736328127,269.63604736328127,274.60272216796877,326.9111328125,341.8211669921875,359.89813232421877,46.211429595947269,71.73344421386719,48.88471984863281,33.19203567504883,89.92288208007813,101.69281768798828,148.9445037841797,105.66522979736328,45.20832443237305,15.733147621154786],"time":30.23046875,"mapName":"open1.map","timeDecision":0.0,"timeScan":0.0,"penalty_cost":0.0,"alpha":0.20000000298023225,"beta":0.30000001192092898,"delta":120,"ip":"","os":"Windows 10  (10.0.0) 64bit"}