{"position":["22,2","22,2","22,2","22,2","22,3","22,5","22,8","22,12","22,12","22,12","22,17","22,20","24,24","24,26","23,29","22,30","22,31","20,34","20,34","16,34","15,34","14,31"],"rotationY":[0.0,0.0,0.0,301.48321533203127,344.88433837890627,19.902202606201173,357.0208435058594,349.0469970703125,304.2457580566406,359.8317565917969,1.3875073194503785,16.757186889648439,17.751148223876954,342.5265197753906,322.64642333984377,358.3963623046875,345.4978332519531,333.15533447265627,272.1732482910156,270.0166320800781,217.70582580566407,193.6030731201172],"time":26.19921875,"mapName":"open1.map","timeDecision":0.0,"timeScan":0.0,"penalty_cost":0.0,"alpha":0.0,"beta":0.7000000476837158,"delta":120,"ip":"","os":"Windows 10  (10.0.0) 64bit"}