{"position":["22,2","22,2","22,2","22,2","22,2","22,2","25,2","28,2","31,2","36,2","38,2","42,2","45,2","45,3","45,4","46,5","45,7","45,11","45,15","44,17","44,19","44,19","46,20","46,20","45,24","45,28","45,33","46,36","46,40","46,43","45,47","43,51","42,52","40,51","38,51","38,50","39,47","39,45","37,45","34,44","30,44","25,44","25,44","23,47","23,50","23,52","22,52","18,52","13,52","9,52","4,52","4,52","2,49","2,45","2,41","2,38","3,36","4,36","7,36","11,35","13,34","13,34","17,35","20,35","20,36","21,37","21,37","23,36","27,36","30,35","34,35","37,35","38,36","39,40","39,42","38,43","35,44","31,44","27,44","25,44","25,44","24,42","24,42","23,43","21,43","18,44","16,44","15,42","14,39","14,36"],"rotationY":[0.0,0.0,0.0,303.4267578125,4.469880104064941,64.97151184082031,90.4325180053711,76.5166015625,90.05120849609375,90.05120849609375,83.1218032836914,89.89384460449219,68.02584838867188,15.302411079406739,20.695758819580079,30.813817977905275,353.63531494140627,355.8772277832031,356.2535400390625,332.19622802734377,359.0894775390625,59.645835876464847,49.90184020996094,349.2735900878906,355.3882141113281,0.36909815669059756,0.36909815669059756,13.338878631591797,359.32720947265627,343.4018859863281,341.41400146484377,327.4979248046875,288.7120666503906,258.42742919921877,219.42332458496095,171.9465789794922,176.19737243652345,216.0633544921875,251.73944091796876,266.1507873535156,270.10791015625,272.095947265625,327.7305908203125,341.643310546875,0.5066065788269043,321.75732421875,271.169921875,269.16571044921877,269.16571044921877,269.16571044921877,270.1678771972656,213.29473876953126,198.0224609375,180.48890686035157,179.467529296875,156.8278045654297,126.65898895263672,84.7259292602539,100.35269927978516,107.70217895507813,72.13816833496094,77.45181274414063,83.42359161376953,68.73395538330078,17.073928833007814,58.15128707885742,119.3975830078125,101.0897445678711,90.10319519042969,103.02387237548828,93.08389282226563,69.14258575439453,29.95915412902832,18.003965377807618,342.3133239746094,301.54034423828127,286.19036865234377,271.27313232421877,269.14715576171877,299.47576904296877,239.1454315185547,213.1625213623047,273.7038269042969,310.9398193359375,270.64312744140627,281.5765075683594,242.82102966308595,208.70257568359376,194.03286743164063,180.0469512939453],"time":94.8515625,"mapName":"open1.map","timeDecision":0.0,"timeScan":0.0,"penalty_cost":0.0,"alpha":0.7000000476837158,"beta":0.30000001192092898,"delta":120,"ip":"","os":"Windows 10  (10.0.0) 64bit"}