{"position":["22,2","22,2","22,2","22,2","22,3","22,4","22,6","22,10","22,13","22,13","18,13","16,13","15,15","15,15","12,14","9,13","4,13","4,13","2,9","2,7","2,3","2,3","5,2","10,2","14,2","19,2","19,2","21,5","21,8","21,11","20,12","18,12","15,13","15,13","15,13","14,15","13,18","13,19","14,22","14,22","14,26"],"rotationY":[0.0,0.0,0.0,302.921142578125,344.1240539550781,40.17726135253906,7.933866024017334,359.84735107421877,339.6896667480469,278.9424133300781,271.36920166015627,306.1104736328125,315.0150451660156,254.91314697265626,255.48068237304688,268.3504638671875,270.3751220703125,213.6637725830078,205.71644592285157,179.872314453125,164.94097900390626,106.51244354248047,92.58515930175781,90.60489654541016,89.58503723144531,89.58503723144531,31.401870727539064,18.357194900512697,0.814481258392334,335.4496154785156,290.0406494140625,283.31817626953127,303.2212219238281,283.8003845214844,308.4745178222656,350.13018798828127,342.0408630371094,8.124085426330567,26.885181427001954,10.117375373840332,2.0417656898498537],"time":45.3203125,"mapName":"open1.map","timeDecision":0.0,"timeScan":0.0,"penalty_cost":0.0,"alpha":0.20000000298023225,"beta":0.0,"delta":60,"ip":"","os":"Windows 10  (10.0.0) 64bit"}