{"position":["22,2","22,2","22,2","22,2","22,3","22,6","22,11","22,15","21,18","20,22","20,22","16,23","15,25"],"rotationY":[0.0,0.0,0.0,301.5899963378906,345.1910095214844,3.0804848670959474,1.0501385927200318,359.2226867675781,343.41278076171877,331.22821044921877,283.3992614746094,296.9059753417969,330.10382080078127],"time":17.14520263671875,"mapName":"open1.map","timeDecision":0.0,"timeScan":0.0,"penalty_cost":0.0,"alpha":0.4000000059604645,"beta":0.0,"delta":30,"ip":"","os":"Windows 10  (10.0.0) 64bit"}