{"position":["22,2","22,2","22,2","22,2","20,2","15,2","11,2","6,2","4,2","3,4","2,7","2,10","3,12","3,13","3,13","4,13","9,13","12,13","13,14","14,18","14,21","14,25"],"rotationY":[0.0,0.0,0.0,302.6429443359375,269.3939514160156,269.3939514160156,269.3939514160156,269.3939514160156,301.17401123046877,330.2121276855469,349.6755676269531,10.825109481811524,20.854541778564454,359.0371398925781,59.62998962402344,94.86083221435547,90.88484954833985,71.39878845214844,31.352140426635743,18.889808654785158,0.2671940326690674,359.2622985839844],"time":26.1796875,"mapName":"open1.map","timeDecision":0.0,"timeScan":0.0,"penalty_cost":0.0,"alpha":0.9000000953674316,"beta":0.0,"delta":180,"ip":"","os":"Windows 10  (10.0.0) 64bit"}