{"position":["22,2","22,2","22,2","22,2","22,3","22,6","22,11","22,14","20,18","20,21","20,22","16,23","15,24"],"rotationY":[0.0,0.0,0.0,302.5823669433594,345.4220886230469,5.076030731201172,359.8826904296875,342.8814697265625,341.1961975097656,355.6313781738281,300.4674377441406,287.9363708496094,325.7671203613281],"time":17.125,"mapName":"open1.map","timeDecision":0.0,"timeScan":0.0,"penalty_cost":0.0,"alpha":0.10000000149011612,"beta":0.20000000298023225,"delta":60,"ip":"","os":"Windows 10  (10.0.0) 64bit"}