{"position":["22,2","22,2","22,2","22,2","22,3","22,6","22,11","22,15","22,20","22,24","23,27","24,31","24,34","24,34","21,35","21,35","21,39","21,42","20,43","16,44","16,44","15,42","14,39","14,36","14,36","14,35"],"rotationY":[0.0,0.0,0.0,301.67236328125,344.5565185546875,4.542301177978516,2.072209119796753,359.0745544433594,359.0745544433594,359.0745544433594,16.817941665649415,9.86284065246582,2.284830093383789,301.37481689453127,293.8294982910156,352.61932373046877,0.5885197520256043,341.5779113769531,302.4806823730469,288.5687255859375,231.56993103027345,201.49798583984376,182.1297149658203,161.29034423828126,135.98487854003907,178.7803955078125],"time":30.23046875,"mapName":"open1.map","timeDecision":0.0,"timeScan":0.0,"penalty_cost":0.0,"alpha":0.0,"beta":1.0000001192092896,"delta":60,"ip":"","os":"Windows 10  (10.0.0) 64bit"}