{"position":["22,2","22,2","22,2","22,2","22,3","22,6","22,10","21,11","18,12","16,13","15,16","13,20","12,22","12,22","13,24"],"rotationY":[0.0,0.0,0.0,301.5223083496094,345.0520935058594,4.074698448181152,349.81427001953127,311.1623229980469,288.13525390625,317.9767761230469,340.28692626953127,341.248046875,312.4067687988281,343.54925537109377,13.303024291992188],"time":19.15625,"mapName":"open1.map","timeDecision":0.0,"timeScan":0.0,"penalty_cost":0.0,"alpha":0.5,"beta":0.7000000476837158,"delta":180,"ip":"","os":"Windows 10  (10.0.0) 64bit"}