{"position":["22,2","22,2","22,2","22,2","22,3","22,6","22,10","21,13","21,13","17,13","16,13","15,15","13,15","9,14","5,12","3,12","3,12","3,12","2,16","2,20","3,22","3,22","6,23","7,23","7,23","10,23","12,23","12,23","13,24"],"rotationY":[0.0,0.0,0.0,302.0142517089844,344.3964538574219,5.495928764343262,354.2588195800781,334.6294250488281,274.2574157714844,272.031982421875,324.14111328125,299.4944763183594,259.5913391113281,253.6273193359375,251.64901733398438,255.74853515625,281.478271484375,341.54144287109377,347.4334716796875,0.32657569646835329,25.25800895690918,85.4705581665039,76.67729949951172,24.117958068847658,71.49347686767578,87.1636734008789,124.03207397460938,77.05105590820313,33.06834411621094],"time":33.21875,"mapName":"open1.map","timeDecision":0.0,"timeScan":0.0,"penalty_cost":0.0,"alpha":0.30000001192092898,"beta":0.20000000298023225,"delta":180,"ip":"","os":"Windows 10  (10.0.0) 64bit"}