{"position":["22,2","22,2","22,2","22,2","22,3","21,7","21,10","20,12","18,13","15,13","15,13","14,13","10,13","5,13","4,13","3,16","2,19","2,21","4,22","6,22","6,22","7,25","7,29","7,33","7,34","7,34","7,34","10,35","13,35","16,35","20,35","20,35","21,39","21,42","21,45","21,45","18,44","15,44","15,43","14,39","13,36","13,36","13,35","13,35","14,32"],"rotationY":[0.0,0.0,0.0,301.68096923828127,344.2020568847656,355.80902099609377,339.438720703125,309.1742858886719,281.38787841796877,306.4851989746094,319.7434997558594,270.00909423828127,270.00909423828127,270.00909423828127,317.7226867675781,341.50726318359377,359.39923095703127,30.077787399291993,59.95273208618164,90.0836410522461,31.72254753112793,9.196028709411621,359.7523498535156,358.75836181640627,307.99658203125,349.0928649902344,49.17448425292969,73.47419738769531,90.29826354980469,90.32099914550781,82.08686065673828,21.723119735717775,10.390155792236329,0.05656064301729202,333.19293212890627,272.1954345703125,259.62115478515627,245.713134765625,197.105712890625,187.953857421875,205.28973388671876,173.7256622314453,214.44174194335938,182.33543395996095,172.79574584960938],"time":49.3515625,"mapName":"open1.map","timeDecision":0.0,"timeScan":0.0,"penalty_cost":0.0,"alpha":0.30000001192092898,"beta":0.8000000715255737,"delta":60,"ip":"","os":"Windows 10  (10.0.0) 64bit"}