{"logPart":0,"testID":"18031821103561","mapInfo":{"name":"arena_SUD3","height":45.0,"width":45.0,"tileSize":4.409999847412109,"flip":false},"gameInfo":{"experiment":"SP Positioning","scene":"SP Experiment - Target Hunt - Factory","duration":180},"targetStatisticsLogs":[{"timestamp":150.74,"playerInitialX":39.0,"playerInitialY":34.0,"playerX":4.09,"playerY":10.18,"targetX":5.0,"targetY":5.0,"coveredTileDistance":259.9959716796875,"time":150.7379913330078,"speed":1.7248204946517945},{"timestamp":174.99,"playerInitialX":8.01,"playerInitialY":6.38,"playerX":22.22,"playerY":39.07,"targetX":19.0,"targetY":39.0,"coveredTileDistance":81.77000427246094,"time":24.24700927734375,"speed":3.3723747730255129},{"timestamp":183.6,"playerInitialX":19.64,"playerInitialY":32.98,"playerX":25.26,"playerY":29.64,"targetX":39.0,"targetY":34.0,"coveredTileDistance":17.422386169433595,"time":8.615997314453125,"speed":2.02209734916687}],"finalStatistics":{"totalShots":282,"totalHits":12,"accuracy":0.042553190141916278,"coveredDistance":359.18841552734377,"mediumKillTime":60.0,"mediumKillDistance":119.7294692993164}}