{"position":["21,43","21,43","21,43","21,43","22,43","25,43","26,43","27,43","30,43","33,43","34,43","35,43"],"rotationY":[0.0,0.0,0.0,60.04549789428711,106.08501434326172,93.04688262939453,42.35499572753906,87.01309204101563,107.10933685302735,92.7050552368164,46.9505729675293,87.50428771972656],"time":0.0,"mapName":"uffici1.map","timeDecision":0.0,"timeScan":0.0,"penalty_cost":0.0,"alpha":0.5,"beta":0.6000000238418579,"delta":60,"ip":"","os":""}