{"position":["21,43","21,43","21,43","21,43","22,43","26,43","26,43","26,43","26,43","22,43","22,43","21,39","21,39","20,39","20,38","21,34","21,34","20,34","20,33"],"rotationY":[0.0,0.0,0.0,60.33061218261719,104.16136169433594,93.14386749267578,151.12335205078126,211.33395385742188,270.5887756347656,259.6221008300781,199.27464294433595,191.77316284179688,252.31100463867188,215.50267028808595,167.8721923828125,176.22933959960938,236.46205139160157,235.7291717529297,183.1457061767578],"time":0.0,"mapName":"uffici1.map","timeDecision":0.0,"timeScan":0.0,"penalty_cost":0.0,"alpha":0.4000000059604645,"beta":0.7000000476837158,"delta":180,"ip":"","os":""}