{"position":["21,43","21,43","21,43","21,43","22,43","25,43","26,43","27,43","30,43","33,43","34,43","36,43","38,43","41,43","42,43","42,43","42,43","43,40","43,39","45,39","46,39","46,39","46,39","45,39","44,39","43,36","42,35","42,31","42,31","44,31","46,31","48,31","48,31","48,31","48,31","48,31","47,31","45,31","44,29","42,26","42,25","42,25","44,25","46,25","46,25","46,26","46,26","49,25","50,25","51,22","51,21","51,21","51,21","50,23","48,23","48,22","47,21","47,21","46,23","44,23","44,23","44,21","43,19","41,17","41,16","41,14","41,13","42,9","42,9","46,9","46,9","46,10","47,10","50,10","50,10","50,9","49,9","45,9","44,9","44,9","44,9","43,9","42,6","42,4","43,3","44,3","45,4","48,3","49,3","49,3","49,3","46,3","43,3"],"rotationY":[0.0,0.0,0.0,60.726993560791019,104.88875579833985,92.34114837646485,47.58604431152344,88.00715637207031,109.73835754394531,91.92868041992188,50.21748733520508,87.70149993896485,110.59398651123047,92.66583251953125,52.587127685546878,112.97887420654297,173.02279663085938,160.37286376953126,111.39494323730469,79.9166488647461,97.79869842529297,158.59815979003907,218.8196563720703,268.3936767578125,227.93951416015626,209.62998962402345,177.61817932128907,186.70358276367188,126.15245819091797,89.12828063964844,72.03599548339844,100.9273910522461,100.9273910522461,104.9148941040039,165.0998077392578,225.21749877929688,276.6572265625,242.79534912109376,210.8851318359375,222.8871612548828,175.0238800048828,114.99869537353516,86.1755599975586,117.2389144897461,56.973480224609378,15.502861022949219,75.98157501220703,101.4495849609375,143.4837188720703,165.13082885742188,208.96018981933595,269.0484313964844,327.6558837890625,293.7138366699219,257.318115234375,211.0056915283203,254.49581909179688,314.8026428222656,311.0887756347656,274.9059753417969,214.03912353515626,184.17822265625,218.1511688232422,239.4501495361328,189.8582305908203,156.20335388183595,169.0288543701172,162.07095336914063,101.28311920166016,89.99036407470703,33.33027267456055,40.03714370727539,86.79808807373047,110.68573760986328,168.0705108642578,218.27618408203126,264.83624267578127,271.06304931640627,320.97967529296877,315.7259521484375,255.5842742919922,207.66949462890626,195.56619262695313,157.55911254882813,114.48492431640625,64.014892578125,103.81700134277344,97.03386688232422,48.14400100708008,347.21514892578127,286.53192138671877,269.4858703613281,295.75750732421877],"time":0.0,"mapName":"uffici1.map","timeDecision":0.0,"timeScan":0.0,"penalty_cost":0.0,"alpha":0.9000000953674316,"beta":0.10000000149011612,"delta":180,"ip":"","os":""}