{"position":["21,43","21,43","21,43","21,43","22,43","26,43","26,43","26,43","26,43","22,43","22,43","21,39","21,39","20,39","20,37","20,35","19,35","19,35","20,33","20,32","20,31","20,31","20,31","20,32","20,32","20,32","20,31","20,27","20,27","21,27","21,27","21,27","20,27","20,27","20,23","20,23","19,23","19,22","21,19"],"rotationY":[0.0,0.0,0.0,60.77500915527344,105.75904083251953,93.09339904785156,147.9795684814453,208.6426239013672,268.6961364746094,264.2501220703125,204.2003173828125,196.85189819335938,255.02296447753907,218.9671630859375,182.80935668945313,217.68524169921876,265.0635986328125,205.04598999023438,165.26364135742188,124.3148422241211,168.3197784423828,108.10132598876953,47.157798767089847,357.98406982421877,297.63580322265627,237.5460968017578,188.2547149658203,179.80145263671876,121.03366088867188,121.59427642822266,181.73641967773438,242.61941528320313,245.5155792236328,184.81692504882813,190.32675170898438,250.5294647216797,209.4735565185547,155.09481811523438,153.06045532226563],"time":0.0,"mapName":"uffici1.map","timeDecision":0.0,"timeScan":0.0,"penalty_cost":0.0,"alpha":0.5,"beta":0.6000000238418579,"delta":180,"ip":"","os":""}