{"position":["21,43","21,43","21,43","21,43","22,43","26,43","26,43","26,43","26,43","22,43","22,43","21,39","21,38","20,36","20,35","19,35","19,35","20,31","20,31","21,31","21,31","21,31","20,31","20,30","20,27","20,24","20,23","20,23","20,23","20,27","20,27","20,27","20,27","20,22","20,18","20,15","20,15","21,15","21,15","21,15","20,15","20,15","20,11","20,11","19,11","19,11","19,11","21,8","21,7","22,7","23,6","23,6","23,5","22,2","22,1","22,1","19,2","16,2","16,2","16,2","17,2","22,2","26,2","29,2","29,2","29,2","27,2","27,2","27,5","27,5","29,5","29,5","29,6","29,6","29,6","29,5","29,5","30,6","30,7","30,10","30,10","26,11","26,11","26,11","27,7","27,4","27,3","29,3","33,2","36,2","36,2","36,1","36,1","36,1","37,4","37,5","37,5"],"rotationY":[0.0,0.0,0.0,60.925880432128909,105.07022094726563,92.99381256103516,149.8363800048828,210.17129516601563,270.4160461425781,259.4820861816406,197.9840850830078,194.00994873046876,155.99134826660157,194.5452423095703,236.3401641845703,233.19583129882813,172.46783447265626,170.91006469726563,110.15596008300781,140.6877899169922,201.55035400390626,261.814453125,227.0601348876953,183.5982666015625,156.250244140625,176.91671752929688,225.11863708496095,285.14544677734377,345.8456726074219,356.92864990234377,299.1678161621094,238.66583251953126,179.89581298828126,179.89581298828126,177.90805053710938,193.50364685058595,132.87411499023438,117.43807983398438,178.17726135253907,238.6923828125,249.86366271972657,189.41885375976563,188.13905334472657,248.61309814453126,264.43548583984377,204.3380889892578,145.35841369628907,161.23849487304688,174.8124542236328,122.9435043334961,82.82760620117188,143.53713989257813,192.46595764160157,213.3572540283203,202.7010955810547,263.5762939453125,281.179443359375,255.9013671875,195.62306213378907,135.041015625,89.44930267333985,89.44930267333985,89.45675659179688,112.31871032714844,172.44480895996095,232.87884521484376,269.977783203125,330.04150390625,355.9226989746094,51.08856964111328,90.09519958496094,33.46308135986328,31.459117889404298,91.51824188232422,151.5202178955078,158.60189819335938,97.75092315673828,51.863739013671878,0.7406663298606873,344.2402648925781,284.1428527832031,284.44598388671877,226.73342895507813,166.05186462402345,165.64788818359376,180.53662109375,129.83270263671876,101.1153335571289,95.14570617675781,74.69434356689453,135.228271484375,151.8244171142578,90.86634826660156,30.762514114379884,9.84608268737793,321.8008728027344,316.4996337890625],"time":0.0,"mapName":"uffici1.map","timeDecision":0.0,"timeScan":0.0,"penalty_cost":0.0,"alpha":0.20000000298023225,"beta":0.9000000953674316,"delta":180,"ip":"","os":""}