{"position":["10,28","10,28","10,28","10,28","10,28","10,28","10,28","10,28","10,28","10,28","10,28","10,28","10,28","9,29","9,30","8,30","8,31","8,31","8,31","8,31","8,31","9,31","10,30","10,30","11,30","11,30","11,30","11,30","11,30","11,30","11,30","11,30","11,30","11,30","11,30","11,30","11,30","11,30","11,29","12,29","12,28","13,27","13,26","14,25","14,25","15,24","15,23","15,23","15,23","15,23","15,23","15,23","15,23","15,23","15,23","15,23","15,23","16,23","17,23","18,23","19,23","20,23","21,23","22,23","23,23","23,23","23,23","23,23","23,23","23,23","23,23","22,23","21,23","20,23","19,23","19,23","19,23","19,23","19,23","19,23","19,23","19,23","19,23","19,23","19,22","19,21","19,20","19,20","19,20","19,20","19,20","19,20","19,20","19,20","19,20","19,20","19,20","19,20","19,20","19,19","19,18","19,17","19,16","19,16","19,16","19,16","19,16","19,16","19,16","19,16","19,16","19,16","20,16","20,16","20,16","20,16","20,15","20,14","20,13","20,12","20,12","20,12","20,12","19,12","19,12","18,12","18,12","18,12","18,13","18,13","18,14","18,15","18,16","18,17","18,18","18,19","18,19","18,19","18,19","19,19","19,19","19,19","19,19","19,19","19,19","19,19","19,19","19,19","19,19","19,20","19,21","19,22","19,22","19,22","19,22","19,22","19,22","19,22","19,22","19,22","19,22","19,22","19,22","19,22","19,23","19,23","19,23","20,23","20,23","21,23","22,23","22,23","22,23","22,23","22,23","22,23","22,23","22,23","22,23","22,23","22,24","22,24","22,24","23,24","23,24","24,24","25,24","26,24","27,24","28,24","28,24","29,24","30,24","31,24","32,24","33,24","33,24","33,24","33,24","33,24","32,23","32,22","31,22","31,21","30,20","30,19"],"rotationY":0.9624590873718262,"time":209.26251220703126}